P01730	P01730	1
P15172	Q08999	1
P31314	Q15172	1
P15172	P15172	1
P10415	P10415	1
P01350	P32239	1
Q15349	P43405	1
P42574	P09874	1
Q16514	Q16514	1
P08047	Q00403	1
P25490	Q00403	1
P49848	P04637	1
P06400	P29374	1
P06127	Q00839	1
P06239	P06127	1
P25445	P25445	1
P51617	P14778	1
P13747	P27797	1
Q12874	P09661	1
Q12965	P22681	1
P04899	P81274	1
P29353	P08069	1
P29353	P06213	1
P14598	P19878	1
P31946	P30305	1
Q14451	Q06124	1
P05067	P05067	1
P10415	Q07820	1
P19438	P19438	1
P19438	Q13158	1
P11831	P35269	1
P63211	P16520	1
P17301	P05556	1
P06400	Q14186	1
Q14188	P06400	1
P15924	P05787	1
P12931	P20248	1
P24385	P12931	1
P24385	P61024	1
P24385	P06493	1
P27824	P11166	1
P27797	P11166	1
P27037	P27037	1
Q04771	P27037	1
P27037	P36896	1
P17252	P24588	1
P31323	P31323	1
P05113	P32927	1
P19838	P19838	1
P63211	P62873	1
P18074	Q13889	1
Q13888	Q13889	1
P28715	P19447	1
Q13888	P28715	1
P05067	P02766	1
P28827	P12830	1
P67870	P67870	1
P19174	Q00839	1
P12830	P35222	1
P10809	P15104	1
P35869	P07900	1
P07900	P04150	1
P07900	P07900	1
P34932	Q04864	1
P34932	Q04206	1
P25963	P34932	1
P19388	Q00403	1
P15923	P09874	1
P15923	P19338	1
P43351	P63279	1
P07900	P11802	1
P09769	P07900	1
P07900	P06239	1
P07900	Q15185	1
P10809	P07900	1
P12931	P07900	1
P15924	P05783	1
P40189	P40189	1
P25325	P10809	1
P34932	P19838	1
Q03405	P07948	1
P09769	Q03405	1
P19793	Q07869	1
P06493	P61024	1
Q00526	P61024	1
P13861	P13861	1
P11137	P13861	1
P13861	P24588	1
P05412	P28482	1
P01100	P18848	1
P30305	P01112	1
P00533	P29353	1
P05067	P01023	1
P21926	P16070	1
P21926	P18827	1
P29323	P29323	1
P18848	P15407	1
Q9Y618	P41182	1
P41182	Q15916	1
Q9Y618	Q15916	1
Q9Y618	Q05516	1
P19525	P19525	1
P01375	P01375	1
P01374	P01374	1
P01375	P36941	1
P01374	P01375	1
P28908	P32971	1
P02787	P02786	1
P10415	Q99933	1
P40189	P20809	1
P20809	Q14626	1
P22607	P09038	1
P11362	P09038	1
P09038	P22455	1
P11362	P05230	1
P01127	P01127	1
P49763	P49763	1
P32302	O15467	1
Q99062	P04141	1
Q13873	P12644	1
O15467	P41597	1
Q13873	Q13873	1
P32246	P22362	1
P41597	P80098	1
P41597	P80075	1
Q9Y4X3	P46092	1
P32302	P10147	1
P02778	P49682	1
P13501	P32302	1
P06401	Q13105	1
Q99616	P49682	1
P80098	P49682	1
P41597	Q99616	1
P13236	P32302	1
P37173	P37173	1
P27037	P12643	1
P36894	P36894	1
P12644	P12644	1
Q13105	P03372	1
Q99728	P38398	1
P10275	Q99933	1
Q12888	P04150	1
P17301	Q14192	1
Q14192	Q13683	1
P45973	P23497	1
P10275	P35269	1
P10276	Q15596	1
Q99665	P29459	1
P29460	P29460	1
P17181	P32881	1
P48551	P01562	1
Q04756	P08581	1
Q04912	P26927	1
P19793	P19793	1
P13501	P49682	1
Q13105	Q92731	1
P42701	P29459	1
P49765	P49765	1
Q05086	P03372	1
P04150	Q05086	1
P49458	P37108	1
Q00403	P35269	1
P28067	P28068	1
Q16663	P32246	1
P49771	P49771	1
P51677	P02778	1
P17813	P37023	1
Q12931	P19438	1
Q16663	P51677	1
P38398	P38398	1
Q99728	Q99728	1
P16070	P16070	1
Q13547	Q08999	1
P30304	O14757	1
O14757	P30305	1
P30307	O14757	1
Q13547	Q16254	1
P27694	P43351	1
P43351	P15927	1
P35244	P43351	1
Q06609	P43351	1
P15927	Q13315	1
O15151	O15151	1
Q9Y6B7	O60566	1
P12004	P20248	1
P12004	P12004	1
P09874	P04637	1
Q00535	Q00535	1
P43351	P43351	1
Q01094	Q8N726	1
P04637	Q8N726	1
P22674	P15927	1
O00255	P27694	1
O00255	P35244	1
O00255	Q04206	1
P22674	P12004	1
P19447	P43351	1
P18074	P43351	1
Q01094	Q92547	1
Q92547	P38398	1
Q92547	Q99638	1
Q92547	Q07864	1
P04637	P04637	1
Q08999	Q99708	1
P38398	O43679	1
Q13363	O43679	1
Q9HCU9	P35232	1
P23025	P15407	1
P12956	P15927	1
P49459	Q8N726	1
Q15648	Q15648	1
Q13547	Q01094	1
Q8N726	Q9NXV6	1
Q04206	P25963	1
P61970	P61970	1
Q8NFZ5	P19838	1
P46013	Q9BYG3	1
P83916	P46013	1
O75592	P01106	1
O75529	Q92830	1
O75486	Q92830	1
Q92830	Q16594	1
Q92830	P01106	1
P01106	Q16594	1
Q15393	P01106	1
Q16514	P01106	1
Q9Y230	P01106	1
Q9UBU8	Q9UBU8	1
Q9UBU8	Q96HT8	1
P09622	O00330	1
O75146	O75146	1
P53999	P53999	1
P04637	Q93009	1
P61077	Q96BH1	1
Q14671	Q9UFF9	1
Q04637	Q04637	1
Q5T4W7	Q5T4W7	1
Q5T4W7	O60609	1
P30101	P30101	1
Q7L804	Q7L804	1
Q9UNQ0	Q9UNQ0	1
Q9UKV8	P26196	1
Q9Y6X3	Q6KC79	1
O60216	Q9UQE7	1
P46063	P46063	1
P43490	P43490	1
Q9NVP2	P54198	1
P33176	P33176	1
Q00722	P63000	1
Q8WYQ5	Q8WYQ5	1
P51795	P51795	1
Q99259	Q99259	1
Q05329	Q05329	1
P35968	P35968	1
Q9UKG1	Q9UKG1	1
Q92973	P52272	1
Q9UL25	Q9UJ41	1
P01308	P01308	1
O75376	Q99081	1
O15355	P08621	1
O15355	P61247	1
P09012	O15355	1
Q96I25	Q15637	1
O75533	Q96I25	1
Q9BSI4	P54274	1
Q9BXM7	Q12931	1
P51800	P51800	1
P06400	P43686	1
Q9Y2Z4	Q9Y2Z4	1
Q0JRZ9	Q0JRZ9	1
P23381	P23381	1
Q15118	Q15118	1
Q06787	Q06787	1
Q8WTT0	P30273	1
Q99683	Q99683	1
Q9GZM8	Q9GZM8	1
Q8WUF5	Q8WUF5	1
Q8WUF5	Q9H3D4	1
P11172	P11172	1
P10515	P10515	1
P29972	P29972	1
P02647	P02647	1
Q9UPQ9	Q9UKV8	1
Q9UHB6	P35221	1
Q9UHB6	P12830	1
Q9Y4D1	Q9Y4D1	1
Q16760	Q16760	1
Q15303	Q15303	1
O15455	O15455	1
P04275	P04275	1
P99999	P16435	1
P60709	P60709	1
Q9Y5N6	P17096	1
Q13416	P17096	1
P17096	Q13415	1
O43913	Q9Y5N6	1
P00734	P25116	1
Q14643	P31749	1
Q15796	O15111	1
O15111	P84022	1
P08236	P08236	1
Q15046	Q15046	1
Q01973	P41221	1
P31749	Q9UNE7	1
P31749	P10636	1
Q9UNE7	P10636	1
O95352	Q96EB6	1
Q9H1Y0	Q96EB6	1
Q9GZQ8	Q96EB6	1
P19338	P37198	1
P19338	P22087	1
P00451	P00451	1
Q9Y6K9	Q9Y6K9	1
P07602	P07602	1
Q13547	P23769	1
Q92793	P23769	1
P46934	P05161	1
P26651	Q92841	1
Q92841	Q9NQT5	1
Q92841	Q9NQT4	1
Q96J02	Q15303	1
P31947	Q8WUI4	1
P00734	P05154	1
P47992	P47992	1
Q9UNG2	Q9UNG2	1
Q9Y5U5	Q9Y5U5	1
Q9UNG2	Q9Y5U5	1
P23258	P23258	1
O60563	Q15545	1
Q9Y676	P06400	1
P10997	P10997	1
P01106	Q96L91	1
P00533	P00533	1
Q92585	P46531	1
Q9H444	Q9H3S7	1
O60936	P04637	1
Q99996	P51787	1
P18827	P18827	1
P34741	P34741	1
O75056	O75056	1
P31431	P31431	1
P34741	P18827	1
O75056	P18827	1
P34741	O75056	1
P34741	P31431	1
P31431	O75056	1
Q9UJU2	P49789	1
P49789	P35222	1
P49789	P49789	1
Q8TCY5	Q01718	1
Q8TCY5	Q8TCY5	1
Q05655	Q9Y2R2	1
Q9Y2R2	Q9Y2R2	1
P30307	Q14738	1
Q16236	P10276	1
Q12906	P07910	1
P53618	P61923	1
Q14527	P12004	1
Q15819	Q14527	1
P63146	Q14527	1
P35555	P35555	1
Q05195	P23443	1
Q15418	Q05195	1
Q05195	P31749	1
P08575	P06239	1
Q9NPI6	Q8IU60	1
O75460	O75460	1
Q92769	Q13547	1
P51617	Q99836	1
Q04637	P11940	1
Q9NRR4	Q8WYQ5	1
Q9H9A7	P54132	1
Q07812	Q07812	1
Q9P289	Q9P289	1
Q02156	Q02156	1
P46527	P24864	1
P46531	Q06330	1
Q9BSI4	Q15554	1
Q9NYB0	Q9BSI4	1
O95747	O95747	1
P19878	Q15080	1
P37840	P37840	1
Q9NPI6	P26196	1
Q6P2E9	Q9NPI6	1
Q8IZD4	Q9NPI6	1
O15273	Q8WZ42	1
P35222	Q9NQB0	1
Q5VST9	Q8WZ42	1
P06730	Q04637	1
Q13315	P54274	1
Q8WWW0	Q13188	1
P08559	P11177	1
Q14242	P16109	1
P31749	P31749	1
Q14676	O76064	1
P60484	P60484	1
P08069	P08069	1
P98170	P98170	1
O14920	O14920	1
Q13490	Q13490	1
P09874	Q01094	1
Q9UQE7	Q8WVM7	1
O60341	Q9UKL0	1
P36956	Q96RN5	1
Q9UQE7	Q8N3U4	1
Q96RL1	P38398	1
O00408	O00408	1
P25445	P12931	1
P17542	Q99081	1
Q16637	Q9UHI6	1
P63208	Q9UKB1	1
P78352	Q13224	1
P35269	P13984	1
Q15223	Q96NY8	1
Q9BX63	P38398	1
Q969U6	Q13616	1
O95999	Q9BXL7	1
P32780	Q01831	1
Q12756	Q12756	1
O14744	P62805	1
O60880	Q9BZW8	1
P60953	O60880	1
Q14790	P48023	1
P54727	P35998	1
Q12888	P62805	1
Q8N726	P06748	1
O95347	Q15003	1
Q8IW19	P09874	1
Q8IW19	P13010	1
O75821	Q13347	1
O95747	Q9H4A3	1
P02766	P02766	1
P51587	Q14565	1
P32119	P10599	1
O95931	P35226	1
O14503	P04637	1
P04637	O14980	1
P10276	Q9Y618	1
Q8WUM4	Q53EZ4	1
P56524	P61981	1
O15234	P61326	1
P61964	Q15291	1
Q92466	Q13619	1
Q9UKT4	P30260	1
P06239	P06239	1
O14746	O14746	1
Q9Y6Y9	O00206	1
Q01813	Q01813	1
Q9NWZ3	Q99836	1
Q9NVC6	Q9BTT4	1
Q96FA3	Q9NWZ3	1
Q9BZI7	P38919	1
Q15554	Q96AP0	1
Q13546	P01375	1
Q15628	P01375	1
Q13112	P68431	1
Q13111	P68431	1
Q9UKL0	Q13547	1
Q8N3U4	Q7Z5K2	1
O60216	Q7Z5K2	1
Q8N3U4	Q14683	1
Q14683	Q9NTI5	1
Q29RF7	Q14683	1
Q7Z5K2	Q14683	1
Q9NYB0	Q15554	1
Q04206	P19838	1
O60566	P30260	1
Q15648	Q12772	1
Q96RN5	Q12772	1
P49336	Q12772	1
Q15648	P36956	1
P49336	P36956	1
Q9BTT4	O75448	1
Q9H944	Q9BTT4	1
Q9BTT4	P24863	1
P12830	P35221	1
Q86XK2	Q13616	1
Q86XK2	P63208	1
Q16531	Q13620	1
Q9UJX6	P30260	1
Q13042	P30260	1
O43264	P50748	1
P61769	P61769	1
Q9Y613	P01112	1
Q16576	P62805	1
O60216	Q14674	1
Q14061	O75880	1
Q14061	O43819	1
Q15691	Q96GD4	1
Q9P2R3	P20339	1
P09619	P09619	1
P29466	Q9HC29	1
Q9HC29	P49662	1
Q9C000	Q9HC29	1
Q15382	Q13393	1
Q13393	P51812	1
P17693	P17693	1
P31749	Q86V81	1
Q14765	Q14765	1
Q9Y613	Q9Y613	1
Q13043	Q12778	1
Q76LX8	P00451	1
Q13569	Q13569	1
P42224	P42224	1
Q96D31	Q96D31	1
Q6PL18	P03372	1
Q6PL18	Q9Y6Q9	1
P60763	P19793	1
P07320	P07320	1
O14965	Q9Y297	1
O14965	O14920	1
P03372	P29474	1
O75340	O75340	1
Q9Y5X1	Q9Y5X1	1
Q13882	Q13882	1
O95631	O95185	1
Q14653	Q14653	1
P55064	P55064	1
P21796	P21796	1
Q13227	Q15466	1
Q13547	Q13227	1
Q13547	Q15466	1
Q15466	O15379	1
P78504	P46531	1
Q9UM54	Q9UM54	1
Q9UBC3	Q96KQ7	1
Q8IWE5	P51151	1
Q8TAD8	Q9NRR4	1
P17676	Q9HC16	1
Q92843	Q07812	1
Q7L2H7	P55884	1
P60228	O15371	1
O15372	O00303	1
Q7L2H7	O15372	1
O00303	P55884	1
P55884	O15372	1
P55884	Q9Y262	1
P42262	P42263	1
P46531	Q969H0	1
O95631	Q8IZJ1	1
P34982	P34982	1
P55884	P60228	1
P27352	P27352	1
P84077	P84077	1
P12931	O00560	1
O14965	O15111	1
Q9Y6K9	O14965	1
Q9HC16	P17612	1
Q7Z434	O94817	1
Q9NZ45	Q9NZ45	1
P14210	P14210	1
Q8NBP7	Q8NBP7	1
O94992	O94992	1
Q9H1Y0	Q7Z434	1
Q9H1Y0	O95786	1
P01275	P48546	1
P06276	P06276	1
O14757	Q13535	1
Q13535	Q8WXE1	1
O94817	O95786	1
Q9BYX4	Q9H1Y0	1
O94817	Q9BYX4	1
P51693	P51693	1
O00255	O00255	1
A5YKK6	Q96LI5	1
O94979	P55735	1
Q9UM11	P30260	1
O94992	Q4G0J3	1
P50750	Q4G0J3	1
Q9H0H5	Q9H8V3	1
Q86TM6	O75460	1
Q9H9A5	Q9NZN8	1
O15144	P61160	1
O15144	O15511	1
Q9NZN8	Q92600	1
Q9NZN8	Q9UIV1	1
O15145	O15144	1
O15144	Q92747	1
Q6ZYL4	P32780	1
P60953	Q9GZM8	1
Q9H6P5	Q9H6P5	1
P19387	O94762	1
P54764	O43921	1
P12830	P12830	1
Q9H444	Q9H444	1
O14745	O14745	1
P52564	P52564	1
P61978	P61978	1
Q15554	Q13315	1
P37840	Q99497	1
Q99497	Q99497	1
Q92759	Q6ZYL4	1
P18074	Q92759	1
Q92759	P32780	1
Q13888	Q92759	1
Q6ZYL4	Q13889	1
Q9H8V3	Q02241	1
Q9H0H5	P53350	1
P61326	Q9BZI7	1
P49023	Q9GZM8	1
P06400	P15976	1
P54253	P54253	1
P62314	Q8WXD5	1
P14621	P14621	1
P60953	O15085	1
Q16873	Q16873	1
P13501	P13501	1
O15234	Q9Y5S9	1
O15234	Q9BZI7	1
P18206	Q9GZM8	1
O94762	P24928	1
Q14191	Q06609	1
Q06609	O94761	1
Q9Y5B0	P19387	1
O14744	P19387	1
P35269	P19387	1
Q9BQA1	P19387	1
P19387	P13984	1
Q06609	O94762	1
P30876	O94762	1
P19388	O94762	1
O94762	P62487	1
P36954	O94762	1
P18074	Q6ZYL4	1
O15131	Q9GZX7	1
Q96QV1	Q96QV1	1
P53350	Q71F23	1
Q13322	Q13322	1
P04637	Q13155	1
Q96QC0	Q15554	1
P52298	Q14974	1
P12004	O94762	1
P19387	Q8N201	1
P19387	O00267	1
Q9H0H0	P19387	1
P19387	Q9UL03	1
O43143	P19387	1
P19447	P19387	1
P19387	Q9NVR2	1
Q9NVC6	P19387	1
Q9H3P2	P19387	1
P19387	Q8WX92	1
P32780	P19387	1
Q96CB8	P19387	1
P23193	P19387	1
Q00403	P19387	1
P19387	Q6P2C8	1
P51681	P51681	1
Q99523	Q99523	1
O14744	Q86UQ8	1
O14744	Q9Y6K1	1
Q8NEM0	Q15554	1
Q9GZX7	Q9GZX7	1
Q9GZX7	O14980	1
P52294	Q9GZX7	1
O00505	Q9GZX7	1
Q9Y4K3	Q9Y4K3	1
Q7LBR1	Q7LBR1	1
P01111	Q13322	1
P01111	Q14449	1
P02511	P42574	1
P55210	P55212	1
P55211	P55210	1
P52566	P55210	1
P42574	Q15185	1
Q15185	P55210	1
Q969F2	Q96BH1	1
P19338	Q86UQ8	1
Q9NYB0	Q8NEM0	1
Q9NYB0	Q96QC0	1
Q15554	Q92878	1
Q15554	O60934	1
P49959	Q15554	1
Q92558	Q9NYB9	1
Q92558	Q7L576	1
Q9NYB9	P63000	1
Q8WUW1	P63000	1
Q6NZI2	P00533	1
P00533	P51149	1
Q15910	Q15022	1
Q15910	O75367	1
Q9P0M6	Q15022	1
P32121	P08588	1
Q9UMN6	Q14686	1
Q14686	Q8NEZ4	1
O15550	Q14686	1
O14607	Q14686	1
Q14686	Q6ZW49	1
Q14686	Q15291	1
Q14686	P60709	1
Q14686	P61964	1
Q14686	Q9C005	1
Q15291	P37231	1
P37231	P61964	1
Q99570	Q14457	1
Q9H3D4	Q14457	1
Q9UKV8	Q9HCJ0	1
O15554	Q9NRX4	1
P46939	Q08209	1
Q14997	P62333	1
Q14781	Q71DI3	1
Q14781	P68431	1
P84243	Q14781	1
Q71DI3	O00257	1
Q71DI3	O95503	1
Q71DI3	O95931	1
Q9HC52	Q71DI3	1
P68431	O00257	1
O95503	P68431	1
P68431	O95931	1
P68431	Q9HC52	1
P84243	O00257	1
O95503	P84243	1
P84243	O95931	1
P84243	Q9HC52	1
P35222	P29317	1
Q9BTM9	Q7Z7A3	1
Q14457	Q9P2Y5	1
P62937	P46939	1
P10600	P10600	1
Q8N1L9	P05412	1
Q16625	P24723	1
Q14114	P25054	1
P25054	Q9UNN8	1
Q6P1J9	O95639	1
Q6P1J9	P33240	1
Q9UN81	Q9UN81	1
Q93008	Q07820	1
Q8TAQ2	Q9P2D1	1
Q9P2D1	Q86U86	1
Q8N138	O15269	1
Q13105	Q99684	1
P19387	Q8IXH7	1
P54105	Q86UQ8	1
Q8NHZ8	Q13042	1
Q7KZI7	Q15139	1
Q15910	Q9P0M6	1
Q9P0M6	Q92769	1
P06730	P62753	1
Q7Z7A3	Q2VPK5	1
Q9H171	Q9H171	1
P35222	Q01826	1
Q8TCY5	Q01726	1
Q96RN5	P49336	1
Q7Z4H7	Q9Y580	1
Q01196	P17542	1
Q12824	Q9P2D1	1
P18848	P18847	1
P25101	P32121	1
P12931	P25101	1
P46736	Q96RL1	1
O15431	O15431	1
Q9HC16	Q9HC16	1
Q12888	P53350	1
O00499	Q13936	1
Q16531	Q8TEL6	1
Q16531	Q8WV16	1
Q96JK2	Q16531	1
Q7L7X3	Q7KZI7	1
P33151	P23381	1
Q6P1J9	Q10570	1
Q6PD62	Q6P1J9	1
Q92797	Q6P1J9	1
Q6P1J9	Q8WVC0	1
Q6P1J9	Q9P2I0	1
Q8N7H5	Q6P1J9	1
Q12996	Q6P1J9	1
Q6P1J9	Q6UN15	1
Q6P1J9	Q8NEZ4	1
Q6P1J9	Q15291	1
Q9GZS3	Q6P1J9	1
Q7Z6Z7	Q93008	1
Q9P2D1	Q6STE5	1
Q9P2D1	Q92925	1
Q9P2D1	P09874	1
Q9P2D1	Q92922	1
Q9P2D1	Q96GM5	1
Q9NPI1	Q9P2D1	1
Q9P2D1	Q68CP9	1
P05091	P05091	1
P11940	Q9HCJ0	1
Q8WTS6	P26358	1
Q9Y6N9	Q9H251	1
Q96G30	Q01718	1
Q01726	Q96G30	1
P32245	Q96G30	1
P33032	Q96G30	1
Q8TCY5	P32245	1
Q8TCY5	P33032	1
Q96G30	Q96G30	1
Q96G30	Q8TCY5	1
Q9Y6D5	Q14432	1
Q7Z6A9	Q7Z6A9	1
Q15648	P49336	1
P49336	Q9UHV7	1
Q9Y2X0	P49336	1
P49336	O75448	1
Q9NVC6	P49336	1
P50750	P49336	1
O60885	Q15648	1
Q15648	P24863	1
Q96RN5	Q15648	1
Q9UHV7	Q15648	1
O60885	P49336	1
O60563	P49336	1
O14965	Q9NQS7	1
O95994	Q02817	1
Q7Z4H7	O94927	1
Q99871	Q7Z4H7	1
Q68CZ6	Q7Z4H7	1
Q7Z4H7	Q9BT25	1
Q7Z4H7	Q96CS2	1
Q7Z4H7	Q9NVX0	1
Q7Z4H7	Q8NHV4	1
P38398	Q86YC2	1
P55087	P55087	1
P09913	Q86WV6	1
Q7Z434	Q86WV6	1
Q7Z434	Q9BYX4	1
P09914	Q86WV6	1
P13497	P13497	1
Q86WV6	Q14164	1
P31946	P46937	1
P46527	Q15418	1
P46527	P61586	1
P17542	O60341	1
Q9Y2X0	Q15648	1
O75448	Q15648	1
Q9NVC6	Q15648	1
P10644	Q14432	1
P10644	Q9Y6D5	1
Q7Z4H7	P16989	1
Q86YC2	Q99708	1
Q9BX63	Q86YC2	1
P17542	Q92769	1
Q9UKL0	P17542	1
P17542	Q86U70	1
P81877	P17542	1
Q9BWW4	P17542	1
P17542	O75081	1
P17542	Q14839	1
Q12873	P17542	1
P17542	P06400	1
Q9C0K0	P17542	1
P17542	P12980	1
Q16576	P17542	1
Q9NRW3	Q9NRW3	1
O43505	Q8N3Y3	1
Q06609	Q06609	1
Q12809	Q12809	1
Q9H9E3	Q9H9E3	1
P35869	P35222	1
Q14392	P01137	1
Q86WJ1	P09874	1
P12931	P32121	1
Q16531	Q58WW2	1
O15392	O14965	1
Q86WV6	Q86WV6	1
Q9Y2V7	Q9H9E3	1
P49336	O60244	1
Q14566	O75419	1
Q01668	P35609	1
P35869	Q16531	1
Q16531	P35222	1
P12956	Q86WJ1	1
P13010	Q86WJ1	1
Q86WJ1	P16104	1
Q86WJ1	P35244	1
P84243	Q86WJ1	1
Q86WJ1	P0C0S5	1
O60814	Q86WJ1	1
Q86WJ1	Q7L7L0	1
Q86WJ1	P33778	1
Q9Y5B9	Q86WJ1	1
Q86WJ1	P78527	1
P40967	P40967	1
P53350	Q9NYY3	1
Q96D31	Q13586	1
Q13586	Q9BRQ5	1
Q8NFW9	Q03135	1
Q03135	P13861	1
Q9BT67	P49281	1
Q96PU5	P49281	1
O75419	P49736	1
P49736	Q9BRX5	1
Q14566	Q9BRX5	1
Q9BRT9	O75419	1
Q86WJ1	P15927	1
Q9H0R6	O43716	1
Q16790	Q16790	1
P10275	P07900	1
Q99683	P46734	1
Q9H3D4	Q9H3D4	1
Q13191	Q9BXL7	1
P49116	Q13191	1
P35609	Q9H2S1	1
Q9UGP5	Q9UIF7	1
O95967	P28300	1
Q8WTS6	Q04206	1
Q9BRQ5	Q96D31	1
Q9BW66	Q8WXE1	1
Q13535	Q9BW66	1
Q13586	P48995	1
Q03135	Q13586	1
Q9Y496	O00203	1
Q08499	P32121	1
P32121	Q9Y4K3	1
O14980	Q08211	1
P42345	Q07817	1
P08670	P08670	1
Q03135	O00194	1
Q9UGN5	Q86WJ1	1
Q9Y230	Q9Y230	1
Q13557	Q9UQM7	1
O94817	Q9NT62	1
O15371	Q14152	1
Q14152	O00303	1
Q7L2H7	Q14152	1
Q14152	O15372	1
Q14152	Q9Y262	1
Q14152	P60228	1
Q9NRI5	Q16891	1
Q9HD42	O95630	1
Q96EQ8	Q96LR5	1
Q10589	Q10589	1
P49450	Q8NCD3	1
P62805	O14929	1
P05067	O75509	1
Q16637	Q16637	1
Q13586	Q13586	1
P11308	P10275	1
Q6IAA8	Q9HB90	1
Q13501	O95166	1
Q8N726	Q00987	1
O14920	P04637	1
Q16186	Q9UHD9	1
O15379	O15379	1
P56524	P56524	1
Q92797	Q9P2I0	1
P42768	Q9Y5X1	1
Q07812	O43521	1
P67775	Q5VSL9	1
Q5VSL9	P62714	1
Q9ULQ0	Q9Y6E0	1
Q13547	O94776	1
Q9Y6E0	Q5VSL9	1
Q9BUL8	Q9P289	1
P49450	P06748	1
Q09028	P49450	1
P68431	Q09028	1
P62805	Q9UER7	1
P62805	Q9Y294	1
P53350	Q6PGQ7	1
P62068	Q8TAF3	1
O94782	Q8TAF3	1
Q9H9Q2	Q92905	1
Q92560	Q8IXJ9	1
O15371	O15372	1
O15372	P60228	1
Q504Q3	Q58A45	1
P46937	Q4VCS5	1
O15379	Q9Y618	1
P68431	O14929	1
Q16576	P68431	1
P68431	P62805	1
P62805	P49450	1
P84243	Q9UER7	1
P29353	P62993	1
Q9UJX5	Q9UJX4	1
Q9UJX5	Q9UJX2	1
Q9H1A4	Q9UJX5	1
Q12834	Q9UJX5	1
P30260	Q12834	1
Q9UJX5	Q13042	1
Q8NHZ8	Q9UJX5	1
Q9UJX5	Q96DE5	1
Q9UJX5	P30260	1
O60566	Q9UJX5	1
Q6IAA8	Q5VZM2	1
O94776	Q9UKV8	1
P00740	P01008	1
P16104	Q92878	1
Q00987	Q93009	1
Q9UKV8	Q15910	1
Q9UPY3	O14980	1
O14980	Q9UKV8	1
O14980	Q15910	1
O14980	O94776	1
Q08211	Q9UKV8	1
O60260	Q9BXM7	1
Q9GZV9	P11362	1
Q04206	Q9Y2K7	1
Q04206	Q96L73	1
Q9UKV8	P11388	1
Q9NPI6	Q9NPI6	1
P01594	P01594	1
Q92833	O75530	1
P05771	P10275	1
P00491	P00491	1
Q8TD16	P49792	1
Q92833	Q15022	1
O60494	O60494	1
P68431	P05771	1
O60341	P68431	1
P05771	O60341	1
P05771	Q16512	1
O75197	Q8J025	1
P56704	Q8J025	1
Q8J025	Q8J025	1
Q495M9	Q495M9	1
P50395	P62820	1
Q92478	Q92478	1
P26718	P26718	1
D3W0D1	D3W0D1	1
Q9NZS2	Q9NZS2	1
O00444	Q9H8V3	1
P68431	P06748	1
P08631	Q9HCN6	1
Q06187	Q9HCN6	1
Q9HCN6	Q15811	1
P16070	P16581	1
P16581	P06731	1
P43121	P16581	1
Q9HB63	P43146	1
Q14654	Q01484	1
Q16620	P04150	1
Q9UKV5	Q9UKV5	1
Q15011	Q9UKV5	1
P04637	Q06945	1
Q09472	Q06945	1
Q06945	Q92793	1
Q03518	Q03518	1
P04637	Q9Y297	1
Q7Z434	P61964	1
Q13114	P61964	1
Q9Y4K3	P61964	1
O94916	P19174	1
P08727	P21980	1
P53667	P57058	1
P30153	P57058	1
P57058	P67775	1
P10451	P42574	1
P10451	Q14790	1
Q9BXL7	Q92918	1
P21796	P10415	1
Q13114	Q7Z434	1
Q9Y239	P98170	1
Q9HC29	P98170	1
P02511	P02511	1
P21980	P12931	1
P98170	O43353	1
P02489	P02489	1
Q15910	Q92833	1
O95714	P23025	1
Q09428	Q14654	1
P48995	Q96D31	1
Q9BUR4	Q9BUR4	1
Q9BUR4	Q14974	1
Q9BUR4	Q16637	1
P42081	P10747	1
Q13555	Q13557	1
Q9BUR4	Q9UHI6	1
P35222	P55197	1
P01130	P02749	1
Q92800	Q15022	1
Q15022	O75530	1
Q6ZN18	Q15022	1
Q09028	Q15022	1
Q16576	Q15022	1
Q92769	Q15022	1
Q92800	Q92833	1
Q6ZN18	Q92833	1
Q09028	Q92833	1
Q16576	Q92833	1
Q92833	Q92769	1
Q16512	O60341	1
P49450	P78527	1
P49450	P21333	1
P49450	Q00839	1
P13010	P49450	1
P49450	P15924	1
P49450	P17844	1
Q92841	P49450	1
P49450	P12956	1
Q9Y230	P49450	1
P49450	Q16576	1
Q8NCD3	Q16576	1
Q8NCD3	Q09028	1
Q9Y230	Q8NCD3	1
P06748	Q8NCD3	1
P78527	P68431	1
P12956	P68431	1
P09874	P68431	1
P68431	P13010	1
Q09428	Q01484	1
Q9UQM7	Q9UQM7	1
Q13554	Q13554	1
Q13555	Q13555	1
Q13557	Q13557	1
P15056	P10398	1
P49450	Q8WWI1	1
Q00987	Q00987	1
P02786	P02786	1
P60709	P35609	1
P35222	Q8TEK3	1
P15884	P55197	1
Q8TEK3	P15884	1
Q9UNS2	Q9H9Q2	1
Q16740	Q16740	1
P61077	O95155	1
Q9H9A7	Q96E14	1
O95931	Q9HCE1	1
Q9NZI8	Q9HCE1	1
Q9HC52	Q9HCE1	1
Q9HCE1	P35226	1
P35227	Q9HCE1	1
Q9HCE1	O95503	1
O95786	O95786	1
Q9UHX1	Q96I24	1
Q06609	Q86YC2	1
O60563	P23193	1
P23193	P50750	1
O94992	P23193	1
Q4G0J3	P23193	1
Q13291	Q13291	1
Q9H816	Q15554	1
Q9BUI4	Q9BT43	1
P07900	P04637	1
P01111	P15056	1
Q9H1D9	Q9BUI4	1
O75376	P41182	1
O75376	Q15916	1
P54132	Q96E14	1
Q9BUI4	O15318	1
Q13263	Q12873	1
Q13148	Q13148	1
O14810	P60880	1
O60674	O60674	1
O15394	O15394	1
P30260	Q96FF9	1
O95997	P30260	1
Q15003	Q96GD4	1
Q14766	P01137	1
P01137	P01137	1
P68036	Q9Y4X5	1
Q9H0F6	Q96EP0	1
P55055	Q92828	1
P55055	Q13555	1
P55055	Q9H4L4	1
P28482	Q08752	1
Q7L7L0	P63146	1
P10644	P10644	1
P11362	P11362	1
P62805	Q99873	1
P14222	P14222	1
P00797	P01019	1
O43157	Q92854	1
Q92854	Q92854	1
Q96RD7	P42574	1
Q96RD7	P55210	1
Q53HL2	Q5FBB7	1
Q53HL2	Q562F6	1
Q92797	Q9NP77	1
P05067	A4D1B5	1
P06400	Q9BV86	1
Q9BV86	Q01105	1
Q99700	Q13148	1
P0C0S5	O95347	1
Q9UKV8	Q13541	1
Q12791	Q12791	1
P20591	P20591	1
Q01860	P49711	1
Q99467	O95711	1
Q05193	Q05193	1
Q9BV86	P18754	1
Q9BQB4	O75581	1
Q92843	Q92843	1
Q9NZD2	Q9NZD2	1
P25054	Q07666	1
P49959	P49959	1
P09603	P09603	1
Q8WXD9	Q8WXD9	1
Q8WXD9	O14936	1
Q92466	Q01831	1
Q86XK2	P41182	1
Q9Y3Z3	Q9Y3Z3	1
Q9HCJ0	Q504Q3	1
P07333	P07333	1
P63208	Q6PJ61	1
Q9Y6R1	Q9Y6R1	1
O75874	O75874	1
O60934	P42338	1
P20309	P49798	1
Q99962	Q99962	1
P49418	P49418	1
O15143	O15145	1
P26447	P26447	1
P24385	P30260	1
P24385	P12830	1
O14656	Q5JTV8	1
Q5JTV8	O14657	1
Q5JU69	Q5JTV8	1
Q9UBD6	Q9UBD6	1
Q92736	Q13557	1
Q96EB6	P29474	1
Q9H816	Q9H816	1
O43809	O43809	1
P14174	P14174	1
P04085	P04085	1
Q7Z6Z7	P20393	1
P42345	Q8WUA4	1
Q8N122	Q8WUA4	1
P08581	P08581	1
P35228	Q16186	1
P49643	P15927	1
P04637	Q9NPI1	1
P05107	P20702	1
Q9UBD5	P45973	1
Q16891	Q9GZM8	1
P61158	O15143	1
O75592	P20393	1
P20393	O15379	1
P19174	P25445	1
P15056	P15056	1
P45973	Q13415	1
O75147	Q8WZ42	1
A5YKK6	Q9HCJ0	1
O75581	O75581	1
Q13905	P62834	1
Q9UPX8	Q9UHR4	1
Q9UHR4	Q9BYB0	1
Q9HCJ0	O75175	1
Q08999	Q16254	1
O94986	O00444	1
O94986	Q9HC77	1
O15318	Q9H1D9	1
Q9H1D9	Q9BT43	1
P07900	P43034	1
O00180	O00180	1
P02794	P02786	1
Q8WVJ2	P43034	1
P07900	Q8WVJ2	1
P62805	Q16695	1
Q13085	Q13085	1
O00763	O00763	1
Q8WZ42	Q8WZ42	1
Q8NEV9	Q14213	1
P53350	Q99741	1
P06493	Q99741	1
P53350	P53350	1
P18846	P18846	1
Q9NWX6	Q9NWX6	1
Q9UG22	Q9UG22	1
P35580	P35580	1
Q12929	Q9UHR4	1
Q9UHR4	Q5JU85	1
P04062	P17987	1
P04062	P22681	1
Q9Y468	P49736	1
Q9Y468	P33992	1
P41182	Q13616	1
P63208	P41182	1
Q9HCJ0	Q96LI5	1
Q9HCJ0	Q9H9A5	1
Q9UIV1	Q9HCJ0	1
Q9HCJ0	Q92600	1
Q9NZN8	Q9HCJ0	1
Q9UIV1	Q96LI5	1
O75530	Q6ZN18	1
Q09028	O75530	1
Q9Y468	P25205	1
Q9Y468	Q14566	1
Q9Y468	P33993	1
Q9Y468	O75419	1
P12004	Q9Y468	1
P40259	P40259	1
Q96F15	Q96F15	1
P15531	Q05193	1
Q8WTS6	P40763	1
O60341	P40763	1
Q9H792	Q9H792	1
P48023	P48023	1
P37231	P37231	1
P22455	P50281	1
P01009	P01009	1
P29144	P29144	1
Q92889	Q92889	1
P07333	Q6ZMJ4	1
Q6ZMJ4	Q6ZMJ4	1
P05106	P05106	1
P05556	P06756	1
O00255	Q9UMN6	1
P17535	P53779	1
Q16531	Q9H9F9	1
O15169	O15169	1
O75581	P09619	1
P28845	P28845	1
O75962	O75962	1
P49590	P49590	1
P11362	P55075	1
Q86YC2	Q9UBU8	1
P63208	Q13503	1
P21549	P21549	1
Q9H792	P46108	1
P16070	P13612	1
P05556	P08648	1
P09619	P35968	1
Q13114	O95786	1
Q9Y676	Q7Z7H8	1
Q9BZE1	Q9Y676	1
Q9Y676	P82664	1
P49716	Q8TEX9	1
P01008	P01008	1
P18850	Q9NR31	1
Q12899	P49716	1
P49716	O95071	1
P49716	O14980	1
Q14678	Q7Z4S6	1
Q07021	Q7Z434	1
Q9BXW9	P49716	1
O95140	O95140	1
P49716	Q96R06	1
Q9Y676	Q92552	1
P20711	P20711	1
P16104	Q9UIG0	1
Q9Y6Y9	O95711	1
Q14790	P21580	1
P06213	P06213	1
P32121	P06213	1
P32121	P31751	1
P31749	P32121	1
O14862	O14862	1
P29033	P29033	1
Q04206	P52943	1
Q13563	Q13563	1
P32780	Q13351	1
Q13351	Q92793	1
Q13351	Q09472	1
P61769	P02786	1
Q9H1D9	P05423	1
Q15047	Q9H9B1	1
O43463	Q9H9B1	1
Q96KQ7	Q9H9B1	1
Q15047	Q96KQ7	1
Q96KQ7	O43463	1
Q15047	O43463	1
Q99598	Q9UKV8	1
Q13404	Q96FW1	1
O15164	Q92769	1
P62805	O15164	1
Q13547	O15164	1
O15164	Q9HC52	1
Q9UPN9	Q13263	1
Q8IWA4	O95140	1
Q8TEX9	Q9BXW9	1
Q8WXF7	Q8WXF7	1
O15318	P05423	1
P06241	Q9H5V8	1
Q93009	P60484	1
Q01094	P49336	1
O14965	P53350	1
P42768	P42768	1
Q06830	Q9BYN0	1
Q06830	Q06830	1
Q15797	P17844	1
Q9NRR4	Q15797	1
P17844	Q9NRR4	1
P17844	Q99717	1
Q5VW32	Q9NZZ3	1
Q9BY43	Q5VW32	1
Q9H444	Q5VW32	1
Q96CF2	Q5VW32	1
P06727	P06727	1
P61328	P35498	1
P12081	P12081	1
P55011	P15311	1
Q8N423	Q86XS5	1
O75581	Q9ULT6	1
Q2MKA7	Q9ULT6	1
Q9BXB1	Q9ULT6	1
Q9BWF3	Q99814	1
O60573	Q99814	1
Q03164	P10275	1
P28324	Q9NRC8	1
O15550	Q01860	1
O43474	O15054	1
P48431	O15054	1
Q9NUX5	Q15554	1
Q6PGQ7	O14965	1
Q9NRR4	P84022	1
Q9NRR4	Q99717	1
O60573	Q9BWF3	1
O15550	P10275	1
P10275	Q8IXJ9	1
Q14683	Q96FF9	1
Q9BXW9	Q6NZ36	1
Q00597	Q6NZ36	1
O60318	Q5JVF3	1
O60318	P60896	1
P02533	P02533	1
P30291	Q14207	1
Q15223	Q15223	1
Q9NQS3	Q9NQS3	1
Q96NY8	Q96NY8	1
O14686	P10275	1
Q92692	Q92692	1
O15550	P48431	1
Q9NUX5	Q9NYB0	1
Q2NKJ3	Q9H668	1
Q2NKJ3	Q9NUX5	1
Q9H668	Q9NUX5	1
O76064	P13010	1
O96017	O76064	1
Q6NZ36	O15360	1
P27361	P27361	1
P60896	Q5JVF3	1
O94888	Q13618	1
Q13617	O94888	1
O94888	Q13619	1
Q13620	O94888	1
Q15843	O94888	1
O94888	Q13616	1
Q15596	O00482	1
O00482	Q9UBK2	1
O00482	Q15788	1
O00482	Q9Y618	1
O14931	O14931	1
O14931	Q68D85	1
P21917	P08588	1
Q9UKV3	Q15287	1
Q9HB96	Q6NZ36	1
Q96PU5	P84022	1
O43474	O15550	1
P15151	Q15223	1
Q9NQS3	P15151	1
Q96CA5	Q96CA5	1
Q96CB9	Q7Z6M4	1
P14618	P14618	1
P29474	P69905	1
P69905	P00387	1
P84243	P84243	1
P84243	Q13111	1
Q9UER7	Q71DI3	1
Q71DI3	Q13111	1
Q95460	P61769	1
Q6P2E9	Q9H9G7	1
P62805	P84243	1
P38919	Q16629	1
P19174	P11362	1
Q9NPJ4	Q9NPI6	1
Q8IU60	Q9NPJ4	1
P21589	P21589	1
P68431	Q9UER7	1
O15164	P21333	1
P01100	Q03112	1
Q13572	Q92793	1
Q96EB6	Q13572	1
Q8WXF1	Q8WXF1	1
O00206	O00206	1
Q13336	Q13336	1
Q92973	P35637	1
P15941	Q09472	1
Q96CB9	Q96CB9	1
Q16820	Q16820	1
O14744	O14744	1
A8MYU2	A8MYU2	1
Q9NQ88	P52789	1
P31749	Q16512	1
Q16620	P78352	1
P78352	Q7LC44	1
O95644	Q08209	1
P13765	P06340	1
P35221	P35221	1
Q14457	Q9H4G4	1
P08151	P41743	1
Q03112	P17275	1
Q03112	P25490	1
Q03112	P15408	1
P05412	Q03112	1
O14746	Q96AP0	1
Q9BVA6	Q9BVA6	1
Q9BVA6	P60953	1
Q9BVA6	P63000	1
Q99523	P28799	1
P18827	Q13009	1
Q9C0A0	Q13009	1
P34741	Q13009	1
O75056	Q13009	1
P31431	Q13009	1
Q9P289	Q9Y376	1
Q13546	Q13546	1
Q8NHV1	Q8NHV1	1
Q9UG22	Q8NHV1	1
Q9BSM1	Q6W2J9	1
Q9BSM1	Q5H9F3	1
Q6W2J9	Q3KNV8	1
P35227	P78364	1
Q14152	P41567	1
P47813	Q14152	1
P20839	P20839	1
Q13627	Q13627	1
Q9BUL8	Q9BUL8	1
Q8IUX4	Q8IUX4	1
P35579	P35579	1
O60566	Q8NG31	1
P12757	Q6ZSG1	1
Q6ZSG1	P12755	1
O43541	Q6ZSG1	1
Q9Y4K3	Q9UKE5	1
Q9UKE5	Q9NYJ8	1
Q9UKE5	O14920	1
Q9H0R1	Q2VPB7	1
P52735	Q03135	1
Q03135	P42684	1
Q03135	P19174	1
Q03135	Q8N5H7	1
Q13322	Q03135	1
Q03135	P20936	1
P09874	P46063	1
P26651	A5YKK6	1
P00533	Q9UKV8	1
P01116	O43924	1
O14497	P11388	1
Q3KNV8	Q5H9F3	1
P06730	P11940	1
P11940	Q86U42	1
Q9HD42	O75351	1
Q9UQN3	O75351	1
Q9HD42	Q9UN37	1
Q9UQN3	Q9UN37	1
Q15019	Q15019	1
P40763	P40763	1
Q9Y235	Q9Y235	1
Q8IV04	P16298	1
P28715	P24522	1
P13612	Q8IZP0	1
Q9BTM9	O95396	1
Q9BTM9	Q2VPK5	1
Q8WTS6	Q96EB6	1
Q8WTS6	Q8WTS6	1
Q15013	O60566	1
O00482	P35222	1
Q13950	O15297	1
Q9Y6D9	Q9Y6D9	1
Q6P589	P63000	1
Q6P589	P15153	1
Q13330	Q8N726	1
Q9NPJ1	Q9BXC9	1
Q8IWZ6	Q9BXC9	1
Q8IWZ6	Q8TAM1	1
Q8TAM1	Q3SYG4	1
P84090	P62318	1
P38919	Q9HCG8	1
Q15036	P01112	1
Q8N726	P08047	1
Q13330	P05412	1
Q9BUN5	Q8NFJ9	1
Q9BUN5	Q9BXC9	1
Q9BUN5	Q96RK4	1
Q8N3I7	Q9BUN5	1
Q9BUN5	Q9NPJ1	1
Q9BUN5	Q8TAM2	1
Q8N3Y1	P40227	1
Q8N3Y1	Q9H0W5	1
Q8N3Y1	O75147	1
Q8N3Y1	P84077	1
Q8N3Y1	Q15645	1
P60228	O00303	1
Q7L2H7	P60228	1
Q7L2H7	Q9Y262	1
Q9Y262	O00303	1
O15372	Q9Y262	1
O00303	O15371	1
O15371	Q7L2H7	1
Q06413	Q9H2X6	1
Q9NUS5	Q2VPB7	1
Q9H0R1	Q9NUS5	1
Q13616	Q8N3Y1	1
Q8N3Y1	Q13617	1
Q8N3Y1	Q92526	1
Q99471	Q8N3Y1	1
Q99832	Q8N3Y1	1
P78371	Q8N3Y1	1
P46063	P12956	1
P46063	P13010	1
P46063	Q96QV6	1
P46063	Q99880	1
Q16181	Q15019	1
O14503	Q13547	1
P84090	Q96NY8	1
Q9Y237	P84090	1
P84090	Q9H0U6	1
Q9BTM9	Q96K76	1
Q9BTM9	Q08J23	1
Q9BTM9	Q6P2Q9	1
Q9BTM9	P02790	1
Q9BTM9	O15294	1
Q9BTM9	P02787	1
P80188	Q9BTM9	1
Q9BTM9	Q5VTR2	1
P46060	Q9BTM9	1
Q9UBU9	Q9BTM9	1
Q9BTM9	Q12769	1
Q9BTM9	O95163	1
Q8NC51	Q9BTM9	1
P26196	Q9BTM9	1
P16152	Q9BTM9	1
Q3SYG4	Q8N3I7	1
Q8N3I7	Q8IWZ6	1
Q8N3I7	Q9BXC9	1
Q8N3I7	Q8NFJ9	1
Q96RK4	Q8N3I7	1
Q8TAM2	Q8N3I7	1
Q9NPJ1	Q8IWZ6	1
Q9NPJ1	P17987	1
Q9NPJ1	P48643	1
P78371	Q9NPJ1	1
Q9NPJ1	P50991	1
Q9NPJ1	P50990	1
Q3SYG4	Q8NFJ9	1
Q3SYG4	Q9BXC9	1
Q96RK4	Q3SYG4	1
Q3SYG4	Q8IWZ6	1
P17987	Q8IWZ6	1
P78371	Q8IWZ6	1
P50991	Q8IWZ6	1
Q8NFJ9	Q8IWZ6	1
Q8IWZ6	Q96RK4	1
Q8IWZ6	Q8TAM2	1
Q9NPJ1	Q8TAM1	1
Q9BTM9	P55060	1
Q9BUN5	Q8IWZ6	1
P83916	P23497	1
O15164	O15164	1
P0C0S8	Q99543	1
P62807	Q99543	1
P51531	O14746	1
O43463	Q96EB6	1
Q9BYX4	Q9BYX4	1
P15153	O14939	1
Q7Z2W4	Q9NQT5	1
O95453	Q7Z2W4	1
Q8IU60	Q92841	1
Q8IZH2	Q7Z2W4	1
Q7Z2W4	Q9NPI6	1
Q7Z2W4	Q8IU60	1
P30086	P16050	1
Q9Y6K9	Q9H0F6	1
Q13563	P98161	1
O95822	O95822	1
P21453	Q07108	1
P02741	P02741	1
Q9NY59	O75530	1
Q9NY59	P63244	1
O75530	P63244	1
O15169	Q5VWQ8	1
Q9GZQ8	P25445	1
Q03135	Q9GZQ8	1
Q03135	P25445	1
Q12791	P21731	1
P29350	O94916	1
Q96QF0	P62491	1
Q96QF0	Q8NFJ9	1
Q6PCD5	P04637	1
Q6PCD5	Q00987	1
P10275	Q01534	1
Q9BXL7	P48729	1
P16104	Q99502	1
O00213	P16104	1
O00213	P45983	1
P16104	P45983	1
O14746	P35222	1
Q9NRR4	P04637	1
Q969G6	P19438	1
P63208	P41002	1
P41002	O43303	1
Q9NVF7	P63208	1
P57775	P63208	1
P41002	Q13616	1
Q2I0M4	Q12791	1
Q03164	Q13309	1
Q99543	Q99543	1
P41134	Q99543	1
P50549	Q8NHY2	1
Q14676	O96028	1
Q14676	Q14676	1
Q9Y6K9	Q96EP0	1
P14618	P35222	1
O15379	P14618	1
Q9Y2T1	P35222	1
Q99836	Q99418	1
P19525	Q96P20	1
P19525	Q9C000	1
P19525	Q9NPP4	1
O14862	P19525	1
O14640	Q96EB6	1
Q92997	Q96EB6	1
Q96EB6	P68400	1
P35222	Q96EB6	1
Q96EB6	O14641	1
P01375	O75530	1
Q99418	P06213	1
Q99418	P35568	1
P01375	Q9NY59	1
P63244	P01375	1
P48729	O95999	1
O14920	P48729	1
O14746	Q8TAQ2	1
Q92841	Q9NRR4	1
P19438	P13498	1
P63000	P19438	1
Q9Y5S8	P19438	1
Q969G6	P13498	1
P20248	O43303	1
Q9Y6W5	Q7L576	1
P0C0S8	O75530	1
P0C0S8	Q15910	1
P0C0S8	P35226	1
Q13547	P0C0S8	1
Q9H0F6	O15111	1
O14920	Q9H0F6	1
Q9BY67	Q9BY67	1
P40337	P14866	1
Q12906	P14866	1
Q6NZI2	Q03135	1
O95810	Q03135	1
O95810	Q6NZI2	1
Q6NZI2	Q6NZI2	1
Q969G5	Q6NZI2	1
Q03135	Q969G5	1
P68400	P68400	1
O94762	O94762	1
P54764	P54764	1
Q92841	Q9NPI6	1
Q9Y2G1	Q9Y2G1	1
Q08050	P11388	1
O75531	O75531	1
Q06609	Q14676	1
P14735	P14735	1
P01308	P14735	1
P14735	P10997	1
P01275	P14735	1
Q01860	O95983	1
P48431	O95983	1
O43474	O95983	1
O95983	P01106	1
O95983	Q13547	1
Q9Y4K3	Q9NPH3	1
Q13114	Q9NPH3	1
P26641	Q04695	1
P10912	P10912	1
P19235	P19235	1
O60341	P04637	1
Q92556	O14514	1
Q13131	P24844	1
P31749	P26358	1
Q13227	Q9Y618	1
O75475	Q99708	1
Q9UKV8	Q8NDV7	1
P24588	Q08209	1
Q8TDY2	Q9H1Y0	1
Q676U5	Q8TDY2	1
O43823	P61964	1
Q9C005	O43823	1
Q15468	Q9HC77	1
P49591	P49591	1
P28482	P29353	1
P13674	P13674	1
O15144	Q7Z6K5	1
O00401	O15144	1
Q9Y6W5	P63000	1
P51587	O14980	1
Q06609	O14980	1
Q14676	Q96RL1	1
O75379	Q9UID3	1
O60499	Q9UID3	1
Q8N1B4	Q9UID3	1
Q13188	Q13188	1
Q13188	Q9H8S9	1
P22607	P22607	1
Q9HC77	Q9HC77	1
Q969G5	O95810	1
Q15545	P08047	1
Q15545	P25490	1
Q16619	Q15545	1
Q15545	P22415	1
P43268	Q15545	1
P01375	Q9H0F6	1
P01375	Q96EP0	1
Q92769	P04637	1
Q8IWI9	P41229	1
O75376	P41229	1
P41229	Q96KQ7	1
Q13547	P41229	1
P41229	Q92769	1
P41229	Q14186	1
P41229	O75461	1
Q13185	P41229	1
P41229	Q9Y468	1
Q99708	P16104	1
Q8TDG4	O43502	1
Q9BUZ4	Q9BUZ4	1
Q15154	Q9GZQ8	1
Q9GZQ8	Q9BQS8	1
Q9GZQ8	Q9UPN4	1
P61964	Q9UMN6	1
Q9UMN6	Q15291	1
Q9UMN6	Q9C005	1
Q9UMN6	O75475	1
Q9BQA1	Q9UMN6	1
Q9UMN6	P52597	1
P61964	Q9C005	1
Q12830	Q9C005	1
Q9C005	P28370	1
Q9UGU5	Q9C005	1
Q9C005	O94776	1
Q9C005	Q9UPW6	1
Q8IXM2	Q9C005	1
Q9C005	Q96JM2	1
Q15291	Q9C005	1
Q9C005	Q9P0U4	1
Q9C005	Q09028	1
Q96AJ9	Q9UID3	1
Q15154	O95166	1
Q15154	P60520	1
Q8TDG4	Q13535	1
P27694	Q8TDG4	1
Q8TDG4	O15315	1
Q8TDG4	O43543	1
Q8TDG4	Q9BXW9	1
Q9NVI1	Q8TDG4	1
Q9NRA1	Q9NRA1	1
Q9NRA1	P09619	1
Q9BZS1	P51449	1
P54725	Q16186	1
Q92993	P35637	1
P35637	Q09472	1
P35637	P35637	1
Q01844	Q92993	1
Q92804	Q92993	1
Q09472	Q92804	1
Q01844	Q09472	1
O75581	P22692	1
P04637	P49757	1
Q86UT6	Q7Z434	1
Q99755	Q9H6E5	1
Q96I25	P54253	1
P45973	P45973	1
P45973	Q5FBB7	1
Q5FBB7	P83916	1
Q5FBB7	Q13185	1
Q86WV6	P43308	1
Q86WV6	O95786	1
Q92797	Q9H6E5	1
Q9P2I0	Q9H6E5	1
Q9H6E5	P33240	1
Q86WV6	P60468	1
P60468	P43308	1
Q96T58	Q9Y618	1
Q9BXW4	O75143	1
Q9BSB4	O75143	1
O75143	O95166	1
Q9H492	O75143	1
Q9GZQ8	O75143	1
P27708	P27708	1
Q92793	P62805	1
P62805	O60885	1
Q9NW38	Q9NPD8	1
P38936	Q9UQR0	1
Q9UQR0	P46527	1
P04637	Q6NYC1	1
Q06141	Q06141	1
O15144	Q8TEW0	1
Q12929	Q969U6	1
Q16531	Q969U6	1
Q9UKT4	Q9UM13	1
Q9UKT4	Q9UJX6	1
Q9UJX6	Q16763	1
O00429	Q07817	1
Q5TB80	O15078	1
O75385	O75385	1
Q9UNH7	Q14203	1
Q14683	Q5FBB7	1
Q5FBB7	Q8N3U4	1
Q9Y4K3	O75385	1
O75385	Q9BXW4	1
Q9BXW4	Q8TDY2	1
Q9BSB4	Q9H492	1
O75385	Q9H492	1
Q9H492	Q8TDY2	1
Q9GZQ8	Q9BSB4	1
Q9GZQ8	O75385	1
Q8TDY2	Q9GZQ8	1
Q9UQR0	O96020	1
Q9UQR0	P06493	1
P46527	P06493	1
Q16630	Q6NYC1	1
Q9Y383	Q6NYC1	1
Q15370	Q93034	1
Q7L7L0	Q9Y5B9	1
Q08945	Q7L7L0	1
Q969U6	Q13098	1
Q9BT78	Q969U6	1
Q16763	Q9UJX2	1
Q9UKT4	Q16763	1
Q9UKT4	Q9UJX2	1
Q16763	Q9UM11	1
O75143	O75385	1
O75385	Q8TDY2	1
O75385	P42345	1
Q14203	O95219	1
Q8IX03	O95219	1
Q96FF9	Q5FBB7	1
Q9Y4R8	Q9UK97	1
O43156	Q9UK97	1
Q8NB16	Q8NB16	1
Q15831	O95835	1
Q15831	P26927	1
Q86U44	Q9HCE5	1
P35221	P25963	1
P25789	P25963	1
P35222	P49757	1
Q15046	P08865	1
P56192	O43324	1
Q86U44	Q15007	1
Q9HCE5	Q15007	1
P22736	O60238	1
P22736	P12235	1
O43566	P01112	1
Q9NUV7	O15269	1
Q8NFR3	O15269	1
O15270	Q8NFR3	1
Q8NFR3	Q9NUV7	1
Q12888	Q14686	1
O95760	P29466	1
P38936	Q92466	1
P04637	O15164	1
Q96HS1	Q99683	1
P61081	Q8IWE4	1
Q96GG9	P61081	1
Q6PH85	P61081	1
Q13618	Q13618	1
Q06455	P18583	1
P54132	Q9UQ84	1
P25963	P25098	1
P25963	P34947	1
P03372	P03372	1
Q92731	Q92731	1
Q7Z2W4	Q9NQT4	1
Q96C10	O95786	1
Q9BYX4	Q96C10	1
Q15542	Q15542	1
P62491	O60447	1
O60447	Q15907	1
Q9BSB4	Q9BXW4	1
O95835	Q14160	1
Q14160	P26927	1
Q15831	Q9P0L2	1
Q9P0L2	O95835	1
P26927	Q9P0L2	1
Q14160	Q9P0L2	1
P35221	Q04206	1
P49757	Q9Y297	1
Q5FBB7	Q29RF7	1
Q7Z5K2	Q5FBB7	1
O60216	Q5FBB7	1
Q5FBB7	Q9NTI5	1
Q9Y4R8	Q8N122	1
Q8N122	O43156	1
Q6R327	Q9Y4R8	1
Q6R327	O43156	1
Q9UK97	Q6R327	1
Q9UK97	Q8N122	1
Q9UK97	P42345	1
Q8NEZ4	P04637	1
P04637	Q6ZW49	1
Q15291	P04637	1
P04637	P61964	1
Q12923	Q13501	1
Q8IWE4	Q13618	1
P04637	Q14686	1
Q93034	Q96GG9	1
Q96GG9	Q13616	1
Q13617	Q96GG9	1
Q13618	Q96GG9	1
Q96GG9	Q13619	1
Q13620	Q96GG9	1
Q8IWE4	Q13616	1
Q8IWE4	Q13617	1
Q13616	Q6PH85	1
Q13617	Q6PH85	1
Q13618	Q6PH85	1
Q13619	Q6PH85	1
Q13620	Q6PH85	1
Q6PH85	Q93034	1
Q9BSJ6	O94776	1
Q9BSJ6	Q92769	1
Q9BSJ6	Q13547	1
Q16576	Q9BSJ6	1
Q09028	Q9BSJ6	1
O14920	O95999	1
O95999	Q9Y297	1
O15516	O15516	1
P31749	P20248	1
P31749	Q9BPZ7	1
P20248	P31751	1
Q9Y243	P20248	1
Q9UN37	Q96K21	1
Q96CF2	Q96K21	1
Q9Y3Q4	Q9Y3Q4	1
P22830	P22830	1
O75618	P14635	1
P06493	O75618	1
Q9BWF3	Q96SB4	1
Q9BWF3	Q04637	1
O00716	Q969R5	1
Q15906	O00716	1
O00716	Q9H0E9	1
Q01959	O15354	1
Q8IUF8	P46776	1
Q9H6W3	Q9H6W3	1
Q8IY34	Q8N697	1
Q8IY34	Q9HC29	1
Q9HC29	Q8N697	1
P24928	Q9UPY3	1
P07900	P06401	1
Q9UNN8	P25116	1
P36873	Q9Y6D5	1
P29466	P58753	1
Q12879	P29475	1
P08069	Q92569	1
P09874	Q9HAN9	1
Q13895	Q15303	1
Q12815	Q15303	1
Q01105	Q01105	1
Q9BZS1	Q92993	1
Q9BZS1	Q8WUI4	1
Q9BZS1	Q9UKV0	1
Q9BRQ5	Q13507	1
P25116	P25116	1
P25116	O00254	1
O00254	O00254	1
O75385	P04629	1
Q14498	Q15365	1
O60462	O60462	1
Q9Y239	Q9Y2Z0	1
Q9Y2Z0	Q9NX02	1
Q9Y5U4	Q9Y5U4	1
Q96EQ8	O95786	1
Q96EQ8	Q7Z434	1
Q96EQ8	Q9BYX4	1
P10275	Q07912	1
P41586	P18509	1
Q9HBL8	Q9HBL8	1
Q9HBL8	P00966	1
P60709	P29474	1
P60709	Q03135	1
O14669	P46937	1
Q9H4B6	Q9H4B6	1
Q8WWW0	Q8WWW0	1
Q9BYX4	Q3LXA3	1
Q9BYX4	Q14164	1
P10599	P42574	1
P54646	Q9UBK2	1
P30989	P30989	1
P26232	P35222	1
P06748	P06400	1
P06748	P55854	1
P10636	P10636	1
P41250	P41250	1
P13497	P01236	1
P15056	P46940	1
Q9UIB8	Q9UIB8	1
Q96J02	O75113	1
P06401	P06401	1
Q9HC29	Q9Y2Z0	1
Q96MN2	Q9Y2Z0	1
Q00987	Q7Z6E9	1
Q13043	Q13043	1
O00327	Q92793	1
P42345	P42345	1
O60563	O60885	1
P50750	O60885	1
O60885	P10275	1
Q8IUF8	Q8IUF8	1
P31350	P31350	1
P00533	Q96FE5	1
P11473	Q9UJU2	1
O95140	Q16611	1
P56524	O15379	1
P56524	O75376	1
P31749	Q6ZVD8	1
P10275	P25440	1
P10275	Q15059	1
P11940	Q9BWF3	1
P06730	Q9BWF3	1
Q9BY44	Q9BWF3	1
Q13501	O75385	1
P04198	P08047	1
Q92993	P04198	1
Q13547	P04198	1
Q9H6T3	P07900	1
O43557	O43557	1
P09467	Q99814	1
P28472	P28472	1
Q92830	P11802	1
Q17R98	Q8WXI9	1
Q17R98	Q16576	1
Q14839	Q17R98	1
Q17R98	O94776	1
Q17R98	Q92769	1
Q9Y613	Q8WXH0	1
Q17R98	Q86YP4	1
Q17R98	Q09028	1
Q17R98	Q12873	1
Q13330	Q17R98	1
Q17R98	Q13547	1
Q8IWT0	Q52LJ0	1
P51587	P51587	1
Q9UGM1	Q9UGM1	1
Q13428	O60934	1
P25774	Q16625	1
O15551	P25774	1
P52306	P63000	1
Q15672	P19838	1
Q96IZ0	P08670	1
Q9GZX7	P10644	1
P17612	Q9GZX7	1
Q9UKV5	P04234	1
Q13255	Q13255	1
Q13546	Q9BX69	1
Q9BX69	Q9BX69	1
O60934	O95602	1
Q9H9Y6	O60934	1
P09619	P14778	1
O15446	O60934	1
P10828	P27986	1
P21673	P21673	1
O60356	P06454	1
P62826	O60356	1
O60356	Q15691	1
O60356	Q99547	1
O60356	Q13765	1
P55036	O60356	1
O60356	P67812	1
Q9P2W9	O60356	1
O60356	O60506	1
O60356	P35637	1
Q05193	P29474	1
O60356	Q68DK7	1
O60356	P62945	1
P42226	Q460N5	1
Q02363	Q02363	1
P48061	P51679	1
P46092	P48061	1
O43663	O43663	1
Q9P0L0	O15503	1
O15503	O95292	1
P35354	P35354	1
Q70YC5	Q70YC5	1
Q14192	Q06546	1
Q14192	Q06547	1
P08047	Q14192	1
Q9Y5M8	Q9Y5M8	1
P28482	P09874	1
P27361	P09874	1
P28482	P28482	1
P12931	P78536	1
O15530	P78536	1
P14324	P14324	1
O43929	Q13415	1
Q86XR7	Q02156	1
Q9UBK8	Q99707	1
P29466	O15553	1
Q9NTG7	Q9NUB1	1
Q49AN0	P53041	1
Q99081	Q06455	1
P53350	Q9Y2T1	1
Q8WXF7	Q9UBP0	1
P01106	Q96GN5	1
Q9H244	Q9H244	1
P43356	P04637	1
P43356	O15379	1
P24385	Q16656	1
P54132	P42677	1
P54132	P53350	1
Q15797	Q9GZU7	1
O14595	Q15797	1
Q15797	O15194	1
Q9GZU7	Q15796	1
O15194	Q15796	1
P62258	P62258	1
P27348	P27348	1
Q04917	Q04917	1
P61981	P61981	1
P31946	P31946	1
P31946	P27348	1
P62258	P27348	1
P13726	P55085	1
P07237	P13726	1
P10827	P27986	1
P32121	O60500	1
Q01664	P55040	1
Q9H3D4	Q96J02	1
P55040	Q9Y618	1
P35222	P40337	1
P19838	Q9NWT6	1
Q9NWT6	Q9BZF9	1
Q9NWT6	Q9UK73	1
Q9NWT6	P25963	1
Q9NWT6	Q06547	1
O95271	Q9NWT6	1
Q9NWT6	O14974	1
Q9NWT6	Q8WVL7	1
P58546	Q9NWT6	1
Q9UKL3	Q14207	1
Q8NFG4	Q8TF40	1
P61158	O00401	1
Q96AQ6	P03372	1
Q8N423	P17693	1
O14776	O14776	1
P23771	O15379	1
Q9UQL6	P23771	1
Q92793	Q9UL17	1
Q9UL17	Q09472	1
Q9UL17	P23771	1
Q9UL17	P08047	1
Q96AP0	Q9NYB0	1
Q9NYB0	P54274	1
P54274	Q96AP0	1
Q49AN0	P49674	1
P49674	P53041	1
O15534	P49674	1
Q96J02	P04637	1
Q01664	O15379	1
O15379	P55040	1
Q86X55	Q9Y6Q9	1
Q01094	Q86X55	1
P54619	Q8TF40	1
Q8NFG4	P54619	1
P84085	P62491	1
Q96AQ6	P27986	1
P12931	Q96AQ6	1
P48436	Q13950	1
Q9Y3E7	Q9Y3E7	1
Q9Y3E7	Q9UN37	1
P31323	P17612	1
P07550	P32121	1
P46934	Q9HAU4	1
P30153	P37198	1
P30154	P37198	1
P37198	Q9BPX3	1
Q86YL7	Q9P126	1
Q13418	Q9NWT6	1
Q86YS3	P84085	1
P57078	P05771	1
P57078	Q05655	1
Q99961	P08173	1
Q9NRC8	Q16656	1
O75582	Q9Y4C1	1
Q9Y4C1	P42224	1
Q9NYG8	Q9NYG8	1
P22392	P50570	1
Q8IWT6	Q6NSJ5	1
Q8IWT6	Q8IWT6	1
Q6P9F7	Q8IWT6	1
Q8IWT6	Q8TDW0	1
Q8IWT6	Q7L1W4	1
Q05823	Q05823	1
O95721	O15294	1
Q9BV40	O95721	1
P56962	O95721	1
P15531	P50570	1
Q9BV40	P56962	1
Q9UNS1	Q9BVW5	1
Q9BVW5	Q14566	1
P33993	Q9BVW5	1
Q13503	P15976	1
P15976	A0JLT2	1
P24863	P15976	1
P15976	Q9Y2X0	1
P15976	Q9NVC6	1
P15976	Q9H944	1
P15976	O60244	1
P06213	P26045	1
Q9Y3Q4	Q8IYB4	1
Q5VT06	P35221	1
P62805	Q86UY6	1
Q6IQ20	Q6IQ20	1
P26045	P42566	1
P18031	P42566	1
Q12923	P42566	1
Q14493	Q8IV48	1
P57078	O14641	1
P57078	O75581	1
Q9NR97	Q9NR97	1
P48735	P48735	1
Q6P2Q9	O75643	1
Q13422	Q96SW2	1
Q16531	Q96SW2	1
Q9UKT9	Q96SW2	1
Q13616	P46527	1
Q99962	P13945	1
Q99962	P08913	1
Q99962	P18089	1
Q99962	P08172	1
Q99962	P08173	1
Q99961	P08913	1
Q99962	P35367	1
Q9Y5N1	Q99962	1
Q70E73	Q99962	1
Q70E73	Q99961	1
Q70E73	Q99963	1
Q99961	P13945	1
Q99963	P13945	1
Q99963	P08913	1
P18089	Q99961	1
P08172	Q99961	1
P08173	Q99963	1
Q9Y5N1	Q99961	1
P35367	Q99961	1
P35367	Q99963	1
Q8TDQ0	P13688	1
Q9NTX7	O95271	1
Q13309	Q9UMW8	1
Q13362	P62140	1
Q13362	P36873	1
Q5VZM2	Q8NBW4	1
Q6IAA8	Q8NBW4	1
Q8NBW4	Q0VGL1	1
Q8NBW4	O43504	1
Q8NBW4	Q7L523	1
Q9BUH6	Q9BUH6	1
Q9BUH6	P13010	1
O60337	P41220	1
P57789	P57789	1
Q96SW2	Q13619	1
P30048	P30048	1
P31941	P31941	1
Q9H0D6	Q9NR30	1
Q9NR30	Q4G0J3	1
P50750	Q9NR30	1
Q06609	O75417	1
Q6P988	P51654	1
P56704	Q6P988	1
O00755	Q6P988	1
Q6P988	Q6P988	1
O75762	O75762	1
Q9BQS8	Q9H0B6	1
Q9BQS8	P33176	1
Q5T4F4	P51149	1
P61077	Q13490	1
Q9H0F7	Q8NFJ9	1
Q8TEP8	O00444	1
O00444	O00444	1
O94986	Q66GS9	1
Q96P16	Q96P16	1
Q9NQG5	Q9NQG5	1
Q96P16	Q8IXW5	1
Q9NQG5	Q8IXW5	1
Q96P16	Q9NQG5	1
Q9NQG5	P24928	1
Q96P16	P24928	1
Q99708	Q99708	1
O60306	Q96NB3	1
Q9ULR0	O60306	1
Q9HCS7	O60306	1
Q9UNP9	O60306	1
O60306	O75533	1
Q15459	Q9UNP9	1
Q9UNP9	Q15428	1
Q96NB3	Q15393	1
Q15393	Q9ULR0	1
P09661	Q9ULR0	1
Q9HCS7	P09661	1
Q03164	Q96EB6	1
Q03164	O15516	1
O43255	Q9NRM7	1
O95835	O43255	1
Q76N32	Q9Y297	1
Q9Y297	P53350	1
Q9Y297	O00444	1
Q76N32	P53350	1
Q76N32	Q96SN8	1
Q76N32	O95613	1
P20936	Q9NYB0	1
P46937	O43474	1
Q9ULQ0	P67775	1
P62714	Q9ULQ0	1
Q99759	Q9BSQ5	1
Q9UM47	Q9UM47	1
P01116	P01116	1
Q9NPI6	Q92636	1
Q8IZD4	Q92636	1
Q01105	Q08722	1
Q9H492	Q9H6L5	1
Q9H6L5	Q9GZQ8	1
Q9H0R8	Q9H6L5	1
Q9H6L5	P60520	1
Q9H6L5	O95166	1
Q8NC44	Q9H492	1
Q8NC44	Q9GZQ8	1
Q9H0R8	Q8NC44	1
Q8NC44	O95166	1
Q86VR2	Q9H492	1
Q86VR2	Q9GZQ8	1
Q9H0R8	Q86VR2	1
O95166	Q86VR2	1
Q07021	Q9H6L5	1
Q9H6L5	P62491	1
P61254	Q9H6L5	1
Q9H6L5	O94760	1
Q9H6L5	A1YPR0	1
Q9H6L5	P19367	1
Q12756	Q9H6L5	1
Q96SW2	P48729	1
P21333	P05106	1
P21333	P08514	1
P60866	P36578	1
P46531	Q13315	1
Q6ZVN8	P12643	1
Q6NW40	P12643	1
Q9Y5R6	Q9Y5R6	1
Q13501	P10636	1
O75385	Q8N122	1
Q13501	Q13501	1
P16298	P19484	1
P46937	P62258	1
Q15561	P46937	1
P28347	P46937	1
P46937	Q13131	1
Q13950	P46937	1
Q96JG6	Q9UID3	1
Q96JG6	Q8N1B4	1
Q5VIR6	Q96JG6	1
Q9P1Q0	Q5VIR6	1
Q15672	Q9UN86	1
P29350	Q14012	1
P40763	P32119	1
P40763	P10599	1
Q96B02	P52434	1
Q9UM07	Q9UM07	1
P22736	Q16539	1
P22736	Q04206	1
P22736	Q15831	1
P62807	P62807	1
P45973	Q14191	1
O14777	P33981	1
Q9BZD4	P33981	1
Q9UK61	Q99549	1
Q9UBF8	P62491	1
Q8IXW5	P24928	1
Q92878	Q99708	1
O60832	Q9NR30	1
P22087	Q9NR30	1
O94992	Q9NR30	1
O00444	Q66GS9	1
Q99708	P49959	1
Q99708	O60934	1
Q9BUH6	P12956	1
P12643	Q96B86	1
Q9HB90	Q8NBW4	1
P61421	Q8NBW4	1
P21281	Q8NBW4	1
Q9HB90	Q8N122	1
Q6IAA8	Q7L523	1
Q76N32	Q9UKB1	1
Q76N32	Q13616	1
Q76N32	P63208	1
Q9UM13	Q9UJX5	1
Q9H0U6	P36578	1
P62753	Q9H0U6	1
P46937	Q8IY63	1
P46937	O95835	1
A6NKD9	P46937	1
Q9UID3	O95721	1
Q9UID3	Q9BVG8	1
O95831	Q9UID3	1
Q8NBT2	P33981	1
Q9HBM1	P33981	1
Q99549	Q8NEY8	1
Q02218	O43255	1
O43255	Q9ULD0	1
Q7Z6J0	O43255	1
O43255	Q8TEJ3	1
O95163	Q6IA86	1
Q9H9T3	Q6IA86	1
Q9NYG5	Q9UJX5	1
Q9UJX6	Q9UJX5	1
Q9UJX5	Q9UM11	1
Q9UJX5	Q9UKT4	1
Q9UJX5	Q9UJX3	1
P60866	Q9H0U6	1
P23396	Q9H0U6	1
P62753	P36578	1
P60866	P62753	1
Q13131	O75385	1
Q9Y478	O75385	1
P54619	O75385	1
O75385	Q9BSB4	1
Q04917	P46937	1
Q99594	P46937	1
Q9NRM7	P46937	1
P54619	P46937	1
Q9UID3	Q5VIR6	1
Q9UID3	Q9P1Q0	1
Q9UID3	P02786	1
Q9UID3	P20700	1
Q5VIR6	Q8N1B4	1
Q96JG6	O14662	1
Q96JG6	Q96AJ9	1
O75379	Q96JG6	1
Q96JG6	Q86Y82	1
Q15836	Q96JG6	1
Q9P1Q0	Q8N1B4	1
Q14191	O43463	1
Q14191	P42167	1
Q9UK61	Q15047	1
Q99549	Q15047	1
Q9UK61	Q8NEY8	1
O75154	Q9UBF8	1
P49662	P57764	1
Q9UQ16	Q9UQ16	1
P17844	P51449	1
P20700	Q9GZQ8	1
P20700	Q9H492	1
P20700	Q9BXW4	1
P20700	O95166	1
Q8IYW5	P07305	1
Q8IYW5	Q7L7L0	1
Q8IYW5	Q92522	1
P16403	Q8IYW5	1
Q9NZU0	Q9NZU0	1
Q01831	P19447	1
O75311	O75311	1
O76064	O95714	1
Q9UMS4	O76064	1
O76064	P12270	1
O76064	Q9Y230	1
P20700	Q03252	1
O76064	Q92889	1
Q15116	Q9NZQ7	1
O75417	O75417	1
O75044	O75044	1
P98171	P98171	1
O75044	Q9NQX3	1
O75044	P49750	1
P51784	Q86YC2	1
P29353	P12931	1
Q13501	P50542	1
P35579	Q13464	1
O75460	P11021	1
Q13438	O75460	1
Q9GZQ8	P22681	1
Q9UKV8	P06400	1
Q9H211	O14777	1
P33981	Q8NG31	1
Q9H8V3	P12830	1
P35221	Q9H8V3	1
P35221	Q9H0H5	1
Q9UKE5	Q9P289	1
O60784	Q9UM54	1
Q6ZVM7	Q9UM54	1
Q7Z434	Q96P20	1
Q96MS0	Q99435	1
P31749	Q14457	1
Q14457	P05783	1
P08670	Q14457	1
Q96G28	P36405	1
P36405	Q9NUJ1	1
P36405	O95831	1
P36405	P62829	1
P36405	P31946	1
P36405	P61981	1
Q04917	P36405	1
P27348	P36405	1
P36405	P63104	1
P51587	P51784	1
Q86YC2	Q13618	1
Q00653	P14921	1
Q9UKV8	Q13547	1
Q9H211	Q9BZD4	1
Q9Y5N6	Q9H211	1
P12830	Q9H0H5	1
Q9NYV4	Q6P1J9	1
Q6P1J9	O75909	1
Q6P1J9	O60885	1
P24928	Q6P1J9	1
O60563	Q6P1J9	1
P50750	Q6P1J9	1
Q4G0J3	O60885	1
Q8N7H5	O60563	1
Q6PD62	O60563	1
Q9NYV4	O75909	1
O75909	Q8N7H5	1
O75909	Q6PD62	1
Q8N7H5	P50750	1
P24928	Q9NYV4	1
Q9NYV4	Q8N7H5	1
Q13573	P51151	1
