P14780	DIP-29518N
Q9H3P2	DIP-48478N
Q15750	DIP-27524N
Q9ULR0	DIP-56636N
Q12923	DIP-40449N
Q9HC16	DIP-37519N
P52294	DIP-29296N
Q14626	DIP-3776N
P05455	DIP-29750N
P04637	DIP-368N
P51686	DIP-5884N
P27540	DIP-30886N
Q9UMW8	DIP-42723N
O95613	DIP-33829N
Q16619	DIP-394N
Q8WXD2	DIP-29451N
P53999	DIP-29044N
P07996	DIP-1037N
Q14005	DIP-6006N
Q5VWG9	DIP-38920N
Q01081	DIP-1108N
Q9BZE1	DIP-59718N
P05771	DIP-34187N
Q13489	DIP-33720N
Q4FZB7	DIP-48656N
Q14186	DIP-238N
Q9UQM7	DIP-39705N
Q13114	DIP-6222N
P62306	DIP-31221N
Q7L7X3	DIP-39709N
P35568	DIP-523N
P50570	DIP-31244N
Q9HBA0	DIP-35702N
Q9UNL4	DIP-42222N
Q13098	DIP-42077N
P05141	DIP-33873N
P38919	DIP-33218N
Q9UM54	DIP-33123N
Q4G0J3	DIP-47624N
Q07666	DIP-29007N
P17181	DIP-57N
P15927	DIP-24187N
P51677	DIP-5846N
Q9H4G4	DIP-60127N
P60468	DIP-40997N
Q6NSJ5	DIP-61363N
P52948	DIP-32484N
Q9H1D9	DIP-34646N
P35579	DIP-33103N
Q9HD42	DIP-50647N
O14776	DIP-32504N
P18847	DIP-344N
P18858	DIP-24215N
P01019	DIP-309N
Q9UNE7	DIP-29752N
Q13619	DIP-31610N
Q5FBB7	DIP-36614N
Q99962	DIP-30996N
Q92922	DIP-33044N
Q96PK6	DIP-50126N
Q8NEM0	DIP-39802N
Q9H251	DIP-48786N
Q9H8V3	DIP-47496N
O96017	DIP-24270N
O94813	DIP-38198N
Q9Y4X3	DIP-5872N
P07948	DIP-1056N
Q8IW19	DIP-39136N
Q16552	DIP-6014N
P05161	DIP-29814N
Q14974	DIP-6204N
P63272	DIP-40644N
Q9Y468	DIP-29628N
Q99741	DIP-28154N
Q9NUV7	DIP-60753N
Q96J02	DIP-29849N
Q8N2H9	DIP-31770N
O95831	DIP-32975N
Q8TDQ0	DIP-61459N
Q9NYV4	DIP-39768N
Q9BT25	DIP-48834N
O00267	DIP-29014N
P02741	DIP-39125N
Q9NNX6	DIP-60629N
Q9UGM1	DIP-61053N
O95352	DIP-29759N
Q8N6T7	DIP-47346N
Q9Y6K1	DIP-38004N
P40238	DIP-5730N
P08172	DIP-56282N
Q9UBU9	DIP-31789N
Q15771	DIP-60519N
Q13509	DIP-31505N
O43524	DIP-29723N
Q2VPK5	DIP-48633N
P17987	DIP-33676N
P26010	DIP-34970N
P12931	DIP-1059N
P49798	DIP-59092N
O75460	DIP-31711N
Q9H1A4	DIP-32940N
Q9UID3	DIP-60562N
P06454	DIP-40743N
Q15628	DIP-285N
P17948	DIP-643N
Q9P2D1	DIP-48685N
O95602	DIP-27537N
Q13428	DIP-32953N
P17535	DIP-1053N
Q12802	DIP-180N
Q7LG56	DIP-24264N
Q9P126	DIP-61332N
P51805	DIP-57386N
P55087	DIP-48842N
Q9UKV8	DIP-29194N
P07858	DIP-42785N
Q13485	DIP-31512N
P48059	DIP-40671N
Q9BST9	DIP-31098N
Q9BX63	DIP-41787N
P33151	DIP-41172N
Q9NP77	DIP-53666N
P19387	DIP-32911N
Q7Z392	DIP-48282N
Q9UNP9	DIP-34757N
P59768	DIP-33949N
O60318	DIP-31696N
Q06643	DIP-2996N
P41159	DIP-6116N
Q9NZQ7	DIP-29731N
Q92784	DIP-59245N
P51784	DIP-27567N
Q9Y2T1	DIP-59293N
Q9H334	DIP-36585N
Q9HCJ0	DIP-48569N
Q12962	DIP-297N
P26447	DIP-44938N
O75529	DIP-28147N
P67775	DIP-29395N
D3W0D1	DIP-58610N
P25774	DIP-61077N
Q9Y6Q9	DIP-30876N
P14621	DIP-48449N
Q99665	DIP-6011N
Q68CP9	DIP-33391N
Q12967	DIP-31375N
Q9Y2G4	DIP-39375N
O15273	DIP-35730N
Q15831	DIP-31317N
P23471	DIP-42063N
Q04695	DIP-33093N
Q9UKB1	DIP-27593N
Q00534	DIP-687N
Q96QK1	DIP-29076N
O96000	DIP-38298N
O95715	DIP-61148N
P48061	DIP-391N
P26718	DIP-31100N
P21589	DIP-59992N
P15924	DIP-109N
Q86VN1	DIP-29249N
Q16891	DIP-32517N
Q9BYX4	DIP-42607N
Q9BXH1	DIP-29215N
Q9Y5X1	DIP-30997N
O95136	DIP-60682N
Q2I0M4	DIP-60459N
P28472	DIP-61029N
Q16620	DIP-5720N
Q8IWA4	DIP-50289N
Q01970	DIP-41928N
O75618	DIP-41944N
P52434	DIP-27556N
Q99062	DIP-5788N
P02452	DIP-36077N
P29083	DIP-717N
Q7Z5K2	DIP-31176N
P51693	DIP-30846N
Q10589	DIP-53216N
Q9H0F7	DIP-61535N
Q92747	DIP-33142N
Q70E73	DIP-61336N
P52594	DIP-35546N
P67812	DIP-50359N
P49662	DIP-44806N
P21731	DIP-41465N
O95150	DIP-59562N
Q96T58	DIP-34569N
Q9Y2Z0	DIP-53799N
Q7Z6J0	DIP-31636N
O00213	DIP-30903N
Q9NW38	DIP-43975N
Q08462	DIP-422N
Q13573	DIP-34800N
Q15648	DIP-24212N
P09661	DIP-625N
Q9Y2Y0	DIP-48323N
Q9BWW4	DIP-48897N
Q8IV48	DIP-61409N
Q16763	DIP-52784N
P04406	DIP-32521N
Q6W2J9	DIP-50009N
Q13596	DIP-398N
Q14997	DIP-38203N
Q99543	DIP-60462N
P51878	DIP-40038N
Q8IZP0	DIP-31118N
O43542	DIP-42016N
Q7Z6M4	DIP-49918N
Q16637	DIP-31309N
P32119	DIP-39882N
Q9NPB6	DIP-31312N
P56192	DIP-38164N
Q15287	DIP-32943N
P17612	DIP-33878N
Q86YP4	DIP-36053N
Q9Y478	DIP-39736N
P22004	DIP-5797N
Q15047	DIP-31029N
Q96CB9	DIP-58104N
Q9UQ16	DIP-36244N
Q2VPB7	DIP-60181N
P08887	DIP-162N
P36873	DIP-749N
P04908	DIP-44197N
P06396	DIP-2196N
Q8WWI1	DIP-33107N
P52435	DIP-32913N
P51608	DIP-39983N
P35498	DIP-59851N
Q96RK0	DIP-49964N
Q08334	DIP-6016N
Q92828	DIP-59202N
P19438	DIP-407N
P52701	DIP-32972N
O14503	DIP-36698N
P10145	DIP-3778N
Q9BSM1	DIP-52708N
Q13464	DIP-35645N
O14640	DIP-40773N
P26038	DIP-33841N
P78352	DIP-30919N
P27352	DIP-46206N
Q14012	DIP-41906N
P52298	DIP-33246N
Q9Y618	DIP-951N
P98170	DIP-27626N
Q9Y3Z3	DIP-50704N
P23381	DIP-29493N
Q8IUQ4	DIP-35684N
P43146	DIP-38423N
Q6P2Q9	DIP-29614N
Q9H9A7	DIP-33324N
Q12769	DIP-31262N
O15444	DIP-5883N
Q9BUR4	DIP-56796N
Q9H0E2	DIP-30845N
Q9UKE5	DIP-37562N
P31947	DIP-29861N
Q9UN42	DIP-60961N
Q6R327	DIP-39479N
O95503	DIP-48605N
P20823	DIP-33544N
Q99547	DIP-31131N
P32121	DIP-40089N
Q9UN37	DIP-44585N
Q07820	DIP-231N
Q92560	DIP-47004N
P01116	DIP-33951N
O75821	DIP-31115N
P43351	DIP-333N
O43312	DIP-17022N
P01563	DIP-481N
O15194	DIP-61247N
Q8N122	DIP-39482N
Q13075	DIP-59150N
Q8TEW0	DIP-31315N
Q9HC52	DIP-44566N
Q12756	DIP-42405N
Q9Y5S9	DIP-33070N
Q14653	DIP-41448N
Q9UKT9	DIP-56975N
P48023	DIP-2997N
Q01973	DIP-29734N
P50991	DIP-32971N
O14669	DIP-60947N
O00159	DIP-33109N
Q8NHZ8	DIP-48551N
P62942	DIP-29710N
P13501	DIP-31N
Q8NCD3	DIP-53282N
O43543	DIP-24242N
O75509	DIP-53299N
O75604	DIP-29134N
Q13643	DIP-42030N
Q13416	DIP-29689N
Q92466	DIP-36670N
P25025	DIP-3782N
Q6PL18	DIP-46197N
O43684	DIP-24205N
P99999	DIP-29683N
P13796	DIP-34767N
Q10570	DIP-32694N
Q96GD4	DIP-34530N
O43264	DIP-36471N
P34947	DIP-57457N
P32302	DIP-5834N
O94927	DIP-48831N
P82664	DIP-50902N
Q96EP0	DIP-44034N
Q13177	DIP-38249N
Q96LR5	DIP-52704N
Q58WW2	DIP-44678N
Q15428	DIP-42521N
P15813	DIP-60257N
P62258	DIP-36676N
Q9NT62	DIP-35052N
P60880	DIP-34554N
O43927	DIP-5914N
Q15013	DIP-34492N
P25963	DIP-139N
P61160	DIP-33165N
O15078	DIP-46541N
P31941	DIP-61365N
Q14565	DIP-24192N
O14595	DIP-61245N
O60934	DIP-33605N
P23258	DIP-29890N
P01350	DIP-403N
Q9UGJ1	DIP-50536N
Q14126	DIP-46250N
P42167	DIP-43686N
Q9UBU7	DIP-31205N
P54105	DIP-44185N
P49458	DIP-6151N
P42224	DIP-46140N
Q9Y235	DIP-60263N
Q8NBW4	DIP-61480N
Q6STE5	DIP-33012N
O75475	DIP-46656N
P35658	DIP-38367N
Q7L1W4	DIP-31280N
P07339	DIP-43906N
P40938	DIP-36432N
P05787	DIP-424N
P55899	DIP-6165N
Q01201	DIP-27531N
Q14164	DIP-27530N
Q8IZD4	DIP-31289N
P16403	DIP-36359N
P35070	DIP-5768N
P61019	DIP-316N
Q9NUB1	DIP-61208N
Q9HB96	DIP-32845N
O96028	DIP-57224N
P13498	DIP-37650N
O43665	DIP-50368N
P10515	DIP-29496N
Q9NVX0	DIP-48836N
Q8N1L9	DIP-48662N
P26232	DIP-60979N
Q9NX02	DIP-42460N
P30990	DIP-60978N
Q8WZ42	DIP-33449N
Q9UKV3	DIP-32963N
P61254	DIP-33198N
Q96P16	DIP-50901N
Q96IZ0	DIP-29003N
Q96FW1	DIP-41158N
P29474	DIP-38479N
Q15054	DIP-35772N
Q05823	DIP-61367N
P18031	DIP-38014N
P56962	DIP-47297N
P13765	DIP-60117N
Q8NB16	DIP-41782N
Q9NZU7	DIP-35477N
P02774	DIP-17038N
O75533	DIP-29411N
P62826	DIP-5929N
O15243	DIP-29969N
P15336	DIP-632N
Q96RK4	DIP-46540N
Q29983	DIP-29681N
O00180	DIP-59532N
Q9HAV4	DIP-34547N
P40855	DIP-24172N
Q03518	DIP-35626N
Q9H9Q2	DIP-53525N
Q86X55	DIP-44071N
Q13884	DIP-466N
Q96RU8	DIP-34542N
Q15916	DIP-2653N
Q8WUA4	DIP-38213N
P52799	DIP-46378N
P33240	DIP-36129N
P23025	DIP-24191N
P07550	DIP-33948N
Q9H444	DIP-29924N
Q9P2W9	DIP-37617N
P39905	DIP-59051N
Q13111	DIP-31135N
O94979	DIP-40438N
P58335	DIP-32476N
Q8N3Y3	DIP-48923N
Q16667	DIP-245N
Q9UK80	DIP-31255N
P46108	DIP-199N
P08648	DIP-40037N
Q9H3D4	DIP-29588N
Q9Y258	DIP-5877N
Q86U86	DIP-33045N
Q8WTS6	DIP-29045N
Q9UBF8	DIP-42267N
Q8IY57	DIP-44919N
O60936	DIP-29940N
Q99075	DIP-114N
Q96NA2	DIP-29458N
Q96K21	DIP-60854N
P98082	DIP-45617N
Q8WYQ5	DIP-29261N
Q9NR28	DIP-27627N
Q71DI3	DIP-48606N
P23497	DIP-5983N
P51636	DIP-34929N
Q6IBW4	DIP-43901N
P80098	DIP-5847N
Q9BVA6	DIP-44884N
P60484	DIP-35019N
Q9H944	DIP-31449N
Q86YS3	DIP-47495N
Q99836	DIP-31349N
P52597	DIP-33145N
Q9H4A3	DIP-32648N
Q00597	DIP-32846N
Q8IV04	DIP-60264N
O14965	DIP-33068N
P25686	DIP-29051N
P49023	DIP-33851N
Q15185	DIP-279N
O14964	DIP-29050N
Q16533	DIP-504N
P40967	DIP-48937N
O15551	DIP-61079N
Q92985	DIP-34895N
P50542	DIP-34654N
Q9UJX6	DIP-32957N
P78423	DIP-5878N
P08069	DIP-476N
P47813	DIP-40995N
O75419	DIP-31725N
P32245	DIP-48791N
P55854	DIP-29255N
Q969F2	DIP-38642N
O43924	DIP-36660N
Q8WXI9	DIP-36054N
Q9Y4K3	DIP-27515N
Q71SY5	DIP-31454N
P28715	DIP-750N
Q12830	DIP-38919N
O75689	DIP-41731N
O95721	DIP-56475N
Q9NYJ8	DIP-27525N
O95140	DIP-42832N
P01008	DIP-38009N
P49327	DIP-33681N
P52735	DIP-33088N
Q9BQB4	DIP-59407N
Q8N138	DIP-48687N
Q9NWX6	DIP-59479N
Q68D85	DIP-59940N
O00254	DIP-44337N
Q8TDW0	DIP-61362N
P08581	DIP-6023N
P55210	DIP-29973N
P02788	DIP-41354N
Q92783	DIP-37761N
P22674	DIP-24234N
Q15139	DIP-38481N
Q8WXF1	DIP-39028N
Q6UUV7	DIP-59211N
P01344	DIP-29508N
P27930	DIP-61267N
Q9UM13	DIP-39885N
P29122	DIP-29903N
Q9ULD0	DIP-61552N
Q96HS1	DIP-50735N
Q3SYG4	DIP-60358N
P07237	DIP-32979N
Q96RN5	DIP-32908N
O60499	DIP-60563N
Q99963	DIP-34766N
P61923	DIP-29873N
O14672	DIP-39889N
O43819	DIP-46088N
Q92478	DIP-58612N
O15085	DIP-31622N
O75695	DIP-29024N
Q9UK99	DIP-53688N
P01275	DIP-46470N
P52564	DIP-31346N
P25116	DIP-29703N
Q9UG22	DIP-59483N
Q00535	DIP-24221N
Q8IX03	DIP-35287N
Q8WUF5	DIP-29586N
Q460N5	DIP-61130N
Q9H0H5	DIP-33087N
Q13432	DIP-42697N
Q9H9F9	DIP-34297N
Q8NC44	DIP-56781N
P16220	DIP-765N
P21673	DIP-36801N
Q9NYG5	DIP-52741N
Q9P0M6	DIP-48563N
O75113	DIP-41205N
Q92522	DIP-36358N
Q8TDG4	DIP-60603N
P20340	DIP-39668N
Q92600	DIP-46840N
P09619	DIP-558N
P55197	DIP-37633N
P48551	DIP-945N
Q5T1C6	DIP-60764N
P21580	DIP-33804N
P00813	DIP-371N
O60462	DIP-5745N
O15400	DIP-57384N
Q86UQ8	DIP-48507N
Q9UGP5	DIP-48999N
P61328	DIP-59850N
P54132	DIP-33322N
Q96JK2	DIP-48763N
Q96JM2	DIP-39340N
Q6ZVN8	DIP-61608N
Q14432	DIP-42197N
P15531	DIP-39164N
O76064	DIP-31265N
P17542	DIP-40640N
O94888	DIP-47029N
P19447	DIP-83N
Q15388	DIP-46735N
Q9UN86	DIP-50299N
P36954	DIP-32917N
P18827	DIP-1123N
P15923	DIP-74N
P47992	DIP-29876N
P49257	DIP-42188N
Q6TCH7	DIP-46464N
P02794	DIP-38301N
Q70YC5	DIP-35261N
P57789	DIP-44050N
O95835	DIP-31516N
Q9NRJ3	DIP-57392N
Q6IA86	DIP-56235N
O75146	DIP-17042N
P09467	DIP-46677N
Q02750	DIP-201N
Q12983	DIP-34429N
O15318	DIP-59079N
Q99616	DIP-5874N
Q9UBS4	DIP-29678N
Q8IZJ1	DIP-46275N
P09936	DIP-36620N
P16050	DIP-60388N
P31371	DIP-6036N
Q13424	DIP-966N
P05556	DIP-312N
P17936	DIP-40786N
Q13541	DIP-30944N
Q8TEP8	DIP-52779N
Q9HC62	DIP-29254N
Q9Y2W6	DIP-59459N
Q9ULT6	DIP-50030N
P01236	DIP-59635N
P13725	DIP-5785N
Q01196	DIP-36773N
O96020	DIP-31733N
P82094	DIP-5933N
P30533	DIP-39355N
Q14676	DIP-33603N
Q01826	DIP-48757N
Q9H2K2	DIP-42098N
Q9UJ41	DIP-29348N
P43034	DIP-35691N
Q13415	DIP-29688N
P58546	DIP-50234N
O75581	DIP-29884N
P18754	DIP-35416N
P03956	DIP-529N
P30989	DIP-60977N
P01579	DIP-483N
Q14213	DIP-57556N
P13726	DIP-6136N
Q13094	DIP-31812N
Q9H244	DIP-61226N
Q14449	DIP-42605N
Q8IXJ6	DIP-33350N
P54253	DIP-35353N
O60716	DIP-33850N
P08865	DIP-32878N
Q9Y6D9	DIP-29654N
Q8IXI2	DIP-39114N
O43913	DIP-29691N
P56524	DIP-34565N
Q13765	DIP-43878N
Q92993	DIP-5998N
O15372	DIP-33689N
Q8IWI9	DIP-57615N
Q9UKK6	DIP-33075N
P48643	DIP-31181N
P11308	DIP-31028N
P21554	DIP-61575N
Q14247	DIP-33190N
Q99689	DIP-32494N
O14757	DIP-24182N
P33981	DIP-40642N
P25054	DIP-33556N
Q06546	DIP-33980N
P21281	DIP-47433N
P35222	DIP-122N
Q9UHK0	DIP-41010N
Q8NFW9	DIP-48949N
Q9UFF9	DIP-29084N
P53041	DIP-29043N
Q9UM11	DIP-38700N
P35226	DIP-41879N
P25705	DIP-32871N
P51825	DIP-56407N
P48995	DIP-35698N
P46100	DIP-31532N
Q13895	DIP-50092N
Q16570	DIP-3783N
Q4KMG0	DIP-57226N
Q9Y4G6	DIP-17039N
P24928	DIP-29011N
P11177	DIP-37651N
O95219	DIP-36719N
P21675	DIP-147N
Q96KQ7	DIP-34461N
Q13131	DIP-39973N
Q13243	DIP-46894N
P50748	DIP-36479N
Q9HB90	DIP-37515N
P62995	DIP-42278N
Q02218	DIP-39353N
Q8N726	DIP-24171N
O75531	DIP-50395N
O15117	DIP-42204N
P60763	DIP-33881N
P43026	DIP-5823N
P10828	DIP-5991N
Q9NUJ1	DIP-56934N
Q5VTR2	DIP-53411N
P35609	DIP-383N
Q92833	DIP-45494N
O15554	DIP-48598N
Q03135	DIP-5960N
O95747	DIP-34977N
P00740	DIP-58520N
Q9Y5B9	DIP-42757N
O60242	DIP-56121N
P28347	DIP-34360N
P19367	DIP-56245N
P56159	DIP-59052N
Q05516	DIP-2654N
P53992	DIP-30981N
Q9UQE7	DIP-29200N
Q96G30	DIP-48793N
Q9ULQ0	DIP-51635N
Q9BV86	DIP-31241N
P01562	DIP-6020N
P27797	DIP-104N
P28068	DIP-6185N
Q14160	DIP-31259N
O43491	DIP-17034N
Q9Y4E5	DIP-51264N
Q13232	DIP-49960N
Q9Y6Y9	DIP-38571N
Q9UKT7	DIP-40770N
P08236	DIP-29724N
Q15382	DIP-42816N
Q96B02	DIP-52724N
Q99755	DIP-60649N
P08173	DIP-61455N
Q9Y4B6	DIP-47048N
Q00613	DIP-35670N
Q9UPY8	DIP-56069N
Q15120	DIP-29498N
Q9HCG8	DIP-31268N
P63167	DIP-33150N
Q7Z434	DIP-35445N
Q8N201	DIP-48476N
P98161	DIP-52317N
O15371	DIP-32870N
Q9NS28	DIP-59096N
P48436	DIP-61319N
P22087	DIP-27569N
Q15046	DIP-29725N
Q92698	DIP-48628N
Q9UIF7	DIP-41972N
O75815	DIP-33857N
Q9H0R8	DIP-35597N
Q12929	DIP-32859N
Q9UPY3	DIP-29664N
Q96RI1	DIP-39370N
Q6P589	DIP-60326N
Q9NR97	DIP-61413N
Q8NHY2	DIP-36661N
Q969R5	DIP-56748N
Q15545	DIP-29047N
Q93009	DIP-29053N
Q96P20	DIP-41153N
Q9BXL7	DIP-41797N
Q9UHX1	DIP-34636N
P31314	DIP-155N
Q9BY43	DIP-39082N
Q13029	DIP-428N
Q15435	DIP-1005N
O94921	DIP-39618N
Q16656	DIP-56958N
P56704	DIP-58592N
P41279	DIP-27534N
Q8IXM2	DIP-60552N
P31350	DIP-24232N
O43143	DIP-38211N
Q15465	DIP-61763N
Q92925	DIP-31182N
Q8N423	DIP-59888N
P48443	DIP-56220N
P08559	DIP-37652N
P19338	DIP-89N
Q15349	DIP-295N
P10071	DIP-32538N
Q14204	DIP-37544N
Q969G6	DIP-60454N
O15355	DIP-29404N
P63104	DIP-563N
Q99708	DIP-24244N
O15392	DIP-34662N
Q15418	DIP-29987N
Q6NW40	DIP-61607N
P26196	DIP-29195N
P31323	DIP-554N
Q9H9T3	DIP-53227N
Q5VWQ8	DIP-41721N
Q96MS0	DIP-38410N
O95630	DIP-33062N
Q9Y2R2	DIP-29953N
Q9UBU8	DIP-29017N
Q9BT43	DIP-59080N
Q9H900	DIP-36478N
Q13155	DIP-34421N
Q8IY67	DIP-46973N
Q9UGN5	DIP-48934N
P55201	DIP-59001N
Q96NB3	DIP-61544N
Q9Y230	DIP-28153N
Q7KZI7	DIP-31321N
Q14416	DIP-59826N
Q9H8S9	DIP-36594N
O60216	DIP-29201N
Q9H6L5	DIP-61577N
P62487	DIP-32663N
P11487	DIP-4014N
P55085	DIP-42044N
Q9NYB0	DIP-34868N
Q96D46	DIP-53427N
Q9UMN6	DIP-34598N
Q6UN15	DIP-42503N
Q8NDF8	DIP-59183N
Q9H3P7	DIP-40673N
P48431	DIP-59913N
Q9BXK5	DIP-60895N
O75154	DIP-47494N
P02775	DIP-5913N
Q8N6P7	DIP-42031N
Q6PD62	DIP-31693N
P02538	DIP-533N
P10147	DIP-5837N
Q9GZM8	DIP-29554N
Q6NUQ1	DIP-36477N
Q8IXK0	DIP-34464N
O15503	DIP-61157N
P01130	DIP-29695N
Q9NZI2	DIP-29246N
Q9GZT9	DIP-37495N
O00401	DIP-29042N
Q8NEY8	DIP-49051N
P59998	DIP-33188N
P07305	DIP-41775N
P0C0S5	DIP-38593N
P36897	DIP-5935N
P43686	DIP-29274N
P14635	DIP-59N
Q13191	DIP-33091N
Q06609	DIP-462N
Q99683	DIP-29516N
Q9NRW3	DIP-48919N
Q07912	DIP-33858N
O15455	DIP-29660N
P60953	DIP-31097N
Q92731	DIP-5966N
P52789	DIP-50110N
Q14766	DIP-50011N
Q15007	DIP-57185N
Q96RL1	DIP-29936N
A0JLT2	DIP-31467N
P60900	DIP-29367N
P30154	DIP-36616N
Q9NXR8	DIP-34303N
P53618	DIP-265N
Q9GZX6	DIP-46035N
Q05655	DIP-29954N
Q14242	DIP-37668N
P60520	DIP-35051N
Q96FF9	DIP-47377N
Q9HBL8	DIP-60944N
Q86WI1	DIP-59023N
P49591	DIP-38215N
P62993	DIP-29229N
P48553	DIP-48281N
P06400	DIP-582N
P02768	DIP-29902N
P81877	DIP-29459N
Q76LX8	DIP-36050N
P60866	DIP-31245N
O94916	DIP-58524N
Q96BH1	DIP-29063N
Q8NBS9	DIP-53700N
Q9UBT2	DIP-35136N
Q7L576	DIP-38873N
Q9H3S7	DIP-29923N
P67870	DIP-131N
P15085	DIP-48699N
P33993	DIP-27580N
Q13336	DIP-60049N
P46527	DIP-33341N
Q14191	DIP-31380N
Q15059	DIP-39755N
Q9NUS5	DIP-60182N
Q01860	DIP-33440N
Q92673	DIP-41229N
Q9UN81	DIP-48676N
O00762	DIP-52725N
Q9H6E5	DIP-53651N
Q9Y5M8	DIP-50218N
Q9Y5W5	DIP-59097N
Q8TDY2	DIP-45969N
Q9Y5N6	DIP-29692N
P16234	DIP-5736N
Q9UHV7	DIP-31468N
Q93034	DIP-43696N
Q9Y657	DIP-40062N
P21741	DIP-5789N
P23468	DIP-17023N
Q92583	DIP-5842N
Q9H6P5	DIP-48456N
P78364	DIP-44567N
Q96L91	DIP-29915N
P35250	DIP-34367N
Q8WXF7	DIP-53502N
P07900	DIP-27595N
Q12834	DIP-29655N
P16410	DIP-35607N
P22303	DIP-1119N
P61073	DIP-46290N,DIP-34773N
Q9P0J0	DIP-31180N
P29459	DIP-3772N
P62333	DIP-38150N
Q06124	DIP-516N
O14807	DIP-35406N
P42345	DIP-790N
P32881	DIP-6017N
P46063	DIP-29216N
Q9UBN6	DIP-6231N
Q16873	DIP-48473N
P55317	DIP-57138N
P17693	DIP-46121N
P07357	DIP-1125N
O43823	DIP-38194N
Q9Y2Q3	DIP-46924N
Q9UPN4	DIP-56658N
P10276	DIP-34N
Q05329	DIP-29293N
Q13882	DIP-39785N
Q96I25	DIP-29409N
Q7Z2W4	DIP-37896N
A5PLN9	DIP-48284N
P31273	DIP-52312N
Q15468	DIP-60580N
P35555	DIP-29985N
Q8TEJ3	DIP-43763N
P07602	DIP-29803N
Q14527	DIP-29828N
O43164	DIP-47040N
P49427	DIP-37783N
Q99814	DIP-32857N
Q14671	DIP-29082N
Q02156	DIP-34186N
P42695	DIP-43903N
P17275	DIP-1052N
Q9GZQ8	DIP-29760N
O95166	DIP-35050N
P49736	DIP-31732N
P18850	DIP-29304N
Q13889	DIP-787N
P49716	DIP-146N
P10415	DIP-1043N
O15111	DIP-27526N
P42262	DIP-42852N
Q00839	DIP-684N
Q13009	DIP-38309N
Q96SN8	DIP-31632N
Q6NZ36	DIP-59917N
Q9H492	DIP-49052N
Q9H0U6	DIP-56844N
Q16576	DIP-436N
Q9P0L0	DIP-41135N
Q16566	DIP-41997N
P13497	DIP-33403N
Q86U44	DIP-60727N
Q16594	DIP-435N
O60244	DIP-31460N
P01574	DIP-6018N
P23769	DIP-29711N
Q9Y613	DIP-31134N
Q92934	DIP-29184N
Q9Y2X0	DIP-31463N
O00755	DIP-61511N
Q12899	DIP-52853N
P50395	DIP-50593N
P16989	DIP-42489N
P62834	DIP-29106N
Q15022	DIP-38524N
P15151	DIP-43987N
P58753	DIP-33489N
P60896	DIP-31023N
P12757	DIP-42138N
P49418	DIP-40729N
O15354	DIP-60954N
P25490	DIP-150N
Q13542	DIP-36572N
Q9HAH7	DIP-61357N
P29353	DIP-699N
Q5VZM2	DIP-37518N
O60885	DIP-39776N
Q15223	DIP-40302N
Q92759	DIP-48376N
Q08945	DIP-169N
P40337	DIP-32585N
P00742	DIP-29896N
Q9H0B6	DIP-40381N
Q15078	DIP-24222N
O75530	DIP-36673N
Q16621	DIP-57844N
P18428	DIP-90N
P49848	DIP-773N
Q15329	DIP-24229N
Q13557	DIP-33129N
P06340	DIP-60116N
P37840	DIP-35354N
O14836	DIP-6224N
P25098	DIP-42429N
P51668	DIP-44088N
Q99832	DIP-51608N
Q9UBC3	DIP-30000N
P13647	DIP-39N
P48552	DIP-5964N
Q15637	DIP-29410N
O14646	DIP-38922N
Q14207	DIP-59961N
P20309	DIP-44291N
Q9Y496	DIP-33237N
Q96CB8	DIP-48479N
O95639	DIP-48675N
Q9BZQ4	DIP-60169N
O15431	DIP-48727N
Q9P1Y5	DIP-52405N
P55060	DIP-32573N
P57078	DIP-40722N
P10909	DIP-37546N
P00488	DIP-377N
Q8N3I7	DIP-60357N
P27037	DIP-520N
O60573	DIP-32578N
Q13188	DIP-36128N
P38117	DIP-6162N
P10398	DIP-31374N
P51810	DIP-53284N
Q12824	DIP-27550N
O00257	DIP-42042N
O75081	DIP-48898N
Q0VGL1	DIP-61481N
P46934	DIP-29815N
P61158	DIP-33140N
Q9UGM3	DIP-50763N
Q14765	DIP-39854N
Q16820	DIP-34900N
Q01718	DIP-29949N
P40818	DIP-40365N
Q92558	DIP-39391N
Q9H2S1	DIP-48997N
Q5JTV8	DIP-56692N
P27448	DIP-34637N
P51531	DIP-29005N
P43220	DIP-29980N
Q7Z7H8	DIP-59717N
P28799	DIP-41742N
Q06187	DIP-34071N
P12956	DIP-24188N
P01106	DIP-28143N
Q01726	DIP-48789N
P20839	DIP-60163N
P78344	DIP-31366N
Q13535	DIP-35308N
Q9Y4C1	DIP-53661N
Q13242	DIP-40741N
P34982	DIP-46308N
Q99871	DIP-32974N
P11137	DIP-577N
Q9UQN3	DIP-50766N
P20393	DIP-48396N
P27348	DIP-27584N
Q9UGC6	DIP-59095N
Q9HB63	DIP-46274N
P30086	DIP-44269N
Q02763	DIP-6047N
Q7LC44	DIP-60107N
Q16288	DIP-5723N
Q8IYW5	DIP-37451N
P36894	DIP-5793N
Q6P1J9	DIP-37884N
P61247	DIP-29408N
Q13418	DIP-38657N
Q8IYB4	DIP-58547N
Q6IAA8	DIP-39650N
O14974	DIP-33186N
P14923	DIP-36235N
P05154	DIP-29869N
O15534	DIP-56603N
Q9H0W5	DIP-60183N
O75143	DIP-60540N
Q70CQ3	DIP-53578N
Q9UBK8	DIP-61183N
Q15796	DIP-29716N
P02511	DIP-35017N
O95292	DIP-39816N
Q01484	DIP-37425N
P51681	DIP-5866N
Q9Y262	DIP-31172N
Q15165	DIP-61136N
Q13905	DIP-29392N
P42338	DIP-44775N
P25101	DIP-48718N
Q9Y6R1	DIP-59373N
Q03164	DIP-29221N
P30260	DIP-36422N
Q6PGQ7	DIP-53424N
Q8WXH0	DIP-53409N
O75791	DIP-38435N
O94817	DIP-46466N
P48729	DIP-40367N
O94986	DIP-31701N
Q92841	DIP-29843N
Q99497	DIP-35515N
P26358	DIP-39693N
P98171	DIP-41592N
Q96QG7	DIP-54283N
Q9C000	DIP-38407N
Q9UL03	DIP-38627N
Q01534	DIP-46607N
O96013	DIP-39742N
Q96QV1	DIP-48536N
Q8WYH8	DIP-32511N
Q13105	DIP-5968N
Q9NZD4	DIP-35198N
Q9Y5U5	DIP-29883N
P55036	DIP-38189N
P14174	DIP-31137N
O94760	DIP-61582N
Q8WV16	DIP-48761N
Q15811	DIP-33609N
P01023	DIP-1118N
Q14451	DIP-502N
O60603	DIP-35138N
Q8WVJ2	DIP-59509N
Q86YC2	DIP-38427N
P19419	DIP-36057N
Q15019	DIP-38220N
P16144	DIP-40182N
P19235	DIP-5732N
Q9NPP4	DIP-38428N
P10997	DIP-29913N
Q9Y5N1	DIP-61456N
P14735	DIP-55771N
Q9UJW3	DIP-35238N
P15153	DIP-34291N
Q6ZW49	DIP-41786N
P20783	DIP-346N
Q9BTT4	DIP-31457N
P35869	DIP-946N
Q9HBM1	DIP-35753N
Q96CV9	DIP-42001N
Q9NXV6	DIP-24170N
P29323	DIP-1162N
P02748	DIP-1124N
Q9BW61	DIP-53527N
O75865	DIP-37869N
P22362	DIP-5835N
Q13351	DIP-43776N
P63027	DIP-39072N
O95983	DIP-46517N
Q58A45	DIP-53755N
P29374	DIP-463N
Q02297	DIP-355N
O14931	DIP-59939N
Q14116	DIP-3785N
Q07021	DIP-31164N
O95644	DIP-44311N
Q8N5Y2	DIP-56857N
P22314	DIP-33686N
Q14457	DIP-44611N
Q14999	DIP-31618N
O95760	DIP-37862N
Q9UL15	DIP-53428N
O14514	DIP-40884N
P21709	DIP-34886N
O94762	DIP-32964N
Q15116	DIP-44126N
Q13043	DIP-32491N
P28482	DIP-519N
Q13315	DIP-182N
O95149	DIP-48513N
Q9BQA1	DIP-38172N
Q14781	DIP-48604N
O43505	DIP-48921N
O14625	DIP-5890N
Q86YL7	DIP-61333N
P30876	DIP-32910N
O14746	DIP-40646N
P33032	DIP-48792N
P37198	DIP-29749N
P09769	DIP-1049N
Q9HCE1	DIP-44158N
P46013	DIP-28132N
Q9H1Y0	DIP-29758N
Q9Y676	DIP-29894N
Q16611	DIP-935N
O15131	DIP-33405N
Q9P1Q0	DIP-61627N
P42677	DIP-44182N
P12755	DIP-31514N
Q04771	DIP-212N
Q9NWT6	DIP-35527N
P35249	DIP-24267N
P24863	DIP-32920N
O43303	DIP-39892N
Q9BRX5	DIP-29333N
Q8NI22	DIP-56233N
Q6ZVM7	DIP-61860N
Q99684	DIP-38452N
P32239	DIP-229N
Q14686	DIP-30934N
P17677	DIP-452N
Q99638	DIP-24255N
Q5VST9	DIP-35727N
P09382	DIP-46153N
P10589	DIP-622N
Q9BSI4	DIP-29413N
Q9P0U4	DIP-50001N
Q96B86	DIP-61606N
O15524	DIP-29662N
Q14683	DIP-30911N
Q92854	DIP-59221N
P13984	DIP-41680N
Q15036	DIP-52265N
P10636	DIP-29753N
P05091	DIP-40262N
P02545	DIP-32948N
Q9BV36	DIP-44046N
O43809	DIP-42502N
Q9HC29	DIP-41998N
P61006	DIP-43703N
P16581	DIP-58639N
Q9H9B1	DIP-34585N
Q14392	DIP-48932N
Q8NDV7	DIP-54489N
Q9UBG0	DIP-37631N
P24001	DIP-61119N
Q13546	DIP-433N
Q16236	DIP-29971N
Q9Y296	DIP-37871N
P54619	DIP-39974N
O75925	DIP-5970N
P69905	DIP-35199N
Q03052	DIP-277N
Q9H2X6	DIP-31716N
P20809	DIP-3775N
P01135	DIP-5765N
P16471	DIP-288N
P02787	DIP-2738N
Q7Z6G8	DIP-41406N
Q7LBR1	DIP-48534N
P50990	DIP-38124N
O75044	DIP-37618N
Q99880	DIP-38154N
P49763	DIP-5752N
Q9BPX6	DIP-53438N
P01112	DIP-1050N
P27361	DIP-30985N
Q6P9F7	DIP-61361N
Q96RS0	DIP-49970N
Q07108	DIP-60426N
P02649	DIP-1120N
P62873	DIP-599N
O15467	DIP-5831N
P01100	DIP-1047N
Q9NQX3	DIP-41076N
Q99816	DIP-31809N
Q13112	DIP-29243N
O75461	DIP-41699N
P02533	DIP-33874N
Q8TEY7	DIP-48942N
O15164	DIP-52713N
Q676U5	DIP-50290N
P05230	DIP-3787N
P62491	DIP-29138N
O75874	DIP-59311N
Q92913	DIP-50447N
P00533	DIP-405N
O94907	DIP-46461N
P06239	DIP-553N
Q13490	DIP-33485N
Q13555	DIP-51315N
Q86XI2	DIP-43902N
Q96CG3	DIP-40185N
Q9NQT5	DIP-29847N
Q96CA5	DIP-33486N
P41567	DIP-50783N
O95994	DIP-48825N
Q04637	DIP-1161N
Q9UJX3	DIP-39765N
Q99081	DIP-29403N
O15014	DIP-50012N
P05155	DIP-45635N
Q6B0I6	DIP-29606N
Q13363	DIP-24245N
Q9UIV1	DIP-41902N
Q01668	DIP-48998N
Q9UBE0	DIP-34587N
Q13501	DIP-34443N
P32927	DIP-127N
P14210	DIP-37535N
Q99743	DIP-60821N
P51587	DIP-24214N
P16070	DIP-1121N
P10243	DIP-624N
Q9HCN6	DIP-33875N
P32246	DIP-5832N
P29972	DIP-29607N
Q15543	DIP-900N
O00203	DIP-24208N
O00194	DIP-48948N
Q9NZN8	DIP-42656N
Q9Y5K6	DIP-31807N
Q9HCU9	DIP-24250N
P06727	DIP-38333N
Q9NQC3	DIP-42003N
P24588	DIP-186N
Q99627	DIP-42075N
Q68DK7	DIP-56862N
Q99549	DIP-56224N
Q9UKV0	DIP-39904N
O75643	DIP-31659N
O00141	DIP-42464N
P01583	DIP-40550N
P78552	DIP-3225N
P13591	DIP-59530N
Q13158	DIP-286N
P23443	DIP-29986N
P48730	DIP-39735N
Q92736	DIP-38325N
Q13085	DIP-36122N
Q08AE8	DIP-42378N
P49802	DIP-40869N
Q04726	DIP-36666N
Q15118	DIP-29497N
P12081	DIP-37596N
P15173	DIP-159N
P40227	DIP-33558N
Q9NV56	DIP-29018N
Q95460	DIP-59986N
Q9BYE7	DIP-50946N
Q16512	DIP-34240N
P35221	DIP-515N
Q9NZZ3	DIP-50420N
O15054	DIP-59912N
Q5SW79	DIP-37594N
Q6PH85	DIP-60768N
P36956	DIP-331N
P35998	DIP-27554N
P42768	DIP-431N
O00429	DIP-42704N
Q13185	DIP-5985N
Q96E14	DIP-56480N
O14745	DIP-29092N
P51449	DIP-60622N
Q96F15	DIP-59484N
O43255	DIP-41874N
O00170	DIP-34068N
Q99707	DIP-40306N
Q9UNZ2	DIP-39611N
P24158	DIP-31107N
P33681	DIP-6044N
Q9UJX5	DIP-56450N
Q9UMS4	DIP-32978N
Q96GG9	DIP-42121N
Q9H4B6	DIP-36127N
Q9NQB0	DIP-36236N
Q99942	DIP-29268N
Q9Y6K9	DIP-27528N
O14727	DIP-27624N
Q8IWE5	DIP-46410N
Q8WTU0	DIP-60626N
Q9UHR4	DIP-53820N
P01137	DIP-5934N
Q15303	DIP-29650N
O95997	DIP-56460N
O15516	DIP-46009N
P06276	DIP-46476N
P15260	DIP-47N
P26651	DIP-29845N
Q5VW32	DIP-59406N
Q14152	DIP-31114N
P17301	DIP-67N
P21453	DIP-60427N
P06401	DIP-5967N
O14508	DIP-29569N
Q9H0H0	DIP-48477N
Q9HAN9	DIP-60881N
P68400	DIP-32682N
Q9Y2G1	DIP-60483N
O95271	DIP-36652N
P04085	DIP-5735N
Q00403	DIP-1077N
Q86XR7	DIP-33488N
Q15691	DIP-38018N
P08709	DIP-6135N
Q01113	DIP-3156N
O15151	DIP-24199N
P13945	DIP-61451N
Q9BXW9	DIP-29382N
Q9NRC8	DIP-59906N
Q99418	DIP-31598N
P24844	DIP-60525N
P41743	DIP-31311N
P10600	DIP-5937N
Q9NR30	DIP-32941N
O95163	DIP-27579N
P54727	DIP-39944N
Q99471	DIP-28155N
Q96QF0	DIP-41703N
P63098	DIP-6096N
Q86VR2	DIP-61578N
Q07011	DIP-3021N
Q9H0U4	DIP-42462N
P16066	DIP-46246N
P02776	DIP-56941N
P62805	DIP-33079N
Q14524	DIP-38416N,DIP-46144N
Q92636	DIP-44106N
P08588	DIP-36294N
Q8WUW1	DIP-41554N
Q86Y01	DIP-43904N
P17676	DIP-35345N
O43353	DIP-27518N
Q9NRM7	DIP-43883N
Q9Y275	DIP-6225N
Q09028	DIP-33495N
P45973	DIP-5986N
P35916	DIP-5739N
P27824	DIP-457N
P08631	DIP-1051N
Q0JRZ9	DIP-29488N
O60333	DIP-33015N
Q86UT6	DIP-60637N
P13688	DIP-42683N
P55212	DIP-44649N
O43566	DIP-41167N
Q9BXC9	DIP-46563N
P60568	DIP-475N
P23560	DIP-5719N
Q86XK2	DIP-35680N
O94906	DIP-29006N
Q9NZ45	DIP-46446N
Q9BRQ5	DIP-48945N
P26367	DIP-37436N
P61106	DIP-42491N
P12319	DIP-6166N
Q9NS37	DIP-33934N
Q96AE4	DIP-47273N
Q9UBP0	DIP-38418N
Q8NG31	DIP-36474N
Q06945	DIP-58650N
Q9Y5S8	DIP-60457N
P08575	DIP-224N
Q92692	DIP-41043N
Q14563	DIP-5744N
O43463	DIP-32589N
P15018	DIP-5769N
P18206	DIP-35570N
P29590	DIP-33053N
P27635	DIP-1133N
Q15080	DIP-17019N
P19793	DIP-641N
P19174	DIP-100N
Q68CZ6	DIP-48832N
P13612	DIP-34971N
P20702	DIP-59369N
P06213	DIP-480N
P51795	DIP-29263N
Q8TAM1	DIP-60347N
Q29RF7	DIP-35419N
Q8IUC6	DIP-33490N
Q8NHV1	DIP-60142N
P20339	DIP-380N
Q16181	DIP-47093N
Q9UNH7	DIP-37549N
Q01105	DIP-33561N
Q8IXJ9	DIP-46910N
Q9Y2K7	DIP-34596N
O15315	DIP-41246N
P10747	DIP-6043N
Q6NZI2	DIP-48550N
Q15907	DIP-50898N
O95453	DIP-31124N
P25786	DIP-29369N
P46776	DIP-33121N
P14866	DIP-36355N
O14657	DIP-56930N
P22301	DIP-3511N
Q06455	DIP-29401N
P54725	DIP-34442N
Q5VT06	DIP-49946N
Q9UJM3	DIP-42379N
P46092	DIP-5873N
P04899	DIP-602N
O00165	DIP-36771N
Q8TEL6	DIP-42719N
O60609	DIP-29114N
O94992	DIP-46463N
P51654	DIP-61509N
Q9BSQ5	DIP-40609N
Q9Y383	DIP-32513N
P37231	DIP-35528N
P48735	DIP-61416N
Q92730	DIP-36741N
P05362	DIP-36658N
O00505	DIP-27586N
P62318	DIP-31216N
O00482	DIP-37952N
P41229	DIP-39663N
Q99731	DIP-5857N
Q13451	DIP-27597N
P36405	DIP-47537N
Q9UNS1	DIP-47395N
Q8WVT3	DIP-48283N
Q9UBD9	DIP-61204N
P61964	DIP-29223N
Q92526	DIP-53269N
Q96NW4	DIP-57614N
P49459	DIP-24260N
P01589	DIP-1080N
P15374	DIP-29135N
O95999	DIP-29740N
P31946	DIP-743N
O95257	DIP-24218N
P62937	DIP-6080N
P35398	DIP-29938N
P28300	DIP-49007N
O60674	DIP-33880N
P43405	DIP-253N
O60356	DIP-61114N
Q9Y5U4	DIP-60913N
Q12874	DIP-882N
Q8N5C8	DIP-32489N
P07333	DIP-59421N
P57764	DIP-61775N
Q9BUW7	DIP-29481N
P15884	DIP-163N
P14222	DIP-53288N
O15270	DIP-34604N
P25685	DIP-41180N
Q15003	DIP-43899N
Q9Y294	DIP-29241N
Q96PU5	DIP-41935N
Q9BXB1	DIP-59894N
O14497	DIP-33016N
Q06141	DIP-60688N
Q02241	DIP-40359N
O75417	DIP-61500N
Q86U42	DIP-37968N
Q13873	DIP-5794N
Q9H4B7	DIP-42487N
Q9UK53	DIP-24257N,DIP-24256N
Q8IXW5	DIP-32939N
A1YPR0	DIP-61583N
Q9Y5R8	DIP-48285N
A0AVT1	DIP-57633N
Q96FA3	DIP-32488N
P40763	DIP-33584N
Q8IWE4	DIP-60769N
P42261	DIP-41487N
Q93038	DIP-59563N
O60832	DIP-40645N
P51684	DIP-5865N
A5YKK6	DIP-44954N
Q9NSD9	DIP-32869N
O43541	DIP-36708N
P16152	DIP-33136N
Q92878	DIP-33606N
P04150	DIP-576N
Q12906	DIP-29853N
Q08J23	DIP-52456N
Q05639	DIP-40060N
Q15365	DIP-38136N
Q9Y4A5	DIP-28149N
Q9BZD4	DIP-36119N
P26641	DIP-32516N
Q13950	DIP-36707N
Q9UM47	DIP-39827N
Q86YF9	DIP-35710N
Q92905	DIP-34546N
P40189	DIP-95N
Q9H211	DIP-31089N
O75462	DIP-61205N
O75311	DIP-61773N
Q8TCY5	DIP-29948N
P31751	DIP-32583N
P51151	DIP-46409N
Q9UPX8	DIP-52255N
Q14106	DIP-41990N
Q8IY34	DIP-60838N
P02489	DIP-41265N
Q07960	DIP-6081N
Q9NZU0	DIP-50407N
P62140	DIP-33220N
Q8WXE1	DIP-46495N
Q00722	DIP-29259N
Q00653	DIP-24239N
Q6IQ20	DIP-61398N
Q09428	DIP-58642N
P25024	DIP-3779N
Q9BTM9	DIP-48631N
Q8TD16	DIP-53426N
Q99435	DIP-49927N
P08476	DIP-5824N
P00751	DIP-38319N
P41134	DIP-38112N
P41002	DIP-44939N
P19838	DIP-106N
Q9NWZ3	DIP-31351N
Q96AJ9	DIP-44223N
O94776	DIP-46519N
Q86SE9	DIP-61356N
Q9Y2B0	DIP-50705N
P46060	DIP-29079N
Q13620	DIP-31609N
Q15276	DIP-29350N
P23510	DIP-3023N
Q15544	DIP-495N
P08123	DIP-36079N
Q01844	DIP-34449N
P01730	DIP-617N
Q8N5H7	DIP-59443N
P01308	DIP-6024N
O75909	DIP-50081N
Q9UMX0	DIP-41629N
P05783	DIP-633N
P05106	DIP-304N
P60228	DIP-32691N
P05165	DIP-57493N
Q04912	DIP-6029N
Q8N6F1	DIP-48953N
Q13347	DIP-31116N
P16298	DIP-52337N
Q99996	DIP-29942N
Q17R98	DIP-61048N
P51679	DIP-5848N
P46939	DIP-711N
Q9H0E9	DIP-31762N
P18564	DIP-59187N
P05019	DIP-6021N
P12694	DIP-6146N
P68036	DIP-6124N
Q9NTI5	DIP-35420N
O95711	DIP-59105N
O75962	DIP-37578N
O00763	DIP-51617N
P40259	DIP-59497N
Q06330	DIP-33326N
Q99259	DIP-29292N
P55011	DIP-43979N
Q9NY25	DIP-60627N
Q07817	DIP-30916N
P11940	DIP-31613N
Q8WVL7	DIP-61280N
Q15466	DIP-46313N
Q08722	DIP-39948N
Q9NYB9	DIP-37566N
Q5JVF3	DIP-50497N
Q9BSJ6	DIP-56370N
Q9P2Y5	DIP-48652N
P26992	DIP-5777N
P46734	DIP-34242N
P35348	DIP-33401N
Q9NVC6	DIP-31451N
Q7Z6Z7	DIP-34362N
P02749	DIP-46878N
Q92769	DIP-24220N
O75943	DIP-34896N,DIP-24254N
Q8N1F7	DIP-44020N
Q9BXW4	DIP-57020N
O43156	DIP-50660N
Q9NY33	DIP-53793N
Q14CX7	DIP-50826N
Q9BZW8	DIP-40331N
Q99523	DIP-41798N
P13051	DIP-24194N
Q9BZI7	DIP-31143N
Q07866	DIP-40371N
P62807	DIP-32890N
P13010	DIP-31379N
Q6ZVD8	DIP-53556N
P51787	DIP-29941N
Q92502	DIP-60949N
P38398	DIP-5971N
P09681	DIP-46469N
P28845	DIP-59618N
Q92804	DIP-52760N
O75122	DIP-36804N
Q7Z6E9	DIP-46897N
Q06413	DIP-40857N
P41226	DIP-60526N
P05412	DIP-5961N
Q96BD5	DIP-60252N
P20711	DIP-40563N
Q9BSB4	DIP-60653N
Q15291	DIP-29224N
Q495M9	DIP-41617N
P54198	DIP-29240N
Q99759	DIP-27521N
Q9HAU5	DIP-31148N
O00206	DIP-34769N
Q16666	DIP-42868N
Q8TAD8	DIP-38956N
Q9UGU5	DIP-60550N
Q8WXD5	DIP-41331N
P42701	DIP-3773N
P11474	DIP-35053N
Q08211	DIP-31504N
P10912	DIP-630N
Q9NVP2	DIP-29242N
P14653	DIP-6106N
P08621	DIP-29406N
Q06547	DIP-33979N
P12270	DIP-50405N
O14744	DIP-33172N
P09917	DIP-30950N
Q86WV6	DIP-48847N
Q9GZV9	DIP-58507N
Q03405	DIP-137N
Q9HBL0	DIP-60948N
Q08499	DIP-41115N
Q12772	DIP-263N
P55075	DIP-59630N
Q9NTJ3	DIP-32946N
P19484	DIP-61625N
P43356	DIP-61231N
Q13322	DIP-31657N
O15144	DIP-33197N
P30291	DIP-37969N
O00459	DIP-31811N
Q13572	DIP-60016N
Q14209	DIP-258N
Q12888	DIP-5978N
Q15572	DIP-269N
P42574	DIP-268N
O14763	DIP-33566N
P42702	DIP-5770N
Q8NFZ5	DIP-27617N
P83916	DIP-28135N
P01857	DIP-29187N
P01903	DIP-6063N
Q9ULD9	DIP-29419N
O75569	DIP-41809N
P20827	DIP-98N
P43121	DIP-52791N
Q9UL17	DIP-61303N
Q53EL6	DIP-29756N
P29144	DIP-50761N
P10599	DIP-6129N
Q13507	DIP-34311N
Q9H0R1	DIP-60180N
P28067	DIP-6184N
Q9HC77	DIP-49904N
P01024	DIP-35180N
Q96GN5	DIP-61218N
Q96EF0	DIP-60046N
P02766	DIP-1083N
P01033	DIP-1107N
P01127	DIP-5737N
Q9UIB8	DIP-60957N
P54764	DIP-48294N
O75448	DIP-31462N
Q01959	DIP-41827N
P29466	DIP-175N
O00408	DIP-40269N
O00291	DIP-17041N
P49336	DIP-32595N
P78556	DIP-5864N
P28827	DIP-668N
Q8NBT2	DIP-35754N
Q12815	DIP-52951N
P05423	DIP-56155N
P41250	DIP-50471N
P15941	DIP-41890N
Q8N7H5	DIP-48673N
Q9NZI8	DIP-38139N
Q9Y6N9	DIP-41473N
Q9Y6W5	DIP-41817N
P43235	DIP-39993N
P12235	DIP-33116N
O75293	DIP-24219N
Q9BX69	DIP-61097N
P17096	DIP-29687N
P62753	DIP-31507N
Q9UBD5	DIP-31735N
P03372	DIP-5965N
P36888	DIP-59769N
Q9H0R6	DIP-48970N
Q09472	DIP-257N
P31749	DIP-24269N
P00451	DIP-29774N
P11473	DIP-32624N
P54274	DIP-29412N
P31431	DIP-29945N
Q9UKG1	DIP-29322N
P06731	DIP-57769N
Q9P2R6	DIP-47606N
Q13224	DIP-41002N
Q13487	DIP-505N
Q96RD7	DIP-43936N
O15360	DIP-32650N
P18583	DIP-42289N
Q71RG4	DIP-60896N
P60709	DIP-29686N
P22830	DIP-39632N
P23634	DIP-6128N
P16435	DIP-29682N
Q9UJX2	DIP-32959N
Q9UQC2	DIP-36653N
Q9UNN8	DIP-48671N
P62314	DIP-31207N
P15882	DIP-42177N
O15553	DIP-41878N
P58400	DIP-46402N
P18848	DIP-354N
Q04206	DIP-24238N
P34932	DIP-460N
O43889	DIP-33935N
Q9NQG5	DIP-61537N
O94925	DIP-50591N
P06756	DIP-31785N
O95155	DIP-40309N
Q13554	DIP-39770N
Q9H5Q4	DIP-50540N
Q9Y6D5	DIP-48794N
P21796	DIP-32862N
P61925	DIP-56176N
P22392	DIP-50179N
Q9BY67	DIP-57599N
Q9Y2L5	DIP-48280N
Q04756	DIP-6022N
Q7L5N1	DIP-32655N
O43663	DIP-34436N
Q9GZU7	DIP-61246N
O15397	DIP-44186N
Q16254	DIP-24185N
Q15672	DIP-45974N
P10914	DIP-40988N
Q3KNV8	DIP-52782N
P17861	DIP-41692N
Q13617	DIP-31612N
P63146	DIP-29832N
Q13404	DIP-41911N
Q969J5	DIP-46036N
P28908	DIP-2930N
Q9C0J9	DIP-59904N
Q9NQS3	DIP-41491N
Q53HL2	DIP-37995N
Q05193	DIP-36242N
Q9UPN9	DIP-54262N
P29074	DIP-34634N
Q9NVI7	DIP-33194N
Q9BT78	DIP-34516N
P30304	DIP-166N
Q9NZ52	DIP-31600N
Q96KP1	DIP-31795N
Q969G2	DIP-29454N
Q14019	DIP-30951N
Q92614	DIP-46631N
P00734	DIP-6115N
P23193	DIP-48480N
O15047	DIP-33494N
O94782	DIP-53609N
P10451	DIP-49933N
Q9UHD9	DIP-42116N
O00444	DIP-34467N
O00626	DIP-5849N
P27986	DIP-119N
O94761	DIP-48475N
O15530	DIP-38372N
O14893	DIP-32605N
Q15154	DIP-42189N
O75592	DIP-28142N
O75716	DIP-29598N
P30519	DIP-53564N
O75175	DIP-40297N
P63172	DIP-35251N
P30273	DIP-29514N
Q9UKT8	DIP-37972N
Q9Y281	DIP-33178N
O00443	DIP-33727N
P17813	DIP-6246N
P30307	DIP-24183N
Q6ZYL4	DIP-29188N
O95631	DIP-46273N
P53779	DIP-1015N
O00330	DIP-29026N
P05067	DIP-574N
Q66GS9	DIP-50271N
Q7L7L0	DIP-48936N
Q9UM07	DIP-50397N
Q9UL25	DIP-29349N
P14416	DIP-5977N
Q9H171	DIP-44121N
P21917	DIP-59865N
Q13616	DIP-17013N
Q9NPH3	DIP-33487N
Q96AQ6	DIP-46922N
P20592	DIP-59212N
P57775	DIP-41762N
Q8IWT6	DIP-61360N
Q15797	DIP-38538N
Q16832	DIP-39699N
Q8WVM7	DIP-35421N
P10809	DIP-58N
Q99558	DIP-27522N
Q99502	DIP-60446N
Q86SZ2	DIP-47626N
Q8IU60	DIP-31126N
O43324	DIP-50581N
O00221	DIP-27533N
P18846	DIP-652N
P19525	DIP-2657N
O00303	DIP-35580N
Q9BYG3	DIP-28134N
P61962	DIP-40363N
Q15393	DIP-28152N
Q03112	DIP-38639N
P00797	DIP-59219N
O95810	DIP-56943N
O15297	DIP-38281N
Q9H9Y6	DIP-27538N
Q99598	DIP-29463N
P11802	DIP-875N
P17252	DIP-531N
Q9HCE5	DIP-60726N
P16871	DIP-3045N
P49959	DIP-33238N
Q8NHV4	DIP-48838N
P55211	DIP-27625N
O75147	DIP-38340N
Q96D31	DIP-46289N
P20338	DIP-372N
P26441	DIP-5776N
P30101	DIP-29132N
Q15654	DIP-34466N
Q9NPD8	DIP-52740N
P22607	DIP-4016N
Q8WVC0	DIP-37885N
P62820	DIP-1063N
Q13263	DIP-30891N
P12980	DIP-40885N
Q9HAU4	DIP-33061N
P49137	DIP-35671N
Q9Y5R6	DIP-58084N
O75385	DIP-35196N
P08620	DIP-4017N
P01111	DIP-1058N
P22415	DIP-654N
O00255	DIP-24236N
O75486	DIP-28148N
Q9H816	DIP-42669N
P49238	DIP-5879N
P13674	DIP-38180N
P78527	DIP-24186N
Q13362	DIP-39401N
Q15052	DIP-42694N
P78371	DIP-38123N
Q9UPQ9	DIP-29624N
Q15645	DIP-34493N
Q14964	DIP-60521N
Q8WX92	DIP-32670N
Q6PCD5	DIP-52688N
Q9Y2Z4	DIP-29487N
Q9BUN5	DIP-60361N
Q96JG6	DIP-61628N
Q9NY65	DIP-40751N
Q08050	DIP-36754N
Q14643	DIP-29714N
Q8NBP7	DIP-29694N
Q06787	DIP-29509N
Q9Y237	DIP-50838N
Q9UHB6	DIP-29633N
O75367	DIP-44283N
P08700	DIP-6N
P09341	DIP-5896N
P01375	DIP-2895N
Q96MN2	DIP-60912N
Q7L2H7	DIP-31256N
P21926	DIP-1122N
P12643	DIP-5792N
Q9UQB3	DIP-1138N
P36404	DIP-47535N
Q9UNQ0	DIP-29162N
Q86XS5	DIP-59887N
P14778	DIP-93N
P55040	DIP-41587N
Q96QV6	DIP-43896N
P42684	DIP-91N
O60238	DIP-35187N
Q13227	DIP-34427N
Q92585	DIP-29920N
P42566	DIP-33064N
Q16740	DIP-50384N
P22681	DIP-189N
Q16695	DIP-922N
Q8NEV9	DIP-59473N
Q9NVR2	DIP-34063N
Q7Z6A9	DIP-48795N
Q15906	DIP-31767N
Q15475	DIP-34448N
P08913	DIP-61452N
P49757	DIP-37981N
Q9P021	DIP-41219N
P25440	DIP-60835N
P38936	DIP-246N
P68431	DIP-29371N
Q9UNG2	DIP-29882N
P20585	DIP-35127N
O75582	DIP-30894N
Q12965	DIP-884N
P04062	DIP-38645N
Q5VIR6	DIP-59352N
Q6P1X5	DIP-38921N
Q9NR31	DIP-59790N
Q99467	DIP-59104N
P28324	DIP-59907N
P11362	DIP-4019N
P84077	DIP-31597N
Q99717	DIP-57571N
P07910	DIP-29854N
P78536	DIP-31044N
Q16627	DIP-5861N
P09086	DIP-51N
Q12879	DIP-40798N
P61224	DIP-35407N
Q9NPI6	DIP-31292N
Q5JU69	DIP-59332N
P17844	DIP-29844N
Q99700	DIP-33372N
P46940	DIP-32597N
P25445	DIP-924N
Q9Y3M2	DIP-29651N
Q6P988	DIP-61508N
Q9H6T3	DIP-47508N
Q9UM73	DIP-5954N
Q13683	DIP-5981N
Q9NZL6	DIP-31372N
Q8NFJ9	DIP-46564N
Q13569	DIP-32709N
P29475	DIP-40999N
O75051	DIP-31672N
P05166	DIP-38244N
P43403	DIP-38781N
O00585	DIP-5854N
Q12809	DIP-48929N
P62424	DIP-31502N
P54646	DIP-39796N
P35232	DIP-24248N
P15529	DIP-41232N
P52272	DIP-29336N
Q14674	DIP-46079N
Q5T4F4	DIP-61530N
P06241	DIP-33876N
Q9Y4X5	DIP-53626N
P62316	DIP-31219N
Q14790	DIP-30915N
P04629	DIP-5714N
Q9BYN0	DIP-59836N
Q9UKL3	DIP-40986N
P62714	DIP-42325N
P06748	DIP-30932N
P24522	DIP-24217N
P53667	DIP-31605N
Q5TB80	DIP-50714N
O14686	DIP-37875N
Q49AN0	DIP-47396N
Q5JRX3	DIP-52900N
Q9Y5B0	DIP-41788N
O75762	DIP-61520N
O15492	DIP-59094N
Q5VSL9	DIP-51621N
Q13671	DIP-117N
Q8TEW8	DIP-42276N
P42263	DIP-46195N
O43716	DIP-48969N
Q15768	DIP-59196N
Q9C0A0	DIP-31652N
Q8NEZ4	DIP-48649N
Q13255	DIP-57522N
Q5TAQ9	DIP-48762N
P18074	DIP-644N
P41597	DIP-5833N
O75379	DIP-44226N
O14980	DIP-33678N
Q96GM5	DIP-33390N
P02675	DIP-385N
P19878	DIP-76N
P57058	DIP-58064N
P84085	DIP-61289N
Q9BPX3	DIP-34891N
Q9NZD2	DIP-59418N
Q92797	DIP-42506N
Q99728	DIP-5972N
P07320	DIP-46208N
O43189	DIP-34001N
Q96B97	DIP-31803N
O15143	DIP-41254N
Q9Y3Q4	DIP-52325N
P25391	DIP-29324N
Q9BXM7	DIP-29427N
A8MYU2	DIP-60091N
P11172	DIP-29595N
P42081	DIP-35606N
Q9Y6H5	DIP-61155N
P00387	DIP-50463N
Q7Z417	DIP-29023N
O15269	DIP-45626N
P13236	DIP-5840N
Q86U70	DIP-31826N
Q96A65	DIP-32976N
Q13586	DIP-31121N
Q16875	DIP-33964N
Q9Y580	DIP-48833N
P46531	DIP-29919N
Q13291	DIP-40767N
Q9UBD6	DIP-59334N
Q00987	DIP-392N
Q14677	DIP-45604N
O43719	DIP-42095N
Q14627	DIP-3340N
P14678	DIP-31239N
P14784	DIP-43N
Q15836	DIP-56422N
Q13148	DIP-31167N
O15055	DIP-38051N
Q01638	DIP-37861N
O43679	DIP-24262N
Q9H307	DIP-32950N
P15407	DIP-660N
P01215	DIP-6182N
Q8NFG4	DIP-61287N
P48546	DIP-46468N
Q9NPI1	DIP-32509N
Q13637	DIP-61889N
Q9Y3E7	DIP-48532N
Q8J025	DIP-56190N
Q00526	DIP-686N
P29033	DIP-59742N
P01594	DIP-58572N
Q14678	DIP-56491N
P84090	DIP-42473N
Q96SW2	DIP-53521N
Q8IY63	DIP-50682N
P20936	DIP-144N
P62068	DIP-53590N
P05112	DIP-3222N
Q9Y6B7	DIP-24209N
Q01664	DIP-53627N
Q9Y297	DIP-31607N
P56817	DIP-41388N
O43157	DIP-36742N
Q13393	DIP-40821N
Q9NQS7	DIP-31304N
P30281	DIP-31734N
Q9UQ80	DIP-31275N
P62945	DIP-46893N
Q16531	DIP-430N
P41235	DIP-499N
Q504Q3	DIP-50708N
P11279	DIP-44670N
P50549	DIP-60463N
Q9UJX4	DIP-32945N
P37108	DIP-6152N
P35236	DIP-29118N
O14777	DIP-35100N
P13747	DIP-32N
P61081	DIP-35679N
Q8TAM2	DIP-60359N
Q71F23	DIP-48539N
P11831	DIP-49N
P62829	DIP-33156N
P14598	DIP-126N
P49590	DIP-59626N
P15172	DIP-704N
Q9H0D6	DIP-31166N
P37173	DIP-5939N
Q562F6	DIP-36615N
Q9UQL6	DIP-38260N
Q12873	DIP-32496N
P98155	DIP-40925N
Q6EMK4	DIP-46245N
Q99594	DIP-50657N
Q13042	DIP-36423N
Q53EZ4	DIP-44581N
Q9UPW6	DIP-60551N
Q14654	DIP-58643N
Q9UK61	DIP-56150N
P00966	DIP-34055N
Q13936	DIP-29589N
Q9NY59	DIP-60431N
P20591	DIP-35694N
Q15370	DIP-29570N
O00311	DIP-31728N
Q9NQT4	DIP-29846N
O14641	DIP-34433N
P40933	DIP-3046N
P35354	DIP-28131N
P63208	DIP-31606N
Q7Z4S6	DIP-56253N
O14929	DIP-52811N
P51153	DIP-40268N
P62304	DIP-31220N
O14920	DIP-27527N
O75880	DIP-46086N
Q5T4W7	DIP-29113N
P04234	DIP-42855N
P35367	DIP-41996N
Q9Y4R8	DIP-40568N
Q13888	DIP-786N
P01374	DIP-2910N
P26927	DIP-6028N
Q16625	DIP-42791N
P09012	DIP-29407N
Q9H6W3	DIP-53768N
P49281	DIP-48957N
P42229	DIP-396N
Q9H668	DIP-59914N
P63279	DIP-29078N
O00327	DIP-46008N
Q16790	DIP-48973N
O43474	DIP-57667N
O95477	DIP-29211N
Q96NY8	DIP-41492N
Q6P2C8	DIP-31465N
O95786	DIP-35444N
Q96R06	DIP-30998N
P36941	DIP-2928N
Q9Y239	DIP-41064N
P23396	DIP-33177N
Q9Y243	DIP-32584N
P55055	DIP-53004N
O60684	DIP-27609N
Q9UPY6	DIP-61425N
P30153	DIP-29394N
P09874	DIP-38N
O14656	DIP-34411N
Q9UBS5	DIP-38394N
P25789	DIP-29365N
P09132	DIP-41412N
P50750	DIP-29016N
Q93008	DIP-27562N
P24385	DIP-123N
Q9UHI6	DIP-32606N
P34741	DIP-29943N
Q9P0L2	DIP-39777N
Q9NRX4	DIP-48597N
P24864	DIP-149N
P11686	DIP-61551N
O14862	DIP-59741N
Q13627	DIP-39750N
Q92843	DIP-33700N
Q14566	DIP-31727N
Q92800	DIP-58580N
P35269	DIP-677N
Q9NUX5	DIP-29610N
Q16663	DIP-6218N
Q6ZMJ4	DIP-50037N
P02786	DIP-2736N
Q14839	DIP-31183N
P16520	DIP-601N
Q9NTG7	DIP-46861N
Q9BT67	DIP-48958N
Q8TAF3	DIP-50841N
P61077	DIP-29062N
Q9Y4D1	DIP-29641N
Q9NRA1	DIP-59339N
P46736	DIP-48719N
P21246	DIP-5953N
P49674	DIP-38050N
P15104	DIP-308N
O60341	DIP-34641N
Q06190	DIP-29397N
P06493	DIP-35N
P06127	DIP-21N
P20963	DIP-35404N
Q02817	DIP-48824N
P13232	DIP-3044N
Q92889	DIP-42006N
P19875	DIP-5908N
Q9UK97	DIP-60458N
Q96DE5	DIP-56449N
Q96I24	DIP-50124N
Q99961	DIP-29452N
Q9UER7	DIP-27628N
P61978	DIP-31805N
P10767	DIP-6035N
P41182	DIP-2651N
O14908	DIP-31142N
Q3ZCQ8	DIP-34058N
P30305	DIP-323N
P84022	DIP-29720N
O60506	DIP-35540N
P80075	DIP-5871N
P29084	DIP-716N
P61769	DIP-6055N
P37023	DIP-5938N
P49116	DIP-5999N
Q86UY6	DIP-61383N
Q99426	DIP-34409N
P49789	DIP-29947N
Q96FE5	DIP-60981N
Q12996	DIP-48674N
O43929	DIP-29690N
Q7Z7A3	DIP-48632N
Q07812	DIP-232N
P61970	DIP-6057N
Q15011	DIP-46662N
O43918	DIP-47504N
P27694	DIP-24189N
Q15843	DIP-29266N
P27695	DIP-6130N
Q07869	DIP-241N
Q9NPJ4	DIP-41328N
P02686	DIP-36624N
O15446	DIP-27616N
Q9BUL8	DIP-40607N
Q99570	DIP-42310N
P51617	DIP-397N
O95967	DIP-34518N
P15056	DIP-1045N
P09914	DIP-37898N
P11717	DIP-6027N
O15145	DIP-33187N
P15976	DIP-41431N
Q05086	DIP-6002N
P04141	DIP-386N
P12004	DIP-1098N
Q9NRI5	DIP-33828N
P23771	DIP-61302N
Q4VCS5	DIP-53711N
P16333	DIP-639N
Q9H840	DIP-41750N
Q96SB4	DIP-33888N
Q9UQR0	DIP-53760N
Q13618	DIP-31611N
P49792	DIP-37654N
Q96K76	DIP-53629N
P78504	DIP-46371N
Q9Y385	DIP-45598N
O60880	DIP-40768N
P22001	DIP-44822N
O15234	DIP-33288N
P84243	DIP-40046N
Q9UBG7	DIP-60277N
Q96LI5	DIP-46837N
Q92556	DIP-31095N
P41236	DIP-781N
Q8WWW0	DIP-32490N
P04198	DIP-36822N
Q9UIG0	DIP-35642N
P36578	DIP-27559N
Q16186	DIP-42668N
Q9Y678	DIP-29872N
Q6UX71	DIP-46251N
Q9UNN5	DIP-38245N
Q9H792	DIP-56276N
Q7Z6K5	DIP-60587N
P28370	DIP-57685N
Q01831	DIP-31225N
Q96GS4	DIP-29465N
Q03252	DIP-57724N
Q9UK73	DIP-31663N
Q9Y376	DIP-31316N
O43572	DIP-48753N
P49767	DIP-5738N
P32971	DIP-2929N
Q9NPJ1	DIP-60349N
Q08209	DIP-6095N
Q14203	DIP-31365N
Q99873	DIP-30878N
P50281	DIP-35111N
P08833	DIP-59846N
O00629	DIP-32982N
Q9UMR2	DIP-48486N
Q5SYE7	DIP-47303N
P29375	DIP-472N
Q14738	DIP-29961N
O14936	DIP-38727N
Q01813	DIP-45850N
Q01094	DIP-24227N
P21980	DIP-33557N
Q13156	DIP-24241N
O60306	DIP-53576N
Q8WXH5	DIP-29568N
O00560	DIP-42705N
Q76N32	DIP-57845N
Q8WUI4	DIP-29860N
P13861	DIP-552N
Q96CS2	DIP-48835N
Q9UI42	DIP-60558N
Q8NFT8	DIP-46249N
Q96ST3	DIP-31515N
P07437	DIP-32772N
Q8NFR3	DIP-60755N
Q9Y6E0	DIP-40608N
Q9H2X0	DIP-48857N
P49643	DIP-36438N
Q9H5V8	DIP-33861N
P16615	DIP-33868N
Q9NVF7	DIP-56683N
P09913	DIP-48848N
P52566	DIP-40959N
P40225	DIP-5729N
O43557	DIP-3016N
Q86WJ1	DIP-48933N
Q15819	DIP-29830N
Q07864	DIP-24243N
O95185	DIP-46276N
Q8TF40	DIP-57169N
P35228	DIP-59359N
P32519	DIP-185N
P50402	DIP-34638N
Q86V81	DIP-32711N
P14618	DIP-31273N
Q6UWZ7	DIP-29615N
P22692	DIP-48432N
Q04864	DIP-301N
P16109	DIP-37667N
O15394	DIP-56211N
P09486	DIP-46426N
P36507	DIP-29119N
P35244	DIP-24190N
P02647	DIP-29619N
P11388	DIP-33887N
P33176	DIP-29244N
Q15596	DIP-5997N
P09429	DIP-24195N
Q9BV40	DIP-40358N
Q13503	DIP-31471N
Q13309	DIP-17011N
Q96HT8	DIP-29019N
Q92831	DIP-29778N
P49750	DIP-53676N
P49450	DIP-52297N
P06730	DIP-22N
P29460	DIP-3774N
Q96G28	DIP-57013N
O43561	DIP-29231N
P00519	DIP-1042N
Q96CN5	DIP-29482N
P41221	DIP-29735N
P43308	DIP-60652N
Q9GZX7	DIP-48519N
Q9BWF3	DIP-44199N
Q92918	DIP-31019N
Q9P289	DIP-34049N
Q16623	DIP-390N
Q5VT52	DIP-31155N
P19388	DIP-56N
Q7Z4H7	DIP-48830N
P61586	DIP-29642N
O43323	DIP-48538N
O95347	DIP-35422N
Q8N3Y1	DIP-37970N
Q9HCE7	DIP-36709N
P02790	DIP-38339N
P43489	DIP-3024N
Q9BVG8	DIP-52406N
Q02363	DIP-46874N
O15511	DIP-33144N
Q13330	DIP-41751N
Q99933	DIP-3341N
Q92997	DIP-34509N
Q8WXD9	DIP-34890N
Q14493	DIP-57045N
P01569	DIP-6019N
P80188	DIP-29952N
O75340	DIP-33217N
Q13547	DIP-24184N
P45984	DIP-270N
P14324	DIP-50059N
Q92956	DIP-34779N
Q6ZN18	DIP-58581N
Q12931	DIP-6250N
Q12778	DIP-35654N
Q9H4L4	DIP-47511N
Q9NS87	DIP-28133N
Q8N3U4	DIP-35418N
Q08999	DIP-425N
Q9Y2J2	DIP-17035N
Q9UKV5	DIP-29060N
P05107	DIP-478N
A4D1B5	DIP-59240N
Q14980	DIP-32937N
P14921	DIP-35183N
O95396	DIP-31168N
O14939	DIP-38903N
Q8N697	DIP-60839N
P63211	DIP-471N
P18089	DIP-61453N
P46937	DIP-40839N
O14607	DIP-48650N
Q9UJU2	DIP-29946N
P35227	DIP-41880N
Q96MU8	DIP-46462N
P08670	DIP-32507N
Q8NC51	DIP-33819N
P51149	DIP-39879N
O60563	DIP-29891N
O15294	DIP-33491N
Q9BZF1	DIP-56130N
Q9H9G7	DIP-54486N
Q07325	DIP-5892N
P55064	DIP-46292N
Q86Y82	DIP-44225N
Q9C005	DIP-34476N
Q96QC0	DIP-39343N
P35240	DIP-35389N
P40937	DIP-36433N
Q6KC79	DIP-29199N
Q9BVW5	DIP-53658N
P10721	DIP-1055N
P30048	DIP-33600N
Q8IVH2	DIP-59301N
P15408	DIP-48788N
Q9NP72	DIP-60514N
P78559	DIP-36377N
Q2MKA7	DIP-59895N
P08727	DIP-35655N
O00499	DIP-41480N
P78347	DIP-24252N
O60494	DIP-58583N
Q14188	DIP-294N
P10644	DIP-34368N
P49765	DIP-6045N
P11171	DIP-17032N
O60566	DIP-24203N
Q8IUX4	DIP-59966N
Q96EB6	DIP-29757N
P68871	DIP-35526N
Q13438	DIP-37493N
P50539	DIP-205N
Q14114	DIP-48670N
P55884	DIP-31113N
P26951	DIP-3293N
P62136	DIP-38195N,DIP-221N
P15311	DIP-38868N
Q16658	DIP-33171N
P60604	DIP-50750N
Q9UKT4	DIP-38023N
Q16630	DIP-34501N
P13804	DIP-6161N
Q99459	DIP-31731N
Q99729	DIP-50394N
Q96C10	DIP-60792N
O43504	DIP-61482N
Q7L523	DIP-37516N
Q8IZH2	DIP-31174N
Q8N1B4	DIP-57843N
P19876	DIP-5909N
Q9H0F6	DIP-57842N
P07737	DIP-30N
Q92547	DIP-24263N
O00506	DIP-34269N
P09919	DIP-61120N
P25205	DIP-31726N
P11166	DIP-23N
P12830	DIP-477N
Q71U36	DIP-32773N
P29350	DIP-31002N
Q9UBK2	DIP-38449N
P12644	DIP-5795N
Q969G5	DIP-60484N
O75197	DIP-47265N
Q99835	DIP-34574N
Q2NKJ3	DIP-56900N
Q14192	DIP-5980N
Q96PM5	DIP-43981N
P35580	DIP-31110N
Q9BQS8	DIP-60600N
Q8TAQ2	DIP-27611N
Q969U6	DIP-37971N
Q9UNS2	DIP-32478N
Q9H446	DIP-34520N
P17947	DIP-953N
Q06830	DIP-33152N
Q96A54	DIP-48622N
O60500	DIP-36424N
Q6ZSG1	DIP-52693N
Q8TEK3	DIP-56410N
Q9BRT9	DIP-29334N
O60337	DIP-56134N
P11142	DIP-32874N
P52306	DIP-61080N
Q13422	DIP-41110N
Q6P2E9	DIP-31192N
Q9P0U3	DIP-29252N
P00491	DIP-50406N
Q5JU85	DIP-59490N
O60260	DIP-37655N
Q16539	DIP-30987N
Q14318	DIP-42200N
Q9Y2V7	DIP-48931N
P29320	DIP-40307N
Q04917	DIP-27566N
P15509	DIP-635N
Q04323	DIP-29467N
Q969H0	DIP-27613N
O14798	DIP-6242N
Q14061	DIP-46087N
Q9BY44	DIP-40272N
O95714	DIP-37632N
O43921	DIP-48293N
Q15459	DIP-29164N
O75030	DIP-59573N
Q9ULW0	DIP-36727N,DIP-46212N
Q15172	DIP-459N
Q05195	DIP-204N
P04083	DIP-32875N
P35637	DIP-29857N
O75164	DIP-29372N
Q8WTT0	DIP-29513N
O95931	DIP-44565N
P81274	DIP-399N
Q9BUJ2	DIP-39419N
Q9NRR4	DIP-33300N
Q92830	DIP-28146N
O14662	DIP-57570N
P20248	DIP-638N
P61981	DIP-33406N
P61421	DIP-47435N
Q9H845	DIP-53699N
Q9BUH6	DIP-61486N
Q96EQ8	DIP-52778N
P29317	DIP-96N
P08603	DIP-38303N
Q08752	DIP-34893N
P10275	DIP-125N
Q96NY9	DIP-48630N
P22455	DIP-5149N
Q9NQR1	DIP-39133N
Q9Y6X3	DIP-29196N
Q9NZS2	DIP-58613N
Q14498	DIP-32928N
Q03001	DIP-33131N
Q9BUZ4	DIP-40910N
P18887	DIP-39067N
O60784	DIP-30844N
P55735	DIP-39091N
Q16514	DIP-496N
Q9BZF9	DIP-33117N
P14859	DIP-226N
P27708	DIP-39484N
Q9BYF1	DIP-44689N
Q9BVC4	DIP-39481N
Q9UKL0	DIP-35263N
O60447	DIP-38024N
Q9BTP7	DIP-50466N
Q8IUF8	DIP-28141N
Q9C0K0	DIP-44025N
Q96CF2	DIP-38342N
P10827	DIP-31452N
P05129	DIP-39795N
O94953	DIP-47283N
P43490	DIP-29218N
P61086	DIP-32524N
P25325	DIP-613N
Q8IVH8	DIP-48924N
Q6NYC1	DIP-60686N
Q9HCS7	DIP-31646N
Q15788	DIP-30877N
Q15910	DIP-34002N
Q08881	DIP-29974N
P18509	DIP-60936N
Q16629	DIP-31790N
Q8IWZ6	DIP-46566N
O14818	DIP-29363N
P05113	DIP-28N
P63244	DIP-46736N
Q9NPB9	DIP-5918N
P61024	DIP-102N
Q9NQ88	DIP-60093N
Q9NS23	DIP-31270N
P08047	DIP-36N
P21549	DIP-59650N
Q96AQ8	DIP-61861N
P41220	DIP-44289N
Q86TM6	DIP-43982N
Q08116	DIP-59091N
P29965	DIP-3013N
Q96L73	DIP-58517N
Q8IWT0	DIP-61031N
Q52LJ0	DIP-50585N
Q9BZS1	DIP-36584N
Q9NVI1	DIP-29381N
O95822	DIP-60405N
Q13216	DIP-291N
P53350	DIP-29696N
Q96AP0	DIP-29611N
P61326	DIP-33069N
P11021	DIP-33189N
O95071	DIP-32930N
P02778	DIP-5893N
Q16602	DIP-37674N
O15550	DIP-46192N
Q8WUM4	DIP-29327N
Q8IXH7	DIP-34061N
P51812	DIP-38247N
O43521	DIP-29185N
P05198	DIP-39418N
Q3LXA3	DIP-60967N
P32780	DIP-708N
O43896	DIP-40376N
P04275	DIP-29667N
Q9UBU2	DIP-59408N
P36871	DIP-60903N
P30279	DIP-178N
P24723	DIP-44588N
Q9NYG8	DIP-61343N
P49917	DIP-37958N
P49711	DIP-35252N
Q8N5D0	DIP-31627N
P04180	DIP-29620N
P16104	DIP-33604N
P0C0S8	DIP-39638N
Q9H9E3	DIP-32635N
P33992	DIP-27578N
P49771	DIP-6220N
P63000	DIP-29260N
Q01344	DIP-3510N
P49682	DIP-5891N
Q92569	DIP-30925N
P09038	DIP-4012N
Q9GZS3	DIP-36672N
P45983	DIP-249N
P35968	DIP-486N
Q15561	DIP-61626N
Q96Q89	DIP-103N
P22736	DIP-40392N
O60814	DIP-48935N
P21953	DIP-6147N
O00716	DIP-24230N
P41586	DIP-42467N
O75056	DIP-29944N
O43294	DIP-5931N
P09622	DIP-29027N
Q15542	DIP-28150N
O15123	DIP-6048N
Q6PJ61	DIP-52907N
O14810	DIP-56109N
O43502	DIP-41247N
P52943	DIP-49905N
Q7L804	DIP-29139N
P51800	DIP-29432N
Q5H9F3	DIP-60148N
Q9NTX7	DIP-52730N
P01009	DIP-35493N
Q9H9A5	DIP-46839N
Q16760	DIP-29646N
Q9BUI4	DIP-59078N
Q7RTN6	DIP-35775N
P08151	DIP-32536N
Q9P2R3	DIP-46068N
Q9P2I0	DIP-42500N
P57771	DIP-59093N
Q12840	DIP-37584N
O15169	DIP-34630N
P09603	DIP-41860N
Q13563	DIP-47455N
Q8TEX9	DIP-32944N
Q92793	DIP-952N
P33778	DIP-47505N
P21579	DIP-34042N
P06702	DIP-1166N
Q9BYB0	DIP-52267N
P68106	DIP-48796N
O75376	DIP-29402N
Q12791	DIP-29729N
Q9NYY3	DIP-48943N
Q92973	DIP-29335N
Q9UQ84	DIP-36701N
Q9BPZ7	DIP-39480N
Q13323	DIP-928N
Q9BW66	DIP-49011N
P43268	DIP-748N
P26045	DIP-38839N
P08514	DIP-68N
P20700	DIP-34897N
Q92552	DIP-44136N
O75351	DIP-53790N
Q15554	DIP-34052N
P21333	DIP-1136N
P42226	DIP-39855N
A6NKD9	DIP-56878N
O15379	DIP-24253N
P36896	DIP-427N
