A6NEK1	P06422	0
Q8IYX3	P06459	0
Q5JSZ5	P17384	0
Q68DD2	P03129	0
Q96CD2	Q6TY28	0
P48050	A0A220NMU2	0
Q6UXZ4	P17382	0
Q9BPX7	P03119	0
Q6P0A1	P04020	0
Q9NQ92	P03107	0
O15382	P03116	0
Q9Y6D5	A0A220NMU2	0
Q3KNV8	P17385	0
Q8NFZ4	P36780	0
Q96QG7	P26554	0
P05162	Q80901	0
Q8NCL9	Q6TY35	0
Q8WYP3	P04017	0
Q9Y4W2	P27962	0
O75907	P03101	0
Q9BVC4	A0A160CDL8	0
O43187	A0A384KQ78	0
Q56VL3	P36801	0
Q9BRA2	P04013	0
P34130	P11298	0
P17535	P03129	1
Q5DID0	Q8B5B5	0
E5RHQ5	P17386	0
Q15021	P36778	0
Q96B33	P06933	0
Q86TS7	P36780	0
Q8WUT4	P03114	0
Q2TAL8	Q9ICL0	0
Q9NZN5	Q9ICL1	0
Q8NHS2	P36827	0
Q96B01	P36810	0
P19013	A0A160CDL8	0
O14787	Q77E16	0
Q8N535	P36810	0
Q8IZW8	P06423	0
Q8IZ20	Q9QNP8	0
Q2KHN1	P06429	0
P05976	P06430	0
Q8NHP8	Q80907	0
P49915	A0A384KQ78	0
Q969Q4	P06927	0
P51814	P06461	0
Q2M2Z5	P03101	0
P25787	P06921	1
O43805	P36810	0
Q9BVP2	P36827	0
Q8IZN7	P06790	0
Q8NGE3	Q80901	0
Q99741	P36778	0
O95405	P06465	0
Q9BQ75	P17388	0
Q05315	P06461	0
O95236	P03121	0
P56182	P03130	0
Q96AQ9	Q77UU1	0
Q8IY67	E7BBT6	0
Q05086	P04013	0
P32971	P03126	0
O75362	P06933	0
Q15797	P06427	0
P62875	P36801	0
P28358	P06465	0
Q9Y4Y9	P06790	0
Q9NTN9	P36810	0
Q96LR2	P06933	0
Q9UBU2	P06463	0
Q96K19	P06792	1
Q96D98	P03130	0
Q9UPV7	P03116	0
O76054	Q80908	0
Q99747	P36807	0
Q8NGA6	P04015	0
Q9H2K0	P17383	0
Q9HAK2	O57125	0
Q8WV60	P36780	0
Q9UGV2	O57125	0
Q96IX5	P06460	1
O00634	P04019	0
Q9H5L9	P04020	0
P29017	P0DKB0	0
Q6ZVQ6	P36801	0
Q9H3W5	P06932	0
Q14C86	P06794	0
Q9H6R4	Q9ICL1	0
Q8WZ26	Q80901	0
Q9UJM8	Q9QNP8	0
Q9NZV8	P06459	0
P0DMW2	Q9QLP4	0
Q8WWW8	P36827	0
O14519	P06462	0
Q4V321	Q77UU1	0
Q96BI1	B9UPF3	1
P35789	P26555	0
O00299	Q9QNP8	0
P50238	Q9ICL1	0
P12644	P06792	0
Q08AE8	B9UPF3	0
Q8N4S7	D7GM08	0
Q8N7R0	P03116	0
Q4AC99	P36780	0
Q9C030	P04014	0
P35052	Q77UU1	0
Q9BXQ6	P50804	0
Q8TBZ2	P50804	0
Q2YD98	P06930	1
P53350	P06459	0
P21815	P06463	0
Q9Y5E1	P36778	0
Q9NR71	Q80901	0
Q9HB65	P06922	0
Q75NE6	B9UPF3	0
Q6P4F2	P17388	0
Q9H1M4	P06930	0
P40197	P36741	0
O75871	Q77UU2	0
Q14847	Q80901	0
Q5SQN1	P04015	0
O14520	Q77UU1	0
A6NCI5	P06931	0
Q5BJD5	P03105	0
E7ETH6	P50804	0
Q9BXU3	P17382	0
P60368	P06460	0
P53367	P06921	0
Q13510	Q8B5B5	0
P22059	P26555	0
Q9BUR5	P06931	0
Q12824	P04014	1
Q96BQ3	Q778F3	0
Q9NRL2	Q77UU1	1
O00217	P06463	1
P04234	P06429	0
O43257	P03122	0
Q8TB52	P36778	0
P51571	B9UPF3	1
Q96DZ5	P21735	0
H0UI37	P06929	0
Q93097	P06921	0
Q86YG4	P21735	0
Q7Z406	P06794	0
Q9Y4P1	P03114	0
E7ETH6	P06463	0
Q9UNZ5	P03120	0
Q92609	Q77UU2	0
P02795	P24830	1
A6NJ08	P06790	0
P78545	P04020	0
Q711Q0	P03114	0
P09601	P06428	0
Q6UX41	P21735	0
Q9H165	P03114	0
Q6PIU2	P03126	0
Q8WU79	P36807	0
Q8N3F9	P17382	0
O14795	P03122	0
O15305	P03118	1
Q16720	P24830	0
O94805	A0MPS7	0
Q86VV4	P06430	0
P49406	P24835	0
P61758	P50804	0
P51178	P24830	0
Q1X8D7	P06790	0
A0A2U3U043	P06932	1
Q6ZSM3	Q77UU2	0
Q1W6H9	P03121	0
P17041	P36741	0
Q9BUR4	E7BBT6	0
Q8TDV5	P24830	0
Q9Y3B4	P11298	0
P0C7N5	Q80907	0
Q8WXF8	P21735	0
P0DMW2	P24830	0
Q8TET4	Q9QLP4	0
Q0P140	P06921	0
Q9NQ76	P03114	0
Q8WU39	P36778	0
Q14790	P06422	1
P0CAT3	P24835	0
Q4VC05	P36807	0
P10911	Q8V1J0	0
Q03721	P0DKB0	0
P24298	Q9WH13	0
Q68E01	P03116	0
Q9BSA9	P17388	0
Q15022	Q9QLP4	1
A1L4Q6	D7GM08	0
Q13507	B9UPF3	0
Q9Y5S9	P06430	0
Q8IZX4	P17387	0
P20226	Q77UU1	1
Q8WVN8	Q9QLP4	1
Q9NR77	P36817	0
O00631	P06429	0
Q9NYF5	P03113	0
O95140	Q9ICL1	0
Q8NAT2	P54667	0
Q6ZW76	P06933	0
O14974	P17385	0
Q9NQX1	P03119	0
Q07325	Q07857	0
Q9HDC9	Q77UU1	0
P15884	P17388	0
Q9UKN7	P54667	0
Q8IZ81	P04019	0
Q8TAP9	P06792	0
P24462	P06794	0
Q7Z3H0	P50804	0
Q12959	Q9QNP8	1
Q07955	P36780	1
Q9Y6Q9	P03120	0
Q13950	P06921	1
Q9Y3A4	P24835	1
Q15562	Q8B5B5	0
Q9Y4C5	P06427	0
Q9H492	P36791	0
Q8IYB8	P04019	0
Q01581	P06430	0
O75376	P36780	0
Q9Y5K5	P06422	0
Q96PC2	Q9ICL0	0
Q5SR56	P06430	0
Q8N8G6	P03113	0
Q8N1E2	P06794	0
Q9UIW2	D7GMA9	0
Q9UD57	Q80908	0
P04271	P36791	0
P54098	P06790	0
Q8NH18	P06428	0
P52848	E7BBT6	0
Q5U5R9	P06423	0
Q6UWW9	P36791	0
A0A075B6S5	P26554	0
Q6UXG3	A0A220NMU2	0
Q5W150	P06429	0
Q8IYB0	A0MPS7	0
Q6DHV7	P27962	0
O60524	P17383	0
Q15072	P06931	0
O95841	P11298	0
P03999	P06430	0
P09488	P17383	0
P36578	P06428	1
P56192	P06429	1
Q9H0K4	P06426	0
Q9H8S9	P04013	0
Q8WW62	P06932	0
Q15375	P17389	0
P22304	P03118	0
P02652	P06791	0
P50395	P03129	1
P58550	P06423	0
Q03013	P06932	0
Q96RU3	Q77UU2	0
O15172	P24830	0
O95159	P36807	0
O00587	P03120	0
Q15113	P04013	0
P50391	P27228	0
Q9H1M0	P06463	0
Q96EL3	A0A089NDG7	0
Q6NUI6	P24835	0
A0A0A0MRZ7	P36807	0
O43314	P27962	0
Q5VX52	P03130	0
Q96BZ8	Q77UU2	0
Q5BKY6	P04017	0
P41182	P27228	0
Q96MT1	P06921	0
Q9P1T7	P21735	0
P47710	Q80907	0
Q96T23	P06423	1
P61981	P17389	0
A0A2R8YFB8	P03120	0
P25025	P03121	0
Q8TBA6	P06462	0
O75366	P06426	0
Q8N427	Q8B5B5	0
Q76LX8	P04013	0
A0AUZ9	P36741	0
A0A0C4DH31	P03122	0
A6NKG5	P27228	0
P35226	P04020	0
Q14542	P06428	0
Q9ULC8	P06921	0
Q5VXM1	P06794	0
A0A087WTH1	P06929	0
Q9BUB7	P36801	1
Q9BUM1	P36799	0
Q5JXX7	A0MPS7	0
A6NNL0	P36778	0
Q86W24	P06465	0
Q9H300	A0A089NDG7	0
Q96DT6	P06460	0
P25325	P36827	0
Q99523	P06422	0
P18887	P06462	1
Q8NC54	P06790	0
Q9H974	P36827	0
Q96KN8	P36810	0
Q9Y5F3	P04014	0
Q9Y5F6	P06789	0
Q9P291	P36801	0
Q8NHQ1	P06461	0
Q9H2T7	P06427	0
P30990	Q77UU2	0
P62891	P06428	1
Q13637	P06460	1
Q8NEV8	Q9ICL1	0
P46939	P06463	1
Q8NGA0	P50804	0
E9PQR5	P03122	0
P0C870	P03113	0
Q8NFJ5	Q80901	0
Q8TDG2	P36810	0
P51449	P03129	0
P20155	P27962	0
Q969X5	B9UPF3	1
Q9P2P5	P06927	0
Q8N7Y1	P03116	0
P06733	P36827	1
Q5JS37	P36778	0
P09919	P06927	0
Q96CP7	P06789	0
Q5T442	P03105	0
Q03518	B9UPF3	1
Q13686	Q77E16	0
P43250	P17387	1
P14314	P04013	0
O15482	P03120	0
Q9H4I8	P21735	0
P61803	P17385	1
Q8NEF3	P36741	0
Q9GZT6	P04017	0
Q96I24	P06789	0
O00219	P03101	0
P10809	Q80908	0
P52306	P06933	0
P11388	Q778F3	0
P40337	Q9QLP4	0
A8MUU1	P24830	0
O94876	P06429	0
P25116	Q77UU2	0
P55263	P26554	0
Q9P0P8	P04015	0
P45381	P03118	0
P18850	P11298	0
Q8IW45	P03130	0
Q2T9K0	P03119	0
Q9P107	P17389	0
P22531	P17383	0
P01611	P06423	0
Q12800	P06463	0
P35080	P06428	1
A0PJX8	Q9QNP8	0
Q9NQS7	P06462	0
Q9NRK6	P50804	0
Q96FA3	P36807	0
P50750	P36778	0
O94823	P04020	0
P06734	P06791	0
P06493	Q778F3	0
Q8TAD4	P06459	0
A6NE21	P0DKB0	0
A0A075B6X5	P06459	0
Q92502	P03120	0
Q9C0K1	Q9WH13	0
O15260	Q80901	0
A0A1B0GVR7	P03105	0
Q6P2H8	A0A220NMU2	0
Q15835	P06792	0
P56597	P03113	0
Q16836	P06430	1
P61225	P21735	0
Q6PCB7	B9UPF3	1
Q9NPY3	P06921	0
Q53TQ3	P06930	0
Q9NS84	A0A160CDL8	0
A8MTL3	P27962	0
Q9NYF3	P36791	1
Q8NG08	P17384	0
Q99832	P06929	1
Q5T601	E7BBT6	0
Q01813	P03122	0
Q05516	A0A160CDL8	0
O75496	A0MPS7	0
O95865	P03126	0
P57796	P04020	0
O94973	P06464	1
Q68D06	P50778	0
Q8TB36	Q80907	0
Q8IX07	A0MPS7	0
Q6IS24	P03107	0
Q96KG7	P03129	0
Q06730	E7BBT6	0
Q9H0Y0	P03120	0
A8MVJ9	P03113	0
P48764	P06427	0
Q2M3C7	P04015	0
P78509	P06465	0
Q8NGC5	P06463	0
P0C091	P03121	0
Q8IXQ6	P06426	0
Q9BWL3	Q77UU2	0
Q13077	P06423	0
Q6PIW4	Q80908	0
Q99963	A0MPS7	0
B1AHL2	P06463	1
O94779	Q8B5B5	0
Q9HCS5	P36780	0
O95251	P06423	1
P29084	P06792	0
P23490	P36741	0
P30954	P06921	0
Q7L523	P06790	0
Q5T2D2	P06426	0
Q8N6M3	P06792	1
Q5JPI9	A0A089NDG7	0
P12872	P17388	0
Q9NY61	P03101	0
O95057	P06462	0
O14556	P06426	0
Q9BQ83	P17386	0
Q9BT23	Q80908	0
Q49AM3	P06792	0
E7EW31	P54667	0
P13667	P36778	1
O60909	P04017	0
Q9H840	P06463	1
Q15270	P06426	0
P36888	P06790	0
Q6T310	P17388	0
Q86XZ4	P26554	0
Q8NAE3	P54667	0
P59510	Q778F3	0
Q86WC6	Q6TY35	0
P07339	P06427	1
Q9H788	P17386	0
Q96AG3	P03116	0
P10747	P03118	0
Q9BT22	P36741	0
Q8N350	P03121	0
Q9H939	P06426	0
Q8NBJ9	P21735	0
Q8N302	P03118	0
O43303	P36778	0
Q8NCP5	P06788	1
P78508	A0A089NDG7	0
Q5J8X5	D7GM08	0
Q9GZZ8	Q9WH13	0
P47890	P50804	0
Q8NEN0	O57125	0
Q8IV01	Q8V1J0	0
Q96JX3	P06927	0
Q99615	P04015	0
P32971	P06430	0
P02656	P04014	0
Q02161	P03116	0
Q01118	P50804	0
Q7Z3B0	P06462	0
Q53G59	P03105	0
Q96QI5	Q80907	0
Q4ZIN3	P06460	1
Q9UHW5	P04019	0
Q29980	P0DKB0	0
Q8WYB5	P03120	0
Q8NAS9	P04013	0
Q13033	P17386	0
Q13530	P03114	0
Q9BVK8	D7GMA9	0
A4D0R1	P36799	1
Q6ZRT6	P03120	0
Q9NTI7	P11298	0
C9JL84	P03120	0
Q16773	P03116	0
P59036	P03118	0
Q12959	P06462	1
Q14790	P04015	1
O94763	Q9ICL1	0
A1L020	P17388	0
P52737	P06789	0
Q15907	P04017	0
P78537	Q77E16	0
Q96MM6	P03122	0
P49326	P03113	0
P09917	P17383	0
O14958	P36810	0
Q9NR34	P03122	0
Q13009	P03130	0
Q9BXL6	P17386	0
Q8TCT4	P06791	0
P28472	P04019	0
Q4VNC0	P06430	0
Q4G0J3	P03129	1
Q16718	P17385	1
P20226	P36778	1
Q96B18	Q8B5B5	0
O15182	P50778	0
Q04725	Q9QNP8	0
Q14832	P17385	0
P40227	O57125	0
Q99689	Q8V1J0	0
Q01196	Q07857	0
Q86TB9	P27962	0
Q13065	Q9QNP8	0
Q9Y2A4	P06791	0
O95807	P06930	1
Q9P0I2	P36810	0
Q8NE31	P17385	0
Q9UMZ3	P24835	0
Q9H2H9	P50778	0
Q8NG84	P26554	0
P27824	A0A160CDL8	0
P10589	P06427	0
Q99807	Q9WH13	0
Q8NBN3	P06460	1
Q9NZ53	P03122	0
P18669	A0A089NDG7	0
Q86Y33	P06423	0
P49810	P06792	1
Q4KMZ8	P03118	0
U3KQ56	P24835	1
Q8NGS7	P04014	0
Q8IVW1	P11298	0
Q13148	P03129	1
Q6EBC2	P26555	0
Q6P5X5	P17382	0
Q8NGI7	A0A384KQ78	0
Q6NV74	D7GMA9	0
P28074	P06428	1
Q9UC06	D7GM08	0
Q01813	Q9ICL0	0
A8MYR2	A0A384KQ78	0
Q8N8R5	P03107	0
Q13287	P06423	1
Q5VYS8	P0DKB0	0
Q8NHV4	Q9QNP8	0
Q8N7X4	Q9QLP4	0
Q9GZS3	P27962	0
P38398	P03129	1
Q7Z5S9	P17385	0
Q14693	P36780	0
Q14929	Q9ICL0	0
Q99623	P06792	1
A6NI87	Q9WH13	0
Q9ULV4	P26554	0
A0A075B6V5	P03122	0
B7U540	P06921	0
Q8IX18	P06430	0
Q6UE05	P36807	0
P31276	P36780	0
Q8N8U3	P27228	0
Q13620	Q9QLP4	0
P35221	P24830	0
P19320	P03113	0
Q7Z5L7	P06788	0
Q8NGS8	P36791	0
P47928	P0DKB0	0
P17947	Q9ICL1	0
Q13330	P03129	0
P18887	E7BBT6	0
Q8N806	P36791	0
Q9UPY5	P06460	1
P09919	Q778F3	0
P08514	P03116	0
Q8N8N7	P17389	0
Q5JX69	A0A160CDL8	0
Q5JU69	P21735	0
Q9NRD1	P04017	0
Q6ZNG1	P03119	0
Q8NEG2	Q77E16	0
Q6PF15	P06794	0
Q96RS0	P36791	0
Q9Y5L2	O57125	0
Q9UN81	P06929	0
Q96EK5	Q80901	0
Q6T310	P17386	0
Q9NQC3	P06792	1
Q96AZ1	P06933	0
Q6ZVQ6	P50804	0
Q9BX84	P06933	0
Q96A04	P03105	0
P48723	P06465	0
Q14192	P06465	1
Q96EX2	P17384	0
Q96CM3	P03116	0
P51857	P0CK45	0
Q13287	P36780	1
Q9UKY0	P36817	0
Q6NXT4	Q9QLP4	0
Q02241	A0A089NDG7	0
Q8IVF4	P06933	0
A8MTZ0	Q9ICL1	0
P15976	P06459	0
P59817	Q8B5B5	0
A8MXK9	P06932	0
Q6UXQ8	Q77UU1	0
P18507	P36810	0
Q5T1Z8	P03126	1
A0A0B4J2H0	P06921	0
P07339	P06929	1
Q8N2E6	P06921	0
Q0VDE8	P17389	0
Q71F56	D7GMA9	0
P22314	P03120	1
Q8NBN7	P06423	0
P19256	Q6TY28	0
Q9H4S2	P03116	0
P19404	P03121	0
Q9NV64	P03122	0
P22105	P06792	0
Q92830	P36801	0
P49862	B9UPF3	0
Q96RL1	Q77E16	0
P05121	P21735	0
Q86YF9	P17389	0
Q9NPE2	P06931	0
Q9H8W5	E7BBT6	0
A0A0B4J272	P03101	0
Q8WYB5	Q6TY35	0
P61619	P06460	1
O60610	P06791	0
Q96GX8	P26554	0
Q6PH85	P50804	0
Q8WU79	P06422	0
Q8TD31	P17383	1
Q9UBI4	Q9QNP8	0
Q17RA5	P03120	0
Q9BYZ8	P06788	0
P61077	P36778	0
Q9UHC7	P36827	1
O14598	P06930	0
A0A0B4J2D5	Q80908	0
Q9NS68	P06465	0
Q06413	Q80908	0
P0C264	Q77E16	0
P22670	P06927	0
Q96JF6	P0CK45	0
Q8NH05	P50804	0
P78329	Q80907	0
Q9BZZ2	P06932	0
Q92521	P03129	0
Q9NUD7	P04015	0
P60606	P17387	0
O15041	D7GMA9	0
Q9NZN4	P50778	0
P55201	P03107	0
Q92896	P06461	1
Q14974	P03126	1
O96006	Q8B5B5	0
O15127	P0CK45	0
Q8N448	P06430	1
A6NFC9	P17387	0
Q9Y2L1	Q80907	0
Q7Z5L9	B9UPF3	0
Q8NHV4	P17386	0
Q9BPX1	Q80908	0
Q9BRP0	P06922	0
P39059	P03119	0
Q9Y3Y4	P06430	0
Q2M3C6	P17382	0
Q9P2D7	P0DKB0	0
P01106	P03129	1
Q8TEK3	P03121	0
Q8IV48	P36741	0
Q6ZRI8	P06461	0
Q8WVN6	P06929	0
Q9ULL8	P06788	0
Q9UFV3	P0DKB0	0
Q9NZ53	E7BBT6	0
Q9NY97	Q9WH13	0
Q8IWZ3	P24835	1
E9PF18	P06429	1
Q9H2K8	P06921	0
Q96IX5	P06461	1
O75955	P06429	0
P30520	Q8B5B5	0
P49638	P21735	0
Q15124	P03120	0
Q8N427	P06788	0
Q5W0B7	P26554	0
A0A0C4DGB5	P06788	1
A0JNW5	P06921	0
Q9NRY4	P03129	1
P58546	P06931	0
Q3SXY8	P0DKB0	0
P11831	P36817	0
Q9HB31	A0A384KQ78	0
Q9H8M2	Q9QNP8	0
Q96PQ5	P06789	0
Q09428	P03113	0
Q8IYI8	P06930	0
Q9UBK5	P27228	0
Q15418	Q9ICL0	0
Q8IYI6	P06428	1
P53582	P06465	0
A8MV24	B9UPF3	0
Q6PK57	P17383	0
O95800	P36741	0
Q96HZ7	P06922	0
Q9H340	P03116	0
Q02325	P06922	0
Q8IX95	Q9QNP8	0
Q9Y2K2	Q6TY35	0
Q86VF2	P17385	0
Q9UPR0	P06463	0
Q9UBM7	P27962	0
Q5SRE5	P03122	0
Q96DY7	B9UPF3	0
O94889	E7BBT6	0
Q14982	P06790	0
P54922	Q77UU2	0
Q9Y244	P06429	0
Q8NDH6	P21735	0
Q9UKY1	O57125	0
Q15771	B9UPF3	0
P25942	P06788	0
Q8TEK3	A0A089NDG7	0
Q9NYU2	P06423	0
Q7Z2E3	B9UPF3	0
Q7Z2E3	A0A220NMU2	0
P32418	P04019	0
Q9HCU8	P06922	0
Q9BSJ1	A0A384KQ78	0
O95970	Q77E16	0
P56945	P06933	0
O00574	Q77UU2	0
Q9NQX5	A0A089NDG7	0
Q8NE63	P36801	0
P27824	B9UPF3	1
Q5T447	P17383	1
Q8WVT3	P36801	0
A1A4V9	P06461	0
Q96T92	P03113	0
O60271	Q9WH13	0
Q8N5N7	P36810	0
P55345	P03130	0
Q9NUX5	Q6TY35	0
Q8TEC5	A0A384KQ78	0
P12111	P06790	0
P0C7T7	Q6TY35	0
P30876	P06932	0
Q15650	P36827	0
Q8TE82	A0A384KQ78	0
Q86XP6	P06465	0
O95050	P36799	0
Q8IV36	P27962	0
Q9UNS2	P06459	0
Q96BM9	P24830	0
P98187	P26554	0
Q12918	P06426	0
Q8TDI0	P03116	0
Q86TX2	P36827	0
Q86V20	P06423	0
Q9UGU0	P06423	0
O60238	P06460	0
Q8N1K5	P03118	0
Q92537	P03116	0
Q9BZK7	P06427	1
Q9P0J1	P06460	0
A6NGY1	Q6TY28	0
P67812	P03101	0
Q99460	P17382	0
Q9NT22	P50804	0
Q9BWM7	P36741	0
C9JLJ4	P03118	0
Q2TAL6	P06921	0
Q9H7Z7	Q778F3	0
Q9BYQ9	P50804	0
Q8NFR3	P03118	0
Q8NGI9	P06927	0
O60381	P36827	0
Q6UWJ8	P06430	0
Q9Y2Y4	P03130	0
Q5T1J5	P50804	0
O75461	Q8B5B5	0
Q8IUI4	P06921	0
Q9UHV8	P17384	0
Q99650	P06427	0
O14595	P36807	0
Q16825	P17387	1
P27361	A0MPS7	0
Q8WY91	P17389	0
P38570	Q9ICL1	0
Q5VZ19	P06931	0
Q9GZL7	P36810	0
Q96FI4	P06459	0
A0A075B6W5	P06794	0
Q8N9V3	A0A220NMU2	0
Q9P225	P06788	1
P13994	P36807	0
Q8WW14	P04014	0
P56746	P36801	0
P30679	Q9ICL1	0
Q8N7C3	P06459	0
O14647	A0A089NDG7	0
P37173	P11298	0
P12645	P03119	0
Q92997	P03118	0
P59037	Q07857	0
A0A1B0GVQ0	P06922	0
Q86U10	P36741	0
P82933	P03126	0
Q9BXS6	P06789	0
Q9HB29	P06426	0
Q6ZRP5	A0A384KQ78	0
Q8IY85	Q9QNP8	0
Q99665	P36741	0
Q92905	P06423	1
P04731	P06462	0
Q8N9L9	P26555	0
O94768	P06927	0
O95239	Q9QNP8	0
P10720	Q07857	0
O95365	P17387	0
P0DP06	Q07857	0
Q9BWM7	Q6TY35	0
O14753	P06423	0
P49286	P50804	0
Q9UHK0	Q07857	0
O00232	Q77UU1	0
Q8IVN3	Q9QLP4	0
Q13241	P03107	0
Q969K3	P03130	0
A0A0C4DG91	P06463	1
Q4LDR2	P04013	0
Q15436	P17384	0
Q6UXG3	B9UPF3	0
Q9UHD0	P06789	0
Q13072	P06430	0
Q6NXG1	P36801	1
P20839	P24835	1
Q9H3L0	P06789	0
Q6PDA7	A0A384KQ78	0
Q9UK97	P17389	0
Q5VTU8	P06789	0
Q8N163	P03120	0
P35218	P17385	0
O95684	Q77UU1	0
P23677	Q80908	0
P62807	A0MPS7	0
Q6P4R8	P03119	0
O43572	P17382	0
Q9H165	P06465	0
Q8N137	D7GM08	0
A8MTB9	Q778F3	0
Q5T1Q4	P36817	0
Q6NY19	P03129	0
Q8IYB7	Q07857	0
A6NM28	A0A089NDG7	0
Q9Y5R4	Q77E16	0
Q15532	P03107	0
C9JLW8	P06460	0
Q86Y27	P06428	0
Q9NV29	P26555	0
Q99584	P06460	1
P05198	P03130	0
Q2NKJ3	P17389	0
P51861	P03116	0
Q96HF1	P36778	0
Q9Y2Y4	P54667	0
Q6PL24	P26555	0
Q5TD94	P17385	0
Q2WGN9	A0MPS7	0
O00764	P36817	0
P54578	Q6TY35	0
Q0VD83	P36778	0
Q9UKC9	P03126	0
P00167	Q9QLP4	0
Q86X27	P21735	0
A6NHP3	P50778	0
P25789	P03126	1
Q9P0V9	P26554	0
Q15517	P03119	0
O14593	P03101	0
Q99259	P03113	0
Q96KT7	P17382	0
Q5JUW0	Q80908	0
O43827	P06929	0
Q9H5L6	Q9WH13	0
Q9H446	P06428	0
A6QL63	P03107	0
Q2TAL6	Q9ICL0	0
Q9BY60	P04014	0
Q9Y2W2	P27228	0
Q68CQ4	P0CK45	0
P50443	Q778F3	0
P23083	Q9WH13	0
Q92993	Q8B5B5	0
Q96B77	A0A384KQ78	0
Q16363	P06791	0
Q969K4	P06927	0
Q8NGA2	P17383	0
Q8N7X1	P06461	0
Q13630	P06428	1
Q8N3T1	A0MPS7	0
Q9UHV9	P17387	0
P23025	Q8V1J0	0
Q8N7Q3	P36807	0
P43116	P06933	0
Q8NGB6	Q80908	0
P13010	P03120	0
Q9H7J1	P04014	0
P52655	P27962	0
P35638	P06465	0
Q8NA31	P03119	0
Q9BYT3	P36780	0
Q15582	P06929	1
Q99698	P36780	1
P06733	P06422	1
P07954	P03126	0
Q13296	P06931	0
P84157	E7BBT6	0
P56557	P03122	0
Q9Y2P7	P06427	0
Q9BWF3	A0A384KQ78	0
Q9Y6T7	B9UPF3	0
P51685	D7GM08	0
O75638	P21735	0
P01701	P06461	0
Q8IWU6	P06460	0
Q15628	P03107	0
P61567	P06789	0
Q8IXK0	P06430	1
P0C864	P36827	0
Q5VUJ5	P06933	0
Q96MD7	P06428	0
O43189	P03120	0
Q8TDD5	P06788	0
Q9GZP9	Q77UU1	1
O60499	P03130	0
Q9UJA5	P03119	0
Q8TB52	A0A089NDG7	0
Q8IWU9	P36778	0
Q6ZT07	P03107	0
O75325	P06423	0
P54108	P03119	0
Q6NTF7	Q77UU2	0
Q9H867	P06428	0
P0DMB2	P06789	0
Q6WKZ4	P06429	1
O95843	A0MPS7	0
Q76L83	P06792	0
Q8NGJ0	P04020	0
P63123	P06459	0
Q9BVG9	P26554	0
Q96MP5	Q9ICL1	0
O94956	P36791	0
Q9UHD0	Q80908	0
P0CB33	P0DKB0	0
P28799	P17387	0
Q02252	Q77UU1	0
Q96C90	P06932	0
Q5T5F5	P36778	0
P51452	P06792	0
Q53FV1	D7GM08	0
B3KNF6	P06792	1
H3BR10	P36799	0
P78369	Q80907	0
Q9BUV0	P24830	0
Q9BRQ6	P0CK45	0
O94842	P06429	1
Q8TB69	Q77UU2	0
P51172	P03107	0
Q8TD43	P06460	1
Q9P244	A0MPS7	0
O00479	P04014	0
Q9H814	P06430	0
Q5VTH2	P17384	0
Q9UP83	P17389	0
P61266	P17382	0
A8MZA4	P06422	0
Q9NZ45	A0A160CDL8	0
O75907	P06790	0
Q13415	P06792	0
Q9GZX6	Q07857	0
Q5T5U3	P06463	1
P30086	P17387	0
Q13072	P03114	0
Q9Y4D2	P17388	0
P48039	Q8V1J0	0
P16144	P24830	1
Q5TGP6	P17383	0
Q86U44	A0MPS7	0
P22732	A0MPS7	0
Q9Y375	A0MPS7	0
P22087	P06932	0
Q9BTD8	Q9QNP8	0
Q8NE86	Q6TY28	0
Q08117	P06461	0
Q9HCP6	P50778	0
P0DPB3	Q778F3	0
Q8IWF6	A0A384KQ78	0
Q9HAU4	P11298	0
A0A087WVE2	P03116	0
Q9Y3Q7	P06929	0
P0C7X1	P26554	0
Q86WA9	P36801	0
Q96FA7	O57125	0
Q9GZY6	D7GM08	0
O14980	P06459	0
Q9UBM8	P06931	0
Q24JQ0	P17389	0
Q2TAA5	P06791	0
Q13515	P03122	0
Q5TG30	P03116	0
P00450	P36807	0
O14578	P06427	0
Q969S2	Q778F3	0
Q8NI27	P17389	0
A8MWE9	Q778F3	0
Q9NYG8	P04020	0
Q96RY5	P24835	0
Q8WW14	P06463	0
Q9UKR0	D7GMA9	0
Q9HCQ5	P06930	0
Q5HYL7	P06794	0
Q01469	P04019	0
G5E975	P06465	0
Q9P2X8	P36791	0
Q96GS4	P0DKB0	0
Q5JUK9	Q6TY28	0
Q9NYR9	P06929	0
Q9NS18	P04013	0
Q6ULP2	P03126	0
Q08334	P24830	0
O75923	P0DKB0	0
Q9H2U2	P24830	0
Q9HCH0	P06931	0
P61086	P36780	0
Q8N841	P17389	0
P16619	P03121	0
Q96PU8	P26555	0
P60201	P0CK45	0
P11166	P06465	0
Q9BTM1	Q9ICL1	0
P61582	P03122	0
A6NHB5	B9UPF3	0
P15586	P06428	0
Q9BSU3	P04017	0
Q3LI67	P36799	0
Q5TD97	P06422	0
Q08AG5	P36810	0
Q5SQH8	P0DKB0	0
Q9NY28	Q8B5B5	0
Q9UPX8	P06426	0
Q96MX3	O57125	0
Q9Y446	P03116	0
P12524	P0CK45	0
Q7L9B9	Q77E16	0
Q9Y6J6	Q77E16	0
Q6ZRN7	P06423	0
O95153	P06788	0
Q14410	P04015	0
P49006	P06933	0
Q86XE0	Q07857	0
Q12772	P06788	0
Q7KYR7	P06430	0
Q8N5I9	P06426	0
Q14254	P11298	0
P04430	Q8B5B5	0
Q9P0S3	P03107	0
O43824	P36817	0
Q8IUB3	Q6TY35	0
P52742	P21735	0
P80748	P06461	0
P41273	P17388	0
Q8WUZ0	P06430	0
O14764	A0A160CDL8	0
Q9Y376	P17387	1
O15079	P06427	0
Q8NH67	P03113	0
Q96HP4	Q77E16	0
Q8IW03	P06931	0
Q8N0Y3	E7BBT6	0
Q8TAS2	A0A384KQ78	0
A8MW99	D7GMA9	0
Q5T7W0	P06930	0
Q8NHS4	P17384	0
P24928	P24835	0
Q5T5P2	P06931	0
Q6UXX5	P03119	0
Q17RN3	P27228	0
P10114	E7BBT6	0
Q5JRV8	P03118	0
Q8IY45	P54667	0
Q9Y244	P36780	1
Q9BQA9	P06931	0
P62318	P36810	0
Q6UX40	P06462	0
P0DPD7	Q77E16	0
Q8TEU8	P27962	0
P55327	P03101	0
Q8NBS3	P36817	1
Q8TB52	P03101	0
O60667	P0CK45	0
Q9NWT8	P03114	0
Q07955	B9UPF3	0
Q9Y5Q3	Q8B5B5	0
Q8WXI3	P36810	0
Q6SJ96	P17382	0
Q6L8H4	P36807	0
O95409	D7GMA9	0
Q9BQB6	P06792	1
A0A075B6U4	P36791	0
P05549	P06932	1
P61163	Q9ICL1	0
Q8TAA5	P17387	0
Q14320	P03114	0
Q15696	Q77E16	0
Q8NEY1	Q6TY28	0
Q96NS1	P26554	0
Q6NVV9	P04020	0
Q6ZRX8	P03129	0
Q8N9A8	E7BBT6	0
Q9NS71	P04017	0
Q86WA9	P36778	0
Q9H1J1	Q9ICL0	0
O95947	Q77UU1	0
Q7L985	P06460	0
Q8NF67	Q07857	0
Q5T0J7	Q9QLP4	0
Q9P2B2	P03126	0
Q8IZY5	P17382	0
Q9C098	P04014	0
Q7Z5J4	P24830	0
Q8NGB2	P17386	0
Q6UY11	P36810	0
Q9H981	P27962	0
Q569G3	P06427	0
Q13761	P17385	0
A6NNZ2	P24835	0
Q14CM0	P04019	0
Q9UFB7	P04019	0
Q92759	P06929	0
Q96MT0	P03130	0
P68400	P17383	1
Q8NFG4	P36807	0
Q86YJ7	P06791	0
P18627	P06794	0
Q1RN00	P36799	0
Q9H845	P36801	0
Q9NWW5	B9UPF3	0
Q9Y6C9	B9UPF3	1
Q3MIW9	P36741	0
Q96A26	P36807	0
P21439	P17384	0
P37023	Q77UU2	0
P01242	P0CK45	0
O75694	P36810	0
P52757	P03122	0
O75995	P36799	0
P34969	Q6TY28	0
Q96PE3	P03122	0
A8MT70	P36807	0
Q0VAM2	P06423	0
E2RYF7	P03113	0
Q9H2W1	P36801	0
O95456	P36780	0
P62633	P06462	0
P61457	P04015	0
Q9P2E7	P04020	0
O75153	P36810	0
Q9NR90	P50804	0
A6NJU9	P17385	0
P31949	P36801	1
P0CW19	A0A160CDL8	0
O95154	Q6TY35	0
Q92953	P06423	0
Q14031	P06931	0
Q9HBH9	P06791	0
O94964	P06428	1
Q14315	P06791	0
P51511	Q9QNP8	0
Q9NV35	P04017	0
P55197	Q80907	0
A6NGY1	P36817	0
Q8NBE8	P36810	0
Q7RTP6	P36810	0
O60437	P04014	0
P13725	E7BBT6	0
Q8N5U1	P06790	0
Q8IUC1	P06462	0
P05160	P03121	0
A6NFU0	P06933	0
Q12980	P03119	0
Q99942	P03116	0
Q99712	Q77E16	0
P46977	P06460	1
Q9BRT3	Q8B5B5	0
Q5H9E4	P04017	0
Q9H4I0	P04013	0
Q96N23	D7GM08	0
Q99418	Q778F3	0
A0A1B0GX95	Q8V1J0	0
O75596	P06426	0
Q9H9T3	Q9ICL1	0
Q717R9	P54667	0
P04180	P17387	0
A6NDN8	P06932	0
P10147	Q77UU2	0
F5H284	P03119	0
Q9H160	Q77E16	0
K7ER00	P06428	1
O00560	P03121	0
O14925	E7BBT6	0
Q7Z6A9	P04013	0
P78410	A0A220NMU2	0
B1AH88	D7GM08	0
Q8N6F1	P03121	0
Q9H9T3	P27962	0
Q9Y6Q6	P36817	0
Q9UGP8	B9UPF3	1
Q9ULJ7	P36780	0
Q9NZV1	P06459	0
Q96CH1	P17386	0
Q12959	Q8B5B5	0
Q5UAW9	Q9WH13	0
Q6ZW31	P04019	0
Q9H2L5	P27962	0
Q6UXY8	P06927	0
P55103	Q9QNP8	0
Q9BSB4	P36807	0
Q9Y6S9	P17382	0
P06732	P06922	0
Q9ULV4	Q9QLP4	0
Q6AZW8	P17386	0
O94776	P06428	1
Q9H106	P04017	0
Q5JUX0	P27228	0
Q6P161	E7BBT6	0
Q9BYD1	P06423	0
Q9BY67	P36817	0
Q8WWP7	P04017	0
Q6DD88	P17385	1
P63215	P06429	0
P12318	Q9ICL1	0
Q13185	P36807	0
Q13009	Q9ICL0	0
Q9UH92	Q77UU2	0
O15321	P06460	1
Q5H9J9	D7GMA9	0
Q96BR1	P54667	0
A0A087WSZ9	P06789	0
P20674	P0DKB0	0
Q59H18	P04017	0
O60235	P04014	0
Q96PD6	P36801	0
Q96KG9	P06790	1
Q8NHB8	P04017	0
Q8NH49	P03105	0
P62424	P36801	1
Q96FN5	P06430	0
Q00994	P36780	0
Q9H7Y0	Q6TY28	0
Q9Y3B4	P06922	0
A0A1W2PPG7	Q77E16	0
Q9ULD9	P26554	0
Q9UBG3	P36810	0
Q9UJ72	P06459	0
A0A0A0MT76	P06461	0
A4QMS7	P36741	0
P78371	P03129	1
P31267	P06930	0
P61619	P06428	1
O00410	P03101	1
Q8WW52	P06794	0
P55211	P11298	0
Q5TA31	P04015	0
Q9HDD0	A0A220NMU2	0
P53365	P36780	1
Q09161	P24830	0
Q9P127	P24835	0
Q9NRG0	P06423	0
Q9BZF9	P06430	0
A6NND4	P36810	0
O15204	P03129	0
Q9H4W6	P27228	0
Q16629	P06422	1
Q14739	P03114	0
Q99217	P06460	0
Q8NH42	P03107	0
Q96M83	P17389	0
O75486	O57125	0
Q92542	P06933	0
O75072	Q9WH13	0
Q9Y4E8	P06423	0
Q8TF20	P0CK45	0
P08727	P06921	0
P34981	D7GMA9	0
Q8WX77	P04014	0
P53618	P17385	1
C9JL84	P17387	0
Q6P0N0	P03129	1
Q5HY98	E7BBT6	0
Q9UM21	P04014	0
P47736	Q6TY35	0
P32418	Q9ICL1	0
P40763	P06429	0
Q6T310	P06932	0
Q16696	Q778F3	0
P35968	O57125	0
Q49AM3	Q9QNP8	0
Q6UX53	P36801	0
P98182	Q07857	0
P42773	P06921	0
P05067	P04013	0
Q5VXI9	P03122	0
Q96N66	B9UPF3	1
Q8NDH6	P06927	0
O75586	P03130	0
Q5F1R6	P03126	0
O95931	P06794	0
Q53R12	P06791	0
Q86T26	P06459	0
Q5XG85	P04017	0
P40189	Q9WH13	0
Q9NTZ6	Q778F3	0
O95256	P36827	0
Q8WZ55	P06461	0
Q68CJ9	A0A089NDG7	0
Q8N766	P06930	0
P43897	P03121	0
Q9HCE9	P04020	0
Q99504	P17388	0
Q9BR26	P06465	0
Q9NR80	P06426	0
Q8IVU3	P06929	0
Q6AWC2	P21735	0
P57723	P06460	0
P51668	P24830	0
P47972	P04017	0
O43612	P06430	0
O15034	Q8B5B5	0
P39748	D7GMA9	0
P06753	P36801	0
O60610	P17389	0
Q86UT5	P17383	0
Q96AM1	P06927	1
Q9UPM9	P36807	0
Q15699	P06927	0
Q96EK4	P06465	1
P21580	P36801	0
P08620	P17387	0
P0DJ93	P36741	0
Q09428	P06932	0
A0A087X1C5	P36810	0
P35609	P06465	0
Q00535	A0A220NMU2	0
Q4V348	Q8V1J0	0
Q9Y3I0	P17386	0
Q68DI1	P17382	0
Q9UHF0	P06461	0
Q8TAC1	D7GM08	0
P98173	P03107	0
Q15257	P24830	0
C9J3I9	P06463	0
Q15777	P06430	0
P48059	P03126	0
Q8N162	P26555	0
P11597	Q778F3	0
P01877	P06790	0
Q9H0C2	P06931	0
Q1T7F1	Q778F3	0
A8K8V0	Q80907	0
Q96P20	P26555	0
P47870	P06789	0
Q7Z353	P54667	0
A8MTZ7	Q07857	0
P61803	P06929	1
Q8WW34	P06423	0
Q9Y584	Q77E16	0
O14925	P06428	0
Q8WWM7	P36741	0
Q6A162	O57125	0
Q7RTR8	P17385	0
Q562E7	P36741	0
P29350	P0CK45	0
P00846	P36801	1
Q8TEK3	P06932	0
P23786	E7BBT6	0
Q96GA3	P0DKB0	1
Q8IYB0	P36817	0
Q8TD55	Q9QLP4	0
Q8N9P6	P03121	0
P54868	P36780	0
P32881	P17383	0
Q86XP6	P06921	0
Q9NR12	B9UPF3	1
Q9Y4A9	A0MPS7	0
Q8TCN5	P17383	0
P42356	P36810	0
P34897	P27962	0
O00631	P03116	0
P61218	P06462	0
Q86VH2	P06929	0
A1L4Q6	P50778	0
P61081	P06932	0
Q9NR83	P06922	0
P54619	P36827	0
Q9H469	A0A220NMU2	0
P17540	P06921	0
P25787	P06423	1
Q8N3Y3	A0MPS7	0
Q8N111	Q07857	0
A0A087WV53	P50778	0
Q6PXP3	P0CK45	0
L0R8F8	P06792	0
P62913	P26555	0
Q9UBW8	Q778F3	0
Q9NW82	P36801	0
Q2M5E4	P24830	0
B9ZVM9	P21735	0
Q49AN0	P26554	0
Q9UBW7	P0DKB0	0
Q6ZYL4	P06792	0
Q9Y6X2	P26555	0
P51654	P04020	0
Q6PCB6	P06791	0
Q9Y244	A0MPS7	0
Q8N131	P17382	0
Q7RTT3	P06461	0
Q9H2X6	P17389	0
Q6ZW76	P17382	0
A4D0V7	Q9QLP4	0
Q9Y5K2	P36741	0
Q9Y3E2	P03130	0
Q9BRN9	P36801	0
P10721	B9UPF3	0
Q6IPW1	Q6TY35	0
Q9C0E2	P54667	0
O43929	P11298	0
Q05DH4	P04020	0
P30047	P03118	0
Q99958	Q9ICL1	0
O14544	P06927	0
Q13813	P36778	1
O95866	P06422	0
Q05084	P04017	0
A8K5M9	Q9ICL0	0
Q8IW40	P36827	0
Q5JWF8	Q9ICL0	0
O00159	A0A089NDG7	0
Q5VWM4	P06426	0
P47897	P03126	1
Q15546	P06423	0
A0A0B4J2F0	P21735	0
P20160	P26554	0
Q9NRN9	P03105	0
O95069	A0A220NMU2	0
Q6AI39	P27228	0
Q8IXL6	Q9QNP8	0
P05089	P03121	0
Q13227	Q6TY35	0
Q8N6T0	P03120	0
Q6ZUT4	Q6TY28	0
A6NHB5	P03126	0
P30203	P03107	0
O75146	P06426	0
Q9H6E5	P17386	0
Q16658	P24835	0
Q96MC2	P50804	0
P10155	Q6TY28	0
Q8N7X4	P06461	0
Q6UW15	P21735	0
Q9Y2U5	Q9WH13	0
P48230	A0A089NDG7	0
Q8IYM1	Q9QLP4	0
Q9UIG4	P17388	0
Q9H6U6	P03118	0
P04844	P06927	1
Q9NV35	A0A384KQ78	0
Q9Y289	E7BBT6	0
Q96PP9	P04014	0
Q9BQ24	P06463	0
Q5JS54	P06932	0
Q5GAN6	P17387	0
P30530	P06461	1
Q5U649	P26555	0
Q9BTY2	P26554	0
Q96NR2	P06460	0
P60606	P06462	0
O00341	P17384	0
Q5VSY0	P17382	0
Q6P087	P36827	0
P52824	P06428	0
P11509	P06927	0
P18085	P04017	0
O15182	P36780	0
A0A0B4J235	Q77E16	0
A4D263	P03105	0
Q4KMX7	P06933	0
O60565	P06461	1
Q8TDQ1	P04019	0
P13349	P17384	0
P52434	P17387	1
Q49A17	Q77UU1	0
Q14331	P06461	0
Q9UKJ1	P03105	0
Q9ULR0	P03118	0
Q7Z5A4	Q778F3	0
Q15906	P50804	0
Q96J94	P03121	0
Q5W0Q7	Q9ICL1	0
Q8TD31	P06792	0
Q68DX3	P03114	0
O43581	Q80901	0
Q9BXY8	Q07857	0
P43405	P50804	0
Q9H7X7	A0A089NDG7	0
Q6N043	P17384	0
Q9NZH7	P04013	0
P19087	P03119	0
Q8N4C8	P06929	0
Q8N4C6	P36780	0
Q9NQ90	P06929	0
P02776	P03116	0
Q969Q6	P06790	0
Q96RU2	P06426	0
Q9UPQ4	P06460	0
A4D263	P17389	0
Q9NS25	P06428	0
P04183	P50778	0
Q5JXM2	P03122	0
Q13304	P06922	0
A6NC05	P03121	0
Q9BYJ4	P04013	0
O94915	Q6TY35	0
P36955	P17389	0
Q8N6Y0	P17386	0
Q96MR9	Q9ICL0	0
O00602	P36807	0
Q8N4T0	Q9ICL1	0
O76014	Q77UU1	0
Q8IWB4	P04017	0
Q9Y6M5	P06790	0
Q9NR97	P06794	0
Q8NET4	P06465	0
Q96PD5	P04019	0
P00734	P03113	0
Q9Y6Y0	P17388	0
P15328	P11298	0
P43356	Q9ICL1	0
C9JVI0	P06930	0
Q08117	P06922	0
Q9UBP6	P36791	0
Q9BQT8	P06459	0
Q96ES6	P17385	0
P55345	P36791	0
A0PJW8	P24830	0
Q9BTD1	Q6TY28	0
Q8N6P7	P06929	0
P09210	Q07857	0
Q13064	P03126	0
O15296	Q77UU1	0
Q96H86	P36741	0
Q9NYD6	P03129	0
Q16836	P24835	1
Q02045	B9UPF3	0
Q9HBA9	P06790	0
Q92538	Q80908	0
A0A1B0GX68	Q77UU1	0
Q9C0D3	Q07857	0
Q9HB71	P06789	0
P22695	P06422	0
Q96CW1	P03129	1
Q9P2E9	P21735	0
Q8WWM1	P24835	0
B0QYN7	P03116	1
P43355	Q9QLP4	0
Q63HQ0	Q6TY28	0
P0CG38	P36799	0
Q9H6S3	P11298	0
A0A1B0GV22	Q778F3	0
O00479	P06428	0
Q86XX4	A0A220NMU2	0
O43827	P03105	0
O15305	P36778	1
Q9UQB8	P06428	1
A2A3L6	Q778F3	0
Q53R41	P36799	0
Q7RTS5	P06791	0
P60409	P06423	0
Q9H4E5	P24835	0
Q6T4R5	P06788	0
Q99623	P06927	1
E9PF18	P06465	1
Q8N7F7	Q07857	0
Q9Y3C7	P26555	0
O15050	P54667	0
Q5T655	P06429	0
Q3LI59	P06790	0
O95069	E7BBT6	0
Q8TC84	P17387	0
Q5JWF2	P04019	0
O95050	P06462	0
Q96RD6	P36807	0
Q5BKX5	P24830	0
Q96N11	P36801	1
P10301	P11298	0
Q8IZ96	B9UPF3	0
Q969U6	Q77UU1	0
Q99742	P03116	0
Q9UN67	P06788	0
Q9HCX3	P17389	0
O76011	P03116	0
Q86T13	A0A220NMU2	0
P38935	P04013	0
Q96LP2	P04019	0
Q6P1K1	P17389	0
Q9H892	P36810	0
P30048	P03129	0
Q8IZM8	P03105	0
Q9BXR6	P21735	0
Q9H0Q3	P06921	0
Q9BW66	P03101	0
Q96DW6	P06932	0
O60825	P24830	0
Q92785	Q9ICL1	0
Q9H6R3	P03101	0
O95715	A0A089NDG7	0
Q6MZN7	Q80901	0
Q8NFV4	P21735	0
P01178	A0A089NDG7	0
Q16696	P06794	0
Q9C0B1	A0A160CDL8	0
Q9UH17	D7GM08	0
Q16873	O57125	0
Q9Y5S1	P06927	1
Q9P1T7	P03105	0
Q15386	P03101	0
Q9Y6F9	P06789	0
P0DSE1	P06422	0
Q6Q4G3	P03126	0
Q9NVC6	P06789	0
P78368	P21735	0
O95140	P06788	0
P0CG47	P03118	0
A2RUT3	P03119	0
Q8N6M8	P11298	0
P55199	P03107	0
Q8N884	P0CK45	0
Q96C23	Q77UU1	0
Q7Z388	P17386	0
Q86YC2	Q9WH13	0
Q7Z7H3	P06933	0
Q96J66	O57125	0
Q8N1F7	P03122	0
P78385	P06463	1
P55822	P36799	0
P59074	Q9QNP8	0
Q9ULE3	P36778	0
Q9BZF9	P06422	1
Q86UK5	P17382	0
Q07444	P36791	0
P00441	P17389	0
Q12907	P17382	0
Q9BRP8	P04019	0
Q6ISB3	P06790	0
P13995	Q778F3	0
P30519	P06792	1
Q9H5Z1	P03101	0
A2RUC4	Q80907	0
P62891	P06461	0
Q8WWH5	P03118	1
Q86SQ4	P21735	0
Q8WWH5	Q9QLP4	1
Q0VG73	P36741	0
Q2KHN1	P17382	0
Q8N972	P03105	0
Q13702	P06428	0
Q02779	P50778	0
Q8WZ19	Q80908	1
P50416	P36791	0
Q00341	P06933	0
Q86VZ4	P36801	0
Q9H490	P06460	1
Q12824	P17386	0
O95625	P03118	0
Q16611	Q80901	0
P52306	P06430	0
P04433	P06792	0
Q6AI12	P06789	0
Q96EX2	P36780	0
Q68D42	P03129	0
A2RUG3	Q8V1J0	0
O43272	P03114	0
Q16600	P03126	0
Q9NUX5	O57125	0
Q96QH2	P04015	0
Q9UBQ5	P06429	0
O15243	P06459	0
Q7L5L3	P17382	0
Q96BP3	P11298	0
O60229	P36799	0
P18510	P06460	0
P0DP01	P06422	0
Q99551	P06428	0
O43462	P03118	0
Q86UP0	D7GM08	0
P39687	Q8B5B5	0
Q3MHD2	Q9QLP4	0
Q8N123	P06461	0
Q9BT22	P04015	0
A6NI61	A0A384KQ78	0
Q9Y2X7	Q77E16	0
Q5FBB7	Q8B5B5	0
P54849	A0A384KQ78	0
Q16880	Q77UU2	0
Q04837	P06428	0
P25445	Q9WH13	0
Q9BZW5	P04013	0
Q8NH00	P06921	0
Q969N2	P03107	0
Q8TBR4	P06929	1
Q96JN2	P06930	0
P10914	P04020	1
Q8NCP5	Q80908	1
Q9Y295	P03122	0
Q9NQF3	Q07857	0
Q01130	P06921	1
P36915	P26555	0
Q8TD57	P17383	0
P0CF74	P17382	0
Q99871	P36801	0
P48167	P26555	0
Q7Z408	Q6TY28	0
Q16630	P06428	0
Q99417	Q9QLP4	0
P16070	P06460	1
Q03112	P06462	0
Q0VD86	P06427	0
Q96MU8	P11298	0
P19021	P06429	0
Q9UL46	P06427	0
E7EMB3	P17384	0
Q969S2	P54667	0
Q9UPQ9	P17387	0
P01275	Q9ICL0	0
Q9UHN6	P36780	0
Q9HD90	P17383	0
Q96JS3	P17387	1
H3BLT9	P03129	0
Q86VH4	P06429	0
Q8N3Y1	Q6TY28	0
P53355	P06930	0
Q8N5D6	P06930	0
Q09472	P06428	1
P46782	P36801	1
Q8NH18	Q9WH13	0
Q8TF30	P26555	0
A1X283	P06422	0
Q5BJH7	P06792	1
Q04864	P06430	1
A2A2V5	D7GMA9	0
Q7Z7J5	P06459	0
P0C2S0	P06422	0
Q9BZF2	P17383	0
P36507	P06922	0
P62330	P04020	0
P13929	Q80907	0
P52742	P06426	0
Q9HAU0	P17387	1
Q6IF36	P03122	0
O60890	Q8V1J0	0
P20853	P06429	0
P55196	Q9ICL0	0
Q9ULK6	P36817	0
P07942	P06932	0
P35354	P36801	0
Q9ULQ0	P03122	0
Q99640	P36817	0
P49753	P54667	0
P40925	P17388	0
O43513	P26555	0
P0C7Q5	P17386	0
O60568	P27962	0
Q5H8A4	P06792	1
Q13761	P06922	0
O75610	P06930	0
Q96NM4	P06422	0
P59543	Q9WH13	0
Q2PZI1	P17388	0
O75914	P36791	0
O43252	A0A384KQ78	0
P0C7U0	P21735	0
Q14919	P17385	0
Q6NSI4	P03122	0
Q6IMN6	P04013	0
Q96GR2	Q77E16	0
P21266	B9UPF3	0
Q7Z6W1	P06792	0
Q96D05	D7GMA9	0
P46778	P06927	1
P68104	P36827	1
F5H2X7	P06428	1
Q9Y3P8	P36827	0
B4DYI2	P36810	0
Q15155	Q9ICL1	0
Q5VXD3	P24830	0
Q53H96	Q9WH13	0
P23327	P04020	0
Q15274	Q9ICL0	0
P0C7P4	P17383	0
Q9UN81	D7GMA9	0
Q68BL7	P04019	0
P16435	P06430	0
P10155	E7BBT6	0
A6NKQ9	P03129	0
P78396	P03129	1
Q9UQM7	P06429	0
Q9Y5T4	P17384	0
Q9HC78	P36807	0
O00339	P26554	0
Q5THK1	Q77UU1	0
Q14141	P06461	0
Q16236	P06921	1
A6NGS2	P03129	0
O00560	P06932	1
P03951	P03101	0
O60447	Q6TY28	0
A0A075B6J9	P50804	0
Q8TAK6	Q778F3	0
P10645	P17384	0
Q6UXY8	P26555	0
Q8NGJ0	P36780	0
P59922	Q9ICL1	0
P43357	P36741	0
Q9NWK9	P17387	0
P05114	P17384	1
Q02930	P36741	0
Q16549	P36801	0
P35659	P06465	1
Q6ZMR5	A0A089NDG7	0
P0C7H9	P03114	0
O15266	Q77UU2	0
Q8NI51	P06794	0
Q9NYW8	P36741	0
Q96MH6	P06790	0
A0A075B6H9	P04014	0
Q15772	P06465	0
Q9BYR5	P06931	0
P09497	P04014	0
Q9NP80	P03101	0
Q16836	P06429	1
Q86VW1	P06788	0
Q9HCL3	E7BBT6	0
Q8WWN8	D7GM08	0
Q7Z7M8	P06930	0
Q13330	P36807	0
Q5TF39	Q80901	0
Q9NRL2	P03118	1
Q96RI1	P36807	0
P28356	Q80908	0
O00631	P26554	0
Q16514	P06932	1
Q8NGF7	Q80908	0
Q96IK5	P03122	0
Q9Y4Z2	P21735	0
Q13950	Q9QLP4	1
O15260	O57125	0
P30556	P03113	0
Q494R4	Q77UU1	0
P58499	P04013	0
Q9BZX2	P03129	1
A6NI03	P36741	0
Q9Y6J3	P21735	0
O00144	A0A384KQ78	0
P22309	P17387	0
O76014	P36817	0
Q6ZRU5	P06463	0
Q96IV0	P06922	0
Q9H2S1	P06423	0
P48048	P06428	0
P60033	P26555	0
Q9ULI2	Q80901	0
Q96L96	P06792	0
O15260	P36801	1
A0A2R8Y4Y8	D7GM08	0
Q99935	P04017	0
Q9GZZ7	Q80908	0
P28360	P06461	0
O75764	Q9QNP8	0
Q68DQ2	P17388	0
Q9H0Z9	P26554	0
Q86SM8	P17385	0
Q9NQ40	P36801	1
P09619	P06460	1
Q6KB66	P24835	1
Q9H606	E7BBT6	0
P30203	B9UPF3	0
Q14644	Q8V1J0	0
Q9BYV9	P0CK45	0
O14964	P50778	0
O95715	P06423	0
Q14181	P36817	1
Q9GZX9	P03120	0
P27348	Q9ICL0	0
P47869	P06429	1
P09104	P06460	0
P27348	P03113	0
P01583	A0A160CDL8	0
Q6UWF7	P06930	0
Q9H5Z6	P21735	0
Q9Y3I1	P06461	0
Q3LI68	Q778F3	0
P32929	P11298	0
P0CB38	D7GMA9	0
O15350-2	P06429	0
P04179	P04019	0
Q7Z4H3	P06922	0
Q14289	P06423	1
Q96QH2	P06426	0
Q8WWL2	Q80908	0
P55107	Q07857	0
Q4KMP7	P06427	0
Q49AR2	P06462	0
A6NK59	P04015	0
Q13838	P06427	0
Q8TF44	P36778	0
Q8IWZ5	Q80901	0
P62826	P36799	0
Q96EB6	P06465	0
Q9UQ53	Q6TY28	0
P02771	P17388	0
Q6EMK4	P54667	0
Q6PF15	P03121	0
Q9NQC8	P06790	0
Q8WWG1	Q80908	0
Q9UN71	P03119	0
P62140	P06933	0
P57735	P03129	0
O15247	A0A220NMU2	0
Q2I0M4	Q9ICL0	0
P08912	P06426	0
Q9Y5T4	P03122	0
O43567	P06789	0
Q6UWT4	P03116	0
Q96LD4	E7BBT6	0
Q9H0C5	P03113	0
D6RBM5	P03120	0
P54198	P36778	0
Q9H930	P06426	0
Q99463	P03101	0
Q9NWQ4	P03116	0
Q13884	Q6TY28	0
O15056	P06932	0
Q96T37	P04013	0
Q14953	D7GM08	0
Q3Y452	Q77UU1	0
Q9NVM4	Q9QLP4	0
P01106	P04013	0
A6NMD0	P06426	0
Q5EBN2	P06921	0
Q96FV0	E7BBT6	0
Q99708	P03119	0
Q9NXX6	P0DKB0	0
Q96A65	P36807	0
Q7RTV5	A0A160CDL8	0
Q8NEM7	P06428	0
P60369	P06788	0
Q92922	P03126	0
Q96N22	P17383	0
Q6ZMI0	P36780	0
P0DJJ0	P04020	0
Q92806	P36817	0
P62280	P06933	0
Q96G28	E7BBT6	0
Q86WR0	P36778	0
Q5VVQ6	A0A220NMU2	0
O94876	P04014	0
P61006	P06790	0
P05154	P03129	0
Q13268	A0A220NMU2	0
Q9BRT9	P36810	0
P43155	P03129	0
Q8IYW4	P50778	0
P0C646	P27962	0
Q00059	P04015	0
Q9NRJ5	Q9WH13	0
Q96PU4	Q6TY28	0
P51504	Q6TY35	0
Q9UQ72	P06465	0
A0A0C4DGG9	P27962	0
Q9H693	P06427	0
Q9HBJ8	P03114	0
Q9Y3S1	P17382	0
Q96DN5	P27962	0
P17050	P06921	0
Q8N9L9	Q80908	0
O95371	P03130	0
Q2TB10	P36827	0
Q9NRY4	P06423	0
Q8NGR1	P17389	0
Q6Y1H2	P17385	0
Q96FA3	P03129	0
Q8WVE6	P06463	0
Q9Y6X1	P06929	1
P04406	P06788	1
Q14671	P24835	1
Q9Y673	Q77UU2	0
Q8N8I0	Q80907	0
Q9UIX4	P26555	0
A0A577	A0A220NMU2	0
P0C7T3	P17389	0
Q9Y520	P50804	0
Q9BUE0	Q77UU2	0
H7C241	P21735	0
P26992	Q6TY35	0
P0DN84	P36778	0
A0PJX2	P06929	0
P15882	P36827	0
O95425	P36817	1
Q96SN8	P21735	0
P28370	Q07857	0
Q63HR2	P06790	0
Q9ULV0	P06789	0
Q8IW40	P06922	0
Q16473	P50778	0
A0A0U1RQC9	P03120	1
Q9BXI2	P17384	0
Q96P71	P06427	0
Q9Y2T1	Q9QLP4	0
Q9UMQ6	P06930	0
P47736	P04015	0
Q7L775	P06788	0
Q13588	P36807	0
A0FGR8	P36801	1
Q8IYK8	P36780	0
Q9Y5I0	P04015	0
P41252	P36741	0
A8MXJ8	P17385	0
Q06136	P03107	0
Q96T68	P06931	0
Q6P1R4	P06428	1
P55008	P03114	0
Q66K74	Q9QLP4	1
Q9NYB9	P36817	0
Q86UD3	P06930	0
A0A075B6R0	A0A384KQ78	0
Q9UN30	P03118	0
P04920	P06927	1
P06746	Q778F3	0
Q86UY8	P17383	0
P02790	P06422	0
Q17RF5	P17389	0
Q92565	P06430	0
Q6P589	P17385	0
O15460	P17389	0
Q9H2D6	P17382	0
P55345	P36741	0
Q14028	P06927	0
Q96MN9	P06930	0
Q9UM13	P24835	0
Q7Z4W1	A0A220NMU2	0
Q96N66	P06927	1
P15882	P06789	0
Q9NPJ6	P06426	0
Q16515	P0CK45	0
Q5VTL8	P50778	0
O43581	P24835	0
P78563	Q8B5B5	0
O43826	P03107	0
M5A8F1	P04017	0
Q9Y4B6	Q77UU1	0
P24903	Q9ICL1	0
Q9BPW5	P17386	0
Q8IVG5	P03101	0
P29353	P06428	1
P05198	P06422	0
Q8WXF0	P06460	0
Q9NRJ2	P36807	0
Q53HC5	Q07857	0
P54577	P36810	0
P17509	P36817	0
Q8TC94	P36807	0
P08235	P06922	0
Q2KJY2	D7GMA9	0
Q9UKF6	P06427	0
Q15773	P06921	0
P98179	Q77UU2	0
O00330	P17385	0
Q9C0F0	P06921	0
P23458	P11298	0
Q9HBU6	P36817	0
Q5DT21	P04015	0
Q8NGL1	P03130	0
Q3MIX3	P06426	0
P50336	P06462	0
Q969G5	P06921	0
Q9BVS5	P27962	0
O94818	P24835	0
A0A1B0GVT2	P04015	0
Q9H6Q3	A0MPS7	0
Q6V0L0	P04020	0
Q9H306	P36817	0
Q5TCH4	P17385	0
P24941	P03129	1
Q6UWQ7	P06931	0
Q06643	P06927	0
Q8NHW3	P36741	0
P0DPF6	P06426	0
P48050	A0A160CDL8	0
A6NHG9	P06423	0
P08519	P36741	0
Q8NH42	Q77E16	0
Q92800	A0MPS7	0
M0R2J8	P06461	0
Q6NUP7	P50778	0
Q13535	P17386	0
P0DP58	P06463	1
Q03135	P06927	1
O95405	P36799	0
Q8WVI0	Q77UU2	0
Q9HBI6	Q80901	0
O14627	P54667	0
Q8N431	P06929	0
Q9Y3E0	P36799	0
Q6L8H4	Q8B5B5	0
Q08477	P04014	0
O00418	P03116	0
P0DMP2	P04020	0
Q9NS93	Q8B5B5	0
P17812	P03107	0
Q7Z434	P06792	1
Q13188	Q80901	0
Q7RTU1	A0A384KQ78	0
Q9H7Z7	P06462	0
Q9BTX7	P03129	0
P08185	P36778	0
P09172	P36780	0
Q9Y5F3	Q07857	0
P07998	P24835	0
Q13117	P04014	0
Q6ZQY2	P36817	0
Q8TCD5	P36801	0
B7Z8K6	A0MPS7	0
Q8WXD2	P36799	0
O15484	P03121	0
Q86VV8	P17385	0
Q8WV92	Q9ICL1	0
Q13423	P11298	0
P20783	P06929	0
Q86UT6	P03107	0
O43264	A0MPS7	0
Q8WTS6	A0A160CDL8	0
Q96ST2	P03113	0
Q13065	P17384	0
Q9NYW6	P06460	0
O75629	O57125	0
Q6P444	Q77E16	0
P56557	P36801	0
Q86V81	P36807	0
O76080	P06933	0
Q9BY32	Q9ICL0	0
Q12837	P06461	0
Q9H015	P11298	0
Q86VF7	Q80908	0
Q13683	Q9WH13	0
Q92585	P06428	1
Q9BQB6	P06464	1
Q9H8X9	P06428	0
O75586	Q80908	0
Q0VAF6	P06461	0
Q8IWE2	P36827	0
Q9NT22	P03119	0
Q92802	P06426	0
Q8IX04	P36817	0
Q9Y3M9	P06794	0
Q6PIF2	P03121	0
Q9Y2I6	P21735	0
Q9BZY9	P03130	0
Q96C00	P04013	0
Q96NJ5	P06430	0
P43354	O57125	0
P56962	E7BBT6	0
Q8IUE6	P36810	0
P50542	P03118	0
Q86YD5	P0DKB0	0
Q92583	P06463	0
Q5JPF3	P06430	0
P04792	Q77E16	0
P0DPE3	P04013	0
Q9ULZ0	P03114	0
Q5SVS4	P36778	0
A4D263	P04019	0
Q9GZV9	E7BBT6	0
P32942	Q778F3	0
O00462	P06933	0
P01877	A0A220NMU2	0
P09067	P36778	0
O95837	P36780	0
Q6ZSI9	Q9QNP8	0
Q8IYP9	Q9ICL0	0
Q5VWP2	P36741	0
A6NCW0	Q9QLP4	0
Q86YT9	P03120	0
Q8NHS1	P06930	0
A6NEV1	Q778F3	0
Q99750	P06927	0
Q8TC12	P06461	1
P20073	P24835	1
Q96IX5	P06933	0
Q9HCK8	P03129	1
Q969X0	P03119	0
O75061	P06422	0
Q5TEA6	P04013	0
O43186	P36780	0
P22102	P03120	0
Q9NVG8	P36810	0
Q5W0B7	P17388	0
Q1ED39	P06426	0
Q9BQ31	P06429	0
P50221	P36810	0
Q13042	P36810	0
Q9H3V2	A0A220NMU2	0
Q8NE65	P06792	0
Q8WZ84	Q77E16	0
Q13873	P06933	0
O43819	P06460	0
Q96PQ1	P06430	0
Q8IZS5	Q80907	0
Q00325	P36801	1
P25021	P06426	0
Q6ZQY3	P36817	0
Q3KNT7	Q9ICL0	0
Q9Y467	D7GMA9	0
Q9Y6I3	P36827	0
Q6UY18	P36801	0
P04183	Q6TY28	0
Q9NRW4	P03101	0
P28288	P17383	0
Q96SI9	P36791	0
Q8IVB4	P03126	0
Q8WVN6	Q07857	0
Q9NQZ7	P04015	0
Q5VYS8	P17383	1
Q53TQ3	P03120	0
P00403	Q778F3	0
P49715	P06461	0
O94905	Q9QLP4	0
Q15043	P06921	0
Q9Y3C8	P36827	0
Q8NF99	P06789	0
Q9NXB0	P03101	0
Q8N609	A0A160CDL8	0
Q8IV36	P06422	0
Q86UT6	E7BBT6	0
Q9H6L4	P54667	0
Q96K17	P24835	0
Q69YH5	P06426	0
Q9NR21	P06788	0
Q6P3X8	P03113	0
Q8TF17	Q80907	0
Q14457	A0A160CDL8	0
P59095	D7GM08	0
P23760	P03116	0
Q93099	P0DKB0	0
Q9UGI9	P36741	0
Q8N5M4	P06422	0
P0C842	P36801	0
A1IGU5	Q77UU1	0
P11215	P06789	0
O15446	P06921	0
Q9UJS0	P06922	0
A6NLI5	P03122	0
P48048	P36791	0
Q9NVN3	P36810	0
P09467	P11298	0
Q8WVN6	P36810	0
Q14533	P24835	1
Q7Z4R8	P06428	0
Q5K4E3	P03113	0
Q86Y07	P06927	0
Q9Y6H3	A0A089NDG7	0
Q2M3W8	P03126	0
Q9BZ29	P03113	0
Q6PDA7	P17389	0
Q86TI0	P06788	0
O60826	P03129	0
P59942	P50778	0
Q05048	Q80907	0
O60729	P03121	0
P35580	P36741	0
Q9UK55	P17388	0
O14777	P50778	0
Q9HD36	P27228	0
Q06481	P21735	0
P52292	P03126	1
C9JFX4	P06460	0
P21506	P06461	0
Q9H6L5	P06423	0
Q70EL1	P03118	0
Q5VY43	P06459	0
P0CAP2	P24835	0
Q8NAQ8	P03122	0
Q8WVH0	P06927	0
Q9BSH5	P04013	0
O94851	Q778F3	0
O43749	Q77UU1	0
Q5JZY3	P06794	0
Q9NQT4	P06922	0
P10909	B9UPF3	1
P50502	P17385	1
Q9UJW9	P24835	0
Q5JVG8	P04014	0
Q3ZTS7	P04013	0
H3BVG0	A0A220NMU2	0
Q16478	P27228	0
Q96J66	P26554	0
P32238	P06791	0
Q8NGE9	Q80901	0
P50539	Q77UU2	0
Q8N283	P06929	0
P50553	Q6TY35	0
O75052	P11298	0
Q9HCL3	Q8B5B5	0
P28749	Q80908	1
Q08ET2	D7GMA9	0
A0AVI2	Q77E16	0
B7ZBB8	P04020	0
Q969I6	P03129	0
Q96T23	P06790	1
P61812	P03122	0
Q9H8V3	P36780	0
Q9P0B6	P06462	0
A0A075B6K6	P06790	0
Q96JB8	P03122	0
P01344	P26555	0
O00232	P06463	1
P0C604	P04015	0
Q8WZ04	P26554	0
Q13231	A0A220NMU2	0
Q9H1B7	A0A160CDL8	0
P07384	P03101	0
Q9UK11	P06459	0
P85299	P03126	0
Q53GA4	P17385	0
O75526	P03120	0
P0C7V0	P06465	0
Q9NRX5	P06460	1
A8K761	P50778	0
Q8NCC3	P03118	0
Q5VUB5	P04019	0
Q99466	P06921	0
O75106	P36741	0
Q96A19	P06790	0
Q8N302	P03107	0
A5X5Y0	Q9QNP8	0
Q04671	Q80908	0
P35247	P17386	0
Q9NYJ8	P36791	0
P31146	P04015	0
O00451	Q80901	0
Q86SP6	P17382	0
Q96KS9	P06933	0
Q6NV74	P06460	0
Q8TB03	Q77UU2	0
Q08257	P17382	0
Q9H7S9	P06929	0
Q9Y2M0	P17389	0
Q9NYF3	P36780	1
Q96Q77	E7BBT6	0
P55001	P06930	0
P55081	P06430	1
P20036	P11298	0
O00479	P04019	0
Q96CU9	P06791	0
Q8IYF1	P27228	0
P42331	P06790	0
P04003	P36810	0
Q96C45	P36780	0
A6NLI5	E7BBT6	0
P07099	P06789	0
Q495A1	P36780	0
P79483	P0DKB0	0
P09693	Q9ICL1	0
O75695	P06460	1
Q9UHP3	A0A160CDL8	0
Q96CH1	Q8B5B5	0
Q96BR9	P36810	0
Q8TEY7	A0A089NDG7	0
P00966	P36801	1
Q8WUM9	Q80907	0
Q9UHI5	D7GM08	0
Q86UQ0	P06921	0
Q9NYW8	Q6TY28	0
P30260	Q80907	0
P78524	Q80908	0
P52788	P06930	0
Q9BZQ6	P06428	0
P39880	P17383	0
Q8TCQ1	P06428	0
P32942	P06428	1
Q8TCD1	P36827	0
O60885	P03118	1
Q9BQE3	P36780	0
Q9NY59	P36801	0
Q9ULD0	P36741	0
Q9BRT3	P03120	0
Q7Z7M9	Q9QLP4	1
P0CF75	P06789	0
Q8NH53	P04020	0
Q8WXE9	P04020	0
Q6PK18	E7BBT6	0
Q8NCR0	P26555	0
Q5VWI1	P06789	0
Q8NB91	Q77UU2	0
Q9BRX8	P06789	0
Q9H6F2	P06794	0
Q5H9L2	P03120	0
Q8TDD2	A0A160CDL8	0
Q8N8F7	P17382	0
P01833	P06794	0
Q9BXS9	P27962	0
Q92844	P17382	0
Q8N307	P03119	0
Q92820	P03122	0
Q9H7X3	P36810	0
Q6ZMS4	Q9ICL0	0
Q5SQ80	P03101	0
Q3LI72	P06788	0
Q5VTH9	P04017	0
Q9P202	P17382	0
Q53ET0	P17387	0
Q03591	P04015	0
P33897	P06792	1
P43489	P21735	0
Q96MF0	P04015	0
Q9UEY8	P11298	0
Q8N9L9	P11298	0
A0A075B6N2	P11298	0
C9JJH3	P04019	0
O14593	P27228	0
Q05655	P36799	0
P00414	P06932	1
Q9BRF8	P54667	0
A0A183	P06429	0
Q8IXZ2	P03113	0
Q13761	P06921	0
Q9BZQ6	P06789	0
Q86TS7	Q9ICL0	0
P16118	P36817	0
P53674	Q80908	0
Q8N0U7	P50778	0
P69892	P06459	0
A0A0G2JMI3	P06422	0
Q2TAL8	Q9WH13	0
Q5T280	Q6TY28	0
Q96K21	P06428	0
Q9NSB4	P27228	0
Q9GZP7	P11298	0
Q8NGL9	P03126	0
P29218	P06930	1
Q9Y2L8	Q6TY35	0
Q9P1P5	P04015	0
Q9Y5G2	P06463	0
Q5T1Z8	P06465	1
Q5W0A0	P54667	0
O75106	P03116	0
Q9Y6A5	P03130	0
Q9BYD9	P26555	0
Q9UKL3	P03122	0
Q567V2	P26554	0
Q9H0D2	P06461	0
P08172	P06927	1
Q9BVC3	B9UPF3	0
Q96RN5	Q9QNP8	0
Q9Y468	P06463	0
O00487	P06463	1
Q07011	Q77UU1	0
Q1EHB4	Q80908	0
A6NDS4	Q9WH13	0
Q9UHF0	D7GMA9	0
Q9UPN6	Q8B5B5	0
P33778	P36827	0
O14753	Q77UU2	0
Q96SW2	Q80907	0
Q86VZ1	P36791	0
O14545	P17386	1
O00483	P06792	1
Q6PH85	P27962	0
Q12830	P17384	0
Q8NEL9	P03118	0
Q5JPF3	P03114	0
O95573	P06427	0
O95199	P06788	0
O60894	Q9ICL0	0
O95970	P17386	0
Q9H211	P04014	0
C9JBD0	Q9QNP8	0
Q13099	P03129	0
P23276	P06789	0
P00395	P17383	0
Q5XKR4	Q8B5B5	0
Q9UJX5	P06794	0
P20273	P24835	0
Q14457	P03113	0
Q9P055	P06790	0
Q9H147	P03107	0
Q9Y426	P17384	0
Q96N23	P03114	0
Q9UHC6	P36778	0
Q13148	P17383	0
Q9UPU9	Q9QLP4	0
Q8WZ19	P03113	0
Q16853	Q77E16	0
Q9H4F1	P06428	0
Q8NHC8	P11298	0
Q9H211	P06423	0
O60513	P06930	0
Q92870	P36810	0
Q6P1Q0	P06790	0
D6REE5	P24835	1
Q96S55	P36791	0
O76031	P06927	0
O15305	P24830	1
A1L429	Q77UU1	0
Q96EU7	A0A160CDL8	0
P05538	P06465	0
Q07021	P17389	1
P13501	P03114	0
O94983	P36817	0
Q86XL3	P03116	0
O95678	Q9QLP4	0
Q6DN03	P06461	0
Q6ZRF8	P50804	0
O95838	P36778	0
P27694	E7BBT6	0
Q9Y2L9	P27962	0
O95900	Q80907	0
P36575	P36780	0
P56270	D7GM08	0
O75533	Q07857	0
Q6ZVH7	E7BBT6	0
Q9P2N5	Q9QLP4	0
Q9H4D5	P06789	0
Q2VPK5	P17384	0
Q5EE01	P06428	0
Q9Y6H1	P17389	1
P48147	P06921	0
Q8N8Q3	P17389	0
Q8NH67	P06422	0
Q9Y5E1	P06422	0
Q8TB61	P06792	1
Q9H115	P06423	0
O60882	A0A160CDL8	0
Q8NGF9	P04014	0
P0C0S5	P03118	0
Q14699	P06460	1
Q8NBW4	P06428	0
Q8IXQ3	Q8B5B5	0
Q4J6C6	P06429	0
P57723	P03101	0
A6NK44	Q80908	0
C9JUH5	P06791	0
Q9BZF2	P04015	0
Q13434	P36817	0
Q9H8Y1	P03105	0
P61968	P03129	1
Q8TB05	Q6TY28	0
Q13639	P06921	0
P56730	A0A160CDL8	0
Q9H963	P06460	0
Q9P0V8	P27962	0
Q17RS7	P06791	0
P00751	D7GMA9	0
P09543	P03129	1
P43003	P06788	1
Q9Y3A5	P03130	0
P11844	P03107	0
Q4G0U5	P50778	0
P52952	P06462	0
Q14191	P06789	0
O95999	P17389	0
Q9H511	P06929	0
Q9H6F5	Q07857	0
Q9BUB5	P06423	0
P56199	P06461	0
Q96IQ7	Q8V1J0	0
Q8NH74	P17387	0
O14773	P06465	0
A8MYB1	P06794	0
P82987	Q07857	0
O94818	Q77E16	0
P51689	P03118	0
Q8IY81	P03107	0
Q17RW2	Q6TY35	0
E9PI68	P06932	1
Q6ZW76	P50778	0
Q6IV72	P06465	0
O60431	P06792	0
Q9Y6W3	P06789	0
Q9GZM3	P17383	0
P31274	P06791	0
Q96G46	P03116	0
Q9H0W8	P06461	0
Q9P212	Q9QNP8	0
Q96JJ7	P06794	0
P20774	P50804	0
Q09013	P50778	0
Q8N6R1	P03120	0
Q5JU69	P17388	0
Q14257	P03126	1
Q9NQ03	P06930	0
Q52MB2	P06930	0
Q9UQ35	P17385	0
Q93077	P17385	0
Q96H12	P06932	0
Q6IE37	P06794	0
P55808	P0DKB0	0
O60512	P36791	0
Q8WVJ2	P06462	0
Q8NFH5	Q6TY28	0
Q9BXS0	Q77UU1	0
P41220	P06932	0
Q5TKA1	P03126	0
Q9BXD5	P36799	0
O43598	P17383	0
Q7Z6P3	Q8B5B5	0
Q9UHR4	D7GM08	0
P61604	P26554	0
Q96J66	P0DKB0	0
P52803	P06930	0
Q9Y3Q3	P03107	0
P27987	A0A160CDL8	0
P61579	P06931	0
Q5T4F4	P17385	0
P0C7Q2	P06426	0
Q96GE4	P03129	0
Q9H2V7	P03105	0
P48307	P0DKB0	0
P36954	P50778	0
P53567	Q77UU2	0
O00602	P27228	0
O95197	P17385	1
Q96BP2	P06789	0
Q96BK5	Q8B5B5	0
Q96DZ1	P17382	1
A0A0B4J265	B9UPF3	0
O95415	Q778F3	0
O75223	Q77E16	0
O15440	P36801	0
Q9UHI6	Q80901	0
Q9Y4B4	Q80907	0
O43405	P06428	0
Q9Y2E5	P03120	0
A0A2R8Y5Y7	P36801	1
Q03923	Q80907	0
O43561	P36799	0
P43307	P36810	0
Q96A32	Q80907	0
A3KFT3	O57125	0
Q9H161	E7BBT6	0
Q15637	P06788	0
Q96JJ7	B9UPF3	1
Q8N119	P03114	0
Q96A19	P06462	0
Q15434	P06930	1
Q5FWF7	Q80901	0
O00445	P21735	0
Q86UW1	Q80908	0
O94906	P06930	0
Q9Y2R9	Q8B5B5	0
P57775	P17384	0
P34130	P17385	0
Q6PJ21	P17384	0
Q9H1Q7	P06465	0
Q8N4Q0	Q778F3	0
Q5DID0	P17389	0
Q92738	P06423	0
Q96GA7	P36799	0
Q15654	P03119	0
Q8NA42	P03101	0
P58294	B9UPF3	0
Q9UPZ9	P50804	0
Q96GM1	P36807	0
Q8WXJ9	P06932	0
Q9H354	P03113	0
P43357	P06790	0
Q8IUA0	Q9ICL1	0
Q14232	Q6TY35	0
P55795	P17388	1
Q9NYQ7	P36778	0
P25786	P17387	0
Q6ZV73	P03126	0
P02549	P06789	0
Q5K4L6	P36801	0
P0DP08	Q9QNP8	0
Q96T60	P06460	0
Q7Z5G4	P03113	0
O95696	P36817	0
Q9UHI8	Q77UU2	0
Q96PU4	P03122	0
Q9BWW8	P04013	0
P0C7M7	D7GMA9	0
Q6PCD5	Q8V1J0	0
Q8J025	P06462	0
Q8IYJ1	P17384	0
Q86WC6	P36810	0
Q4JDL3	P36817	0
P58557	P03119	0
Q8NH72	Q77UU1	0
Q8NFZ0	P06465	0
O95793	P06461	1
Q9QC07	P06428	0
I6L899	P50804	0
Q52LW3	P03130	0
A0A0B4J277	P24830	0
Q8NI22	P06428	1
Q5ST30	B9UPF3	0
Q13685	P03107	0
Q92597	P06463	1
Q96G04	P24835	0
O60779	P54667	0
C9JR72	P26554	0
Q9NT22	P03126	0
O75807	P06428	0
Q6ZMW2	P36741	0
Q9BTE3	A0A160CDL8	0
Q6UUV9	P06791	0
B4DS77	P0DKB0	0
O43818	P21735	0
Q86SS6	P17388	0
Q9H4B7	Q778F3	0
O60902	P06460	0
P04406	P36801	1
O76095	P03114	0
Q7LBE3	P17389	0
Q9P2S2	P36778	0
Q15418	P24830	0
O60896	P06463	0
O75122	P03119	0
O43638	Q80901	0
O43462	P06932	0
A7MCY6	P03130	0
P31645	P06426	0
Q9C0D6	Q80908	0
Q9UJX2	P04015	0
Q9ULK6	Q80908	0
Q53H47	Q80908	0
O14908	P03107	0
Q9BYW1	P36741	0
Q08334	P21735	0
Q9H9V4	P0DKB0	0
Q9UPU3	P17388	0
P49406	P03120	0
P03950	Q6TY35	0
Q15654	P06929	0
P06132	P06459	0
Q9H993	P17389	0
Q8WWH5	P04015	1
Q96RT6	Q9ICL0	0
Q9NYM9	A0A160CDL8	0
P52895	P06932	0
Q13546	P06427	0
A0A0U1RRE5	P06427	0
Q9Y3Q8	P11298	0
Q9H347	P24830	0
P10912	P03119	0
P84098	P06462	0
Q8TF32	P06932	1
Q9Y653	P06427	0
Q9BPU9	Q6TY35	0
Q92889	P04017	0
Q3LHN2	A0MPS7	0
Q8IYS2	P03130	0
Q6P1K1	P24835	1
P01040	P26554	0
Q9H223	Q9ICL0	0
Q17R55	A0A384KQ78	0
Q8IVF1	Q8B5B5	0
P10082	A0A089NDG7	0
P02792	P36801	1
O14817	P36778	0
Q13072	P06461	0
Q8N8Q3	P36778	0
Q9UIV1	P0DKB0	0
Q9UPN6	P03101	0
Q92804	P03129	1
O75344	Q8B5B5	0
Q66K74	P06423	1
Q9BVV8	D7GM08	0
Q6UWT2	Q9ICL1	0
Q9Y5H6	P11298	0
Q86V35	Q80901	0
Q9Y5B8	Q8V1J0	0
Q8NE01	P06429	0
Q8WTW3	Q9QNP8	0
P07498	P06429	0
Q9Y337	P06931	0
D6RBM5	P06932	0
Q8WVF1	P03121	0
P50452	P50804	0
Q9ULM2	A0A384KQ78	0
Q86V21	P04013	0
Q8N4L2	B9UPF3	1
Q9NP87	P06428	0
Q8TEB7	P06460	0
Q8WTS1	P26555	0
Q6UVJ0	P17382	0
H0YL09	D7GMA9	0
Q8IUR5	P06465	0
Q8NGE2	P03122	0
Q96PN8	P03114	0
Q8NFR7	P06461	0
Q92523	P06930	0
Q66K64	P36799	0
Q5JUK2	P21735	0
Q8N9G6	P17387	0
O94805	P06922	0
Q92949	P36801	0
P20309	P04014	0
O15015	P17382	0
Q6PL18	Q8V1J0	0
Q8N3F0	P06430	0
Q92522	P03118	0
Q8NGT5	Q6TY28	0
Q9Y4B5	P11298	0
Q8IWA6	P36801	0
Q8TF32	P24830	0
Q96CE8	P06794	0
Q9UIY3	P36801	0
Q8N7R7	Q8B5B5	0
Q09472	P06463	1
E7EUS2	P06463	1
P55347	P06789	0
Q9UBG0	P03126	0
Q9H9E3	Q80907	0
Q08554	Q8V1J0	0
Q66PJ3	P03122	0
O75192	P03105	0
Q8WTQ4	Q77UU1	0
O15145	P03107	0
Q86X52	P06929	0
A6NK75	P50804	0
A6NGH7	A0A160CDL8	0
Q6UXN9	P36741	0
Q96DN6	Q6TY28	0
P01814	P06428	0
Q59EK9	P06933	0
Q96FN4	P17384	0
O95567	Q80908	0
Q68CQ1	P17387	0
Q6ICL0	Q9QLP4	0
Q8WUJ0	P06933	0
Q9Y6D6	P50804	0
Q5JXX7	A0A384KQ78	0
O94929	O57125	0
P63151	P06463	1
Q6PCD5	A0A220NMU2	0
Q9NW75	P06930	0
Q9BZF3	P03120	0
Q9Y2R0	P06428	0
Q96FG2	P36780	0
P11473	P11298	0
Q9BX68	Q77E16	0
Q96KN8	P03101	0
A6NDG6	P06427	0
Q01650	P06927	1
Q6ZRP0	P36817	0
Q9Y6X2	P06794	0
O75718	P03119	0
P11226	P17386	0
Q7L0X0	P04020	0
Q7RTS6	P26555	0
Q9P003	P06428	1
Q96ER3	Q9QLP4	0
Q68DY9	P21735	0
O00602	P03129	1
Q9C0J8	P17384	0
P20062	P36799	0
P20851	P06428	0
Q96PP4	P06921	0
Q12866	P50804	0
Q9BYD3	P24835	1
A6NNZ2	O57125	0
Q13065	P06788	0
Q8TDB6	P17384	1
Q9BWX1	P17388	0
Q8N6V9	P04019	0
Q9UDY2	P06429	1
Q96RP3	P06428	0
P15822	P21735	0
Q9NV56	P06922	0
Q9UIF3	P36827	0
Q6EMB2	P17386	0
Q5UCC4	Q9ICL1	0
Q86T13	P04017	0
Q9BWG6	P06428	1
P0CH98	E7BBT6	0
P50991	P03130	0
A2A2V5	Q9ICL0	0
P07864	P36741	0
Q8WU76	P03126	0
Q5RI15	Q77UU2	0
P39656	A0A089NDG7	0
O43809	P06465	1
P0DOX7	P04019	0
P50552	P04019	0
Q9UHU1	Q778F3	0
Q86W50	P06794	0
O75995	P04013	0
A6NE01	P11298	0
P35579	O57125	0
O00151	P03121	0
Q8IZQ1	P06788	1
Q9UPX8	Q77UU2	0
Q6ZRM9	D7GMA9	0
P0C671	P06929	0
A1KXE4	P06930	0
Q13588	E7BBT6	0
Q9C056	P04014	0
Q63HK5	Q77UU2	0
Q49A17	P03107	0
P58550	P36741	0
P43119	Q9QNP8	0
Q86VP1	P36778	1
Q03395	P36827	0
Q9Y543	Q77UU1	0
Q4G0N0	Q07857	0
P24522	A0MPS7	0
P11171	P06429	0
O95976	A0A220NMU2	0
Q9HC62	P04020	0
Q70EL3	P04017	0
Q15742	P36778	0
Q9H410	Q9QLP4	0
P49795	A0MPS7	0
Q86SS6	P06933	0
Q8NDZ0	P50778	0
Q92932	P36807	0
P60328	A0A220NMU2	0
P40939	P06930	1
P50391	P36741	0
P24928	Q6TY28	0
P24863	Q80901	0
Q08648	P06427	0
Q9Y5Z6	P04015	0
Q9Y570	P06921	1
Q6UX41	P03105	0
Q6UW10	P04019	0
Q8WXK1	P06927	0
Q86Y38	P06789	0
P05423	P50778	0
O95249	P36801	0
A0A5B6	P36817	0
P30679	P06463	0
Q8N5U1	P06423	0
E7EU14	P50778	0
Q8TAG5	P17389	0
Q9NUK0	P06461	0
P10074	P06430	1
Q9Y6X0	P06792	0
Q9Y2J4	Q77UU1	0
Q9BVJ6	Q8V1J0	0
Q8N4L4	P06463	0
Q9NS85	P17385	0
Q8NBI5	P03116	0
P10398	Q8V1J0	0
Q12999	P06429	0
O14924	P03126	1
Q8TF39	P03113	0
P27105	P06927	1
Q9H0M0	A0A089NDG7	0
Q03923	P36780	0
O95868	Q9ICL1	0
P01236	P26555	0
P53621	P06430	1
P51580	A0A220NMU2	0
Q92819	P17389	0
Q9HBL6	P03107	0
O00221	P21735	0
Q96F10	D7GMA9	0
Q2VPA4	O57125	0
O15523	P03130	0
Q9NYV6	P36741	0
Q9H3Y6	E7BBT6	0
O75781	P50804	0
P08118	P03121	0
P33681	Q9ICL0	0
Q8TBY8	P03121	0
Q15125	P06428	1
Q9H114	P50804	0
O75952	P06932	0
Q9NRW3	P50778	0
Q96HP0	A0A220NMU2	0
A0A0C4DH42	P06459	0
Q9BY19	P03107	0
Q5JNZ5	P06463	0
Q92908	P17388	1
Q9BZL3	Q6TY28	0
Q9Y2Y4	P06788	1
Q7Z6K5	P36810	0
A6NJ69	P03114	0
P47710	P36810	0
Q9UKV0	P04014	0
P59047	Q07857	0
Q96B54	Q9QLP4	0
P33947	P06794	0
P15428	P04019	0
Q52M75	Q9QLP4	0
O75365	P06461	0
Q86XX4	P04014	0
Q9Y3U8	P06465	0
Q6IED9	P06460	0
O95182	P04015	0
Q06278	P06933	0
Q9NW81	P17382	0
Q68BL8	P24835	0
Q15059	Q778F3	0
P98164	P36741	0
Q9P1D8	Q80908	0
Q03591	Q9WH13	0
Q9NQ89	P03113	0
Q96BQ5	E7BBT6	0
Q86W56	P06792	0
P49755	P17385	1
O60880	P06427	0
Q69YI7	Q8B5B5	0
Q5SRD0	D7GM08	0
Q9H0P0	P24835	0
P45452	P06922	0
Q9BVT8	P06930	0
Q86W24	P17386	0
Q9Y3D3	P06428	1
O43374	P03121	0
Q96GA7	Q07857	0
O60662	P03116	0
Q8TBB6	P36810	0
Q99717	P54667	0
A0A1B0GV85	P06459	0
Q8N2Z9	P54667	0
Q6KC79	P06791	0
Q9Y6M1	E7BBT6	0
Q6ZSB9	Q77UU1	0
Q6PEY2	A0A089NDG7	0
Q3C1V1	Q778F3	0
Q8WTR7	P06791	0
Q8N3F9	P03105	0
Q8WW12	P17389	0
Q5JVF3	Q77E16	0
O95876	P06427	0
Q5T7P3	P50804	0
Q05682	P36801	0
Q13586	P03129	0
H0YKY3	P36741	0
D6R9N7	P36801	0
B2RC85	Q8V1J0	0
Q9H0T7	Q9WH13	0
Q4G0S4	P17387	0
Q9P0U4	P27962	0
Q8TCB0	P54667	0
Q9UKG1	P27228	0
Q96T23	P36780	1
O60294	P0DKB0	0
Q9UFD9	P06789	0
Q9BV38	P17382	1
P06241	P06794	0
Q99990	P24835	0
Q6IN84	A0A220NMU2	0
A6NIZ1	Q6TY35	0
P16220	P17387	1
A1L167	P06921	0
Q12952	P03121	0
Q9NVV4	P26555	0
Q8NB37	P17389	0
Q14534	Q77UU2	0
P50120	A0A220NMU2	0
P33260	A0A089NDG7	0
A6NKF2	P17385	0
Q5JPF3	P17387	0
Q12907	P06930	0
Q9UPR3	A0A089NDG7	0
P33076	P17385	0
Q96RD2	Q9ICL0	0
Q14774	P04017	0
Q9P0M9	P06791	0
Q8NET1	A0A160CDL8	0
P04808	A0A384KQ78	0
Q96M60	P36799	0
O00370	P36810	0
Q00536	P50804	0
Q96FZ7	D7GMA9	0
Q6AZY7	Q07857	0
P18859	P17385	1
Q8N7P1	Q77E16	0
Q9NXJ5	P24835	0
Q9Y2G8	P03126	0
Q9NRA0	P06932	0
A0A0B4J2F0	P36799	0
A0JLT2	P17382	0
Q9Y6N3	P06465	0
O14625	P36780	0
Q8NGJ5	Q9ICL1	0
Q92896	P36801	0
Q08499	P50804	0
Q9H400	A0A220NMU2	0
Q5FWF5	P36778	0
Q9HBL8	P06430	0
Q8NGK0	P17383	0
Q96DD7	A0MPS7	0
Q86UW7	P24830	0
Q8WW34	P06461	0
P22626	P26554	0
P06127	P04013	0
Q8NGI9	P17384	0
Q7L5N1	D7GMA9	0
P43487	P06933	0
O76090	P06426	0
P98082	P03129	1
Q8NH61	Q778F3	0
P07919	P27962	0
Q6PKG0	P36817	0
Q5TDH0	Q77UU2	0
P51523	P21735	0
Q9H7B7	P03119	0
Q92888	P03126	0
O95149	P24830	0
Q99598	Q8V1J0	0
Q96J88	P24835	0
C9JR72	Q9ICL1	0
O60711	P17389	0
Q9BWH2	Q07857	0
O75051	P03116	0
Q8TDZ2	P06459	0
Q9H2C8	Q6TY35	0
Q8N814	P06788	0
Q9Y6V7	P03126	0
Q53HI1	P21735	0
P0C854	P03114	0
Q6UVW9	P36801	0
P0CE72	B9UPF3	0
Q14183	P06789	0
A6NL88	Q80907	0
Q16629	P04015	1
P31274	P04020	0
P31785	P06463	0
Q14155	P06790	0
Q5T3U5	P0DKB0	0
Q9NWH9	B9UPF3	0
Q9BXU0	P17387	0
O15083	P54667	0
Q70YC5	P36780	0
Q8N8P6	P03126	0
P35244	A0A160CDL8	0
Q5EBL2	P06930	0
Q96LI5	P50804	0
O75113	P17382	0
O75309	Q80908	0
Q4G148	P36799	0
O43716	P17382	0
Q8NGU9	P27228	0
Q14CX5	Q80908	0
Q9P003	Q77UU2	0
P63010	P04013	0
P16066	P06791	0
A8MYV0	P06794	0
Q2V2M9	P36791	0
Q13323	P03119	0
P42892	B9UPF3	1
Q12905	P06462	0
Q9BSG1	P36801	0
Q9NUE0	P06788	0
Q9NZW5	P03126	1
Q96MF2	P06933	0
Q6UXQ4	P36807	0
Q9NZ32	E7BBT6	0
Q96MS3	P06430	0
Q5EBL8	P03119	0
Q96KM6	P50804	0
P08754	Q9QNP8	0
Q9H9P5	P06423	0
Q8WWQ2	P03107	0
O00757	P06429	0
Q96P44	P06428	0
P20023	Q9ICL1	0
Q2M2Z5	P03120	0
Q96LX8	P03107	0
Q99676	P03116	0
Q8N878	P06921	0
A0A1B0GVH6	P03121	0
Q9H6P5	D7GMA9	0
Q9UNY4	P06461	0
Q9Y5M6	P24830	0
Q8TDC3	P36780	0
P09630	P26554	0
O00115	P24835	1
Q5SVZ6	P03121	0
P0CG13	P36791	0
Q16674	P06921	0
Q9UPT6	P03113	0
Q9Y2B5	P54667	0
P54793	P03119	0
Q8N8R5	P06922	0
Q9BV68	P17385	1
Q96AN5	P36827	0
Q96FJ0	P06430	1
O60234	P17384	0
Q2M3G0	P03130	0
A0A1B0GTR4	P06463	0
Q8IZ02	P06426	0
A1L390	P17386	0
Q0D2J5	P06429	0
Q5W0A0	Q77UU2	0
P19174	P36778	0
Q86X83	P03126	0
Q9P127	P50778	0
Q9H2U1	P17388	1
Q9P212	Q80907	0
Q6UVW9	Q8V1J0	0
P17900	Q9WH13	0
Q8N699	P06922	0
A0A0B4J235	A0A384KQ78	0
Q9NPI5	P06929	0
Q6UXI7	Q9WH13	0
P50607	D7GMA9	0
Q92747	P04017	0
Q96G91	P06465	0
O95497	P04013	0
Q8WVJ2	Q77UU1	0
P23467	D7GM08	0
A6NKC0	P03129	0
P51617	P03101	0
Q14790	P24830	1
P31939	P06428	0
P04003	P03121	0
Q86V35	Q778F3	0
Q9Y312	P36817	0
Q8WUW1	P17382	0
Q9H6K1	P03105	0
Q9GZW8	P54667	0
Q9NZJ4	P17384	0
O60568	P04013	0
O15172	P17384	0
Q96GN5	Q9ICL0	0
Q8N0Y2	P03129	0
P50616	P06921	1
O43292	P06922	0
P10163	P06792	0
Q9HAE3	P06463	0
Q9BSK1	P06792	0
Q8N6N6	Q9WH13	0
Q86X83	P04015	0
P0C628	O57125	0
P56181	P06428	0
Q96C01	Q9WH13	0
Q9UBP8	P04014	0
Q8NGA0	Q80901	0
P19387	P24835	0
Q9H6D3	P06932	0
Q9H159	P03118	0
Q96MT0	P17385	0
O60890	P06463	0
O95238	P36778	0
Q86YS6	P06430	0
Q9NQ40	P36741	0
P50583	P06930	0
Q9Y334	P24835	0
Q16539	P03105	0
Q9BW71	P06789	0
Q7Z6V5	P06790	0
Q9Y5U5	Q9WH13	0
P35453	Q9WH13	0
Q9H1Z9	Q80907	0
P46782	P03118	0
P63252	P04019	0
Q5TC79	P17386	0
Q7L3S4	P03120	0
Q96RK0	Q80907	0
P01602	P06422	0
Q9Y3E0	P17388	0
O14524	P36799	0
Q6FIC5	P06932	1
P12109	P06930	1
Q9NXH8	P06927	1
Q9BYT5	P54667	0
O15117	Q77UU2	0
Q9HCT0	P06931	0
A5D6W6	Q80907	0
K7EIK7	P06428	1
Q9HC47	Q07857	0
Q30KR1	P06430	0
Q6ICL0	Q8B5B5	0
Q0ZLH3	P17386	0
Q96HQ2	A0A220NMU2	0
Q8IVL6	P54667	0
O75626	P06460	0
Q8IYS8	D7GMA9	0
O43852	Q80908	0
P04433	P24830	0
A0A075B6Q5	P04019	0
Q01860	P03118	0
Q9H295	P06428	0
P09601	P04013	0
Q01524	A0A384KQ78	0
P50416	P06460	1
P25391	P06929	0
H3BSY2	P03119	0
O14957	P04014	0
Q8WVV9	P06429	0
Q8N3K9	P17384	0
Q9NWV4	Q6TY28	0
Q8TEB9	P27962	0
Q8TDN7	P06423	0
P11474	P06921	1
P23246	P06429	0
Q8TF27	P17382	0
Q8IYA8	P17382	0
P06312	P03130	0
Q96DA6	P17384	0
Q9BY10	P0CK45	0
Q96ST2	P04019	0
P23634	P06461	1
Q9BTE6	P03114	0
Q9NP55	P0CK45	0
Q6ZTR5	Q77UU1	0
Q96L46	Q9ICL1	0
Q96CX2	P03114	0
Q3SXP7	P04019	0
P78552	P06921	0
Q8TAC9	P06430	0
P14780	P06794	0
O00401	Q6TY35	0
P49770	P06794	0
Q96A05	Q80901	0
Q6P179	Q9ICL1	0
Q0P5N6	P06429	1
P21926	Q8B5B5	0
Q12791	P06927	0
Q32MK0	P36791	0
Q8IWC1	P03120	0
Q9Y6W3	P0DKB0	0
P49184	B9UPF3	0
Q8IV32	P03118	0
Q9P0M9	P06423	0
Q8TCJ0	A0A089NDG7	0
O60870	P17382	0
P62851	D7GM08	0
Q8N3R3	P06790	0
P21675-2	P03120	1
Q9UJJ7	P06921	0
A0A1B0GTR0	O57125	0
Q8NEQ6	P06427	0
A8MTW9	Q07857	0
Q9P0U4	P04015	0
Q01113	Q6TY28	0
A0A087WVE2	P03129	1
O00232	P17389	0
Q5JQF8	P36778	0
Q7Z6B0	P26555	0
Q9H582	P17383	0
A4D250	P06933	0
Q9NW08	P04013	0
Q9H4I0	P17385	0
A0PJZ3	P06460	0
Q8IXV7	P54667	0
O75746	P03113	0
Q9NXV2	P26554	0
Q8N543	P03129	1
O43617	P17386	0
Q8NGJ3	Q8V1J0	0
Q8N412	D7GMA9	0
Q5TAA0	D7GM08	0
Q8NBD8	P36791	0
P30954	P06461	0
Q5JPI9	P36801	0
Q9NYC9	A0A384KQ78	0
P26641	P03118	1
Q9H6K4	P17389	0
Q16663	Q9QNP8	0
Q96DP5	P36817	1
Q96I27	P21735	0
O00148	Q9ICL1	0
Q8TDD1	P03118	0
O95222	A0A220NMU2	0
Q8N443	P06921	0
Q9C0K0	Q9ICL1	0
Q8IUI4	P06429	0
P31314	Q07857	0
P22674	P03113	0
P0C1H6	P06427	0
J3KQE5	P03129	1
O75380	P27962	0
P26436	P36780	0
Q15652	P36817	0
Q5VU43	P04020	0
Q9BUU2	P36817	0
Q13111	P06922	0
Q08477	P36810	0
Q5SNT2	Q80907	0
O15160	P06430	1
Q5SZL2	P06462	0
O75928	P03113	1
Q9HDC9	P03129	0
P0C7V7	P26554	0
Q8N6K4	P03105	0
P10075	P0CK45	0
P22087	P17389	1
Q9NZP6	P03116	0
P56539	Q07857	0
P08631	P06932	0
Q9Y2P8	P06794	0
Q9NQ90	P04019	0
Q9NRD9	P06794	0
Q9BUW7	D7GMA9	0
P04437	P17383	0
Q14160	P21735	1
Q99873	P06921	0
Q92547	A0A220NMU2	0
Q8NGS6	P24835	0
Q9NZG7	P06792	0
Q969Q6	P17382	0
P25116	P03120	0
Q7Z3K3	P06427	0
Q6NSJ2	P06930	0
Q96LW7	P17387	0
Q8TDF5	P17388	0
Q8TAV5	A0A089NDG7	0
Q13057	P06792	0
P63128	Q80901	0
Q5T7R7	A0A384KQ78	0
Q6UWI2	P36810	0
P01178	P0CK45	0
Q9NTJ5	P06792	1
P30281	P36778	0
Q6ISB3	B9UPF3	0
P46597	P24835	0
Q7Z422	P0DKB0	0
A2RUS2	Q80907	0
Q5SWA1	P03114	0
O95822	P50778	0
P06241	P06429	0
Q9H693	E7BBT6	0
Q9ULP0	P24830	0
O14604	P06427	0
Q9BZ29	P50804	0
Q9H3S1	P21735	0
Q96B77	P03113	0
P19256	P06927	0
Q92826	Q9QNP8	0
O15232	Q80908	0
Q9BVC4	P06464	1
Q9Y394	P03126	0
Q9UHD8	O57125	0
P53618	P06460	1
A0A1B0GV03	P06459	0
P62937	P06794	0
Q15629	P36778	0
Q9H777	P06922	0
Q9GZT6	P17382	0
P86434	P17382	0
Q15796	P36801	1
O95400	P36778	0
P06753	P06930	0
A6H8Y1	P03120	0
Q2M329	P03119	0
Q3LIE5	P04020	0
Q86TY3	P27962	0
P30613	P26555	0
Q8N5M9	Q9WH13	0
Q96EM0	E7BBT6	0
Q8IVH8	P50804	0
Q8IZA3	D7GMA9	0
Q9UMS4	P04013	0
Q7Z7M8	P11298	0
P41586	Q80901	0
B7ZAP0	P17389	0
P63130	P06791	0
P56559	P36801	0
Q53QV2	P03118	0
Q4VNC0	A0A220NMU2	0
P54198	A0A220NMU2	0
O00299	P06428	1
Q9P1W3	P17383	0
Q9BZF3	P17384	0
P51993	P03116	0
Q96FF7	P36741	0
Q86XH1	O57125	0
Q8WXK3	Q9ICL1	0
Q8IY22	A0A089NDG7	0
Q9UKY7	E7BBT6	0
A8MXQ7	P06790	0
Q9NXH9	A0MPS7	0
O75154	Q9ICL0	0
Q8IWT0	Q80901	0
Q9UFH2	P50778	0
Q5VWQ8	P06465	1
Q9BYQ0	P17384	0
O95125	Q778F3	0
Q8NHV5	P06426	0
I4AY87	P36827	1
P07355	Q6TY35	0
P55061	P17388	0
Q5ST30	P36791	0
Q13425	P17383	0
A0A075B6W5	B9UPF3	0
Q8WXG1	P36778	0
Q96N03	Q77UU2	0
Q15645	Q77UU2	0
Q9NW81	P06463	1
P16415	P06933	0
Q99807	O57125	0
P23759	P06930	0
Q9UK05	P36780	0
Q5TC04	P06427	0
P01185	Q77UU2	0
Q6P4A8	D7GMA9	0
P0C7W8	P04017	0
O15432	P36780	0
Q9UBP0	P04020	0
Q9NS15	P36780	0
Q8NE00	P04017	0
P05109	P04020	0
Q96L03	P06430	0
A6NFC9	A0A160CDL8	0
Q9HCJ0	P24835	0
P0CI25	P03113	0
P01009	P06791	0
Q9BPY3	P06462	0
O76027	P06423	0
Q9Y490	P17383	0
P32745	P17386	0
E5RQL4	P03130	0
P40259	Q9ICL1	0
Q8N8P6	P06430	0
Q9NUQ6	P17383	0
Q9H269	Q6TY28	0
A6NI03	P03116	0
A4D256	A0A160CDL8	0
Q4VC39	P11298	0
Q9UPV7	Q9WH13	0
Q5U3C3	P36801	0
Q15619	P06465	0
Q13563	P06792	1
Q9NSP4	P17387	0
Q6ZS81	P26555	0
A6NC86	A0A384KQ78	0
Q16666	P21735	0
Q92529	P06427	0
Q16653	Q80908	0
P14621	P06426	0
Q9Y281	Q80908	0
Q9UJ70	P03114	0
Q13621	Q9ICL1	0
P78417	P06932	1
Q4KMQ1	P03101	0
Q8IYW5	P36741	0
P49703	P06427	0
Q9BYK8	P21735	0
O43155	P26554	0
Q5VU69	P03116	0
Q9NQC3	P06927	1
O15068	P03105	0
P04217	P06459	0
Q9H0R6	P27228	0
Q96FG2	Q8V1J0	0
Q8IXQ4	Q9QNP8	0
Q8IXK2	P17388	0
A2VDJ0	P06461	0
Q14004	A0MPS7	0
Q8NH90	P04013	0
P49590	Q77UU1	0
A8MTL0	P06463	0
O15194	P36827	0
Q9H5V8	P36780	1
Q9UJU5	P06927	0
Q5SQI0	P17387	0
Q8NFW5	Q77UU1	0
Q8IW19	P21735	0
Q9UIJ5	O57125	0
P18577	Q778F3	0
P17542	Q77UU2	0
A6NJY4	P06922	0
O14979	P50778	0
Q9ULZ3	P03118	0
Q99501	P36801	0
P22695	Q77UU1	0
P33897	P06921	0
P51784	A0A384KQ78	0
Q8NFP9	P06790	0
Q7Z4V5	P24830	0
Q86YJ7	P06428	0
E9PFW3	P26555	0
H3BNL8	P11298	0
Q8NE00	P06927	0
Q5JX71	Q80901	0
Q6MZZ7	P17389	0
Q9H2I8	A0A089NDG7	0
Q16384	P03116	0
O43296	A0A160CDL8	0
Q8IVC4	P06462	0
Q93009	P04015	0
Q4KMZ1	Q77E16	0
O43374	P06927	0
Q8NGS7	P36807	0
P22760	P17386	0
Q53H96	P03107	0
Q6UY11	Q9ICL0	0
Q96AY3	Q9QLP4	0
P43155	P36807	0
P00338	P17388	0
O15446	P03116	0
Q12982	Q6TY35	0
P51808	P27962	0
P78536	P06933	0
Q9BRY0	Q80901	0
P42166	P04020	0
Q9NS91	P36791	0
Q52LA3	Q80901	0
Q8WYQ5	P17383	1
Q9NZT1	A0A160CDL8	0
Q9H0R1	P06462	0
Q5T5J6	P06791	0
A6NHA9	A0A089NDG7	0
Q5VZT2	P04017	0
Q9BQ51	P06462	0
Q8NB46	P50804	0
P01920	P36741	0
Q16719	Q6TY28	0
O00506	P17384	0
Q5VW00	P17385	0
Q5T9G4	P03101	0
O95294	P36817	0
O43164	P54667	0
Q3ZLR7	P04020	0
P17050	P06426	0
P28223	P36827	0
Q9UKV8	P03122	0
Q17RD7	P03121	0
A0A075B6T8	A0A384KQ78	0
Q9Y608	P11298	0
Q86TZ1	P03129	0
Q9UJG1	P0DKB0	0
Q6ICI0	P17382	0
Q6NT32	Q77E16	0
O43829	P36807	0
P62877	P36799	0
P58511	P06922	0
P50991	Q07857	0
Q9BY12	P06794	0
P98198	Q77UU2	0
Q6ZN54	P06461	0
P00995	E7BBT6	0
Q6ZP01	Q778F3	0
Q0VDE8	P06430	0
O43688	P06789	0
P60866	P17383	0
Q6NW34	P24830	0
Q92985	P17385	0
Q04637	Q778F3	0
O14579	O57125	0
O14939	P06461	0
O75909	P50804	0
Q9BQ69	P36810	0
P55011	P50778	0
Q96RQ3	P36801	0
E9PI68	B9UPF3	0
Q9BZG2	P06931	0
P06703	P06927	0
Q9UKN8	P36780	0
Q8NDX1	Q6TY35	0
Q8N3Z6	D7GM08	0
Q96Q89	P06422	0
P40692	P03114	0
Q5W041	P17388	0
O14730	O57125	0
Q8IYK4	O57125	0
Q8N392	P36778	0
Q9C002	Q9QLP4	0
Q9Y6N5	P06461	1
Q6DHV5	P04013	0
Q9Y2R0	Q778F3	0
P54687	P27962	0
Q7Z7N9	P06792	1
Q9Y4P3	P06460	1
P31689	P06463	1
P78423	P54667	0
P36578	P06465	0
O96004	P06463	0
Q8TCT6	O57125	0
Q9H3U1	P06423	0
Q13480	O57125	0
Q8IUE0	P06428	0
P49888	P17384	0
Q9H5N1	P04017	0
Q8NCT3	P36778	0
O14921	P06462	0
Q8TAG5	Q80901	0
Q8NCV1	P36817	0
P08779	P06931	0
Q96NY7	A0MPS7	0
Q9P2N7	P03107	0
Q9BRJ2	P06791	0
O14530	P17384	0
P11844	P04013	0
Q8IVN8	P06429	0
P10275	P36801	0
Q8NCP5	P06921	0
Q7Z4W2	O57125	0
Q0VAQ4	P17384	0
Q8N7Z2	Q77E16	0
Q9H8G1	Q77UU1	0
Q5JZY3	O57125	0
Q9H7F0	Q77UU1	0
Q9Y3S1	Q6TY28	0
Q9UH03	P36778	0
O15488	P06792	0
Q05086	Q77E16	1
O15156	P17388	0
Q9H0A9	P36817	0
Q8N145	P03101	0
Q969U6	P36807	0
Q15365	P03120	1
Q14686	P03105	0
Q9NWW6	P17387	0
Q96MZ0	A0A220NMU2	0
Q9UKB1	E7BBT6	0
Q8IYT8	Q77E16	0
Q6L9W6	P03116	0
P28838	P04013	0
Q9NWS9	P03120	0
Q3KQZ1	Q6TY28	0
A8MU46	P17382	0
Q6S8J7	P03107	0
Q9H9A6	D7GM08	0
Q92748	D7GMA9	0
Q8WVL7	P36810	1
A0A1B0GV85	A0MPS7	0
P09543	P17387	1
A1YPR0	P06426	0
Q6DN12	P11298	0
Q8TEZ7	P03130	0
Q9ULZ3	P04017	0
Q6P1M0	P06460	1
Q9UBP6	P03116	0
A6QL64	P17383	0
Q8TC21	P03101	0
Q9BTV6	Q8V1J0	0
Q96AE4	P06791	0
Q9Y215	P03113	0
O43583	Q6TY28	0
A2BF26	Q9ICL1	0
Q9NUI1	P50778	0
P54136	P06930	0
Q9GZT4	P04017	0
Q8TB73	P03130	0
Q9Y3I1	A0A384KQ78	0
A2RTY3	P06427	0
P08670	P03101	0
Q9HC44	P06929	0
Q96NS5	P03122	0
O00241	P17385	0
Q9GZM8	P04013	0
Q9HBT7	P06788	0
Q9BUU2	A0MPS7	0
O60512	P03113	0
Q13443	A0A089NDG7	0
H0Y354	Q778F3	0
H0Y354	P36807	0
Q9BY12	A0A384KQ78	0
P54725	P06465	1
Q9H6A0	P04013	0
Q9UBC3	A0A089NDG7	0
Q92537	P06933	0
O15315	P06929	1
Q86UD1	P06788	0
Q8N6T3	P21735	0
Q8TEB9	P17386	0
Q8TAE6	Q77UU2	0
Q96DC8	Q8B5B5	0
P16144	P06423	1
Q96CW9	P36799	0
Q14677	P36799	0
P14207	P06922	0
Q9GZS3	Q9ICL0	0
Q92766	P06930	0
P09913	P06427	0
Q9NVP4	P04015	0
O43889	Q9QLP4	0
Q9BTW9	P36791	0
Q8NH53	P06429	0
O00141	Q8V1J0	0
Q5U5R9	P36801	0
Q9H0W8	P06932	0
P29034	P26554	0
Q8N682	P21735	0
Q5HYI7	P54667	0
Q2M329	P06422	0
Q14952	Q80908	0
O15547	P06459	0
Q9UKY1	P03120	0
Q8WXX0	P0DKB0	0
Q8NBS3	P03129	0
Q6UXB2	P36799	0
Q8N6T3	Q77E16	0
P0CG00	P06430	0
Q8NA61	P03130	0
Q66K74	P36778	1
Q9UPQ7	P06427	1
Q8NEM0	P06460	0
P26045	Q77E16	1
Q8NHJ6	P06427	0
Q3LI73	P36827	0
Q99706	P03114	0
Q8TDU9	P06922	0
P60763	P36807	0
P17676	P06422	1
P16157	P03121	0
P01782	P06794	0
Q96RT6	Q8V1J0	0
Q9Y2Y6	Q6TY35	0
B4DZS4	P03113	0
Q9NVI1	P03107	0
Q969F0	P04013	0
Q99811	P36817	0
P09543	P06464	1
P42771	A0A220NMU2	0
Q96NB2	P06929	0
Q9Y6Y8	P06794	0
Q8TEY7	P06429	1
Q9Y4G8	Q8V1J0	0
O94851	Q77E16	0
Q6IQ32	P03113	0
P38606	P06932	0
Q9Y676	P17383	1
P48507	E7BBT6	0
Q8WXE1	Q9ICL1	0
O60548	A0A089NDG7	0
Q92819	P06790	0
Q9NQ69	P04020	0
O14936	Q80907	0
P56182	P06428	0
A0A075B6H9	P06429	0
O43395	P36791	0
P0DPF6	P06465	0
P08235	A0MPS7	0
Q9HD45	P06792	1
Q99700	A0MPS7	0
Q9BPW5	Q9WH13	0
Q8NEP3	P06430	0
Q96EL2	P06791	0
P45880	P17385	1
P58182	D7GMA9	0
Q9HCC9	P17386	0
Q9C0E2	A0A384KQ78	0
A0PJX4	P03129	0
Q96IW2	P06428	0
Q96PG8	A0MPS7	0
Q9ULI4	P50804	0
Q9UKA1	P03107	0
P30279	P17388	0
Q9Y2F5	P06930	0
Q9Y6X9	P03114	0
Q15031	P04020	0
Q9NXC2	P17385	0
P51522	P06422	0
Q9H2F5	P17382	0
Q9NYW3	Q9QLP4	0
Q5SZD1	P36780	0
Q8WWB7	P27228	0
Q86YD7	A0A160CDL8	0
P40937	P17382	0
Q9NYW7	P21735	0
Q68CZ2	Q9QLP4	0
Q92917	Q77UU1	0
O75452	A0A089NDG7	0
P0DP58	P24835	1
Q96NG3	P06921	0
A5PL33	O57125	0
Q8NGF6	P50804	0
Q5XKR9	O57125	0
Q96FF9	P17383	0
P02748	P06921	0
Q6P9G9	P03130	0
Q9NUQ9	Q8V1J0	0
Q15771	P03118	0
Q8NGL2	D7GM08	0
Q13885	Q77E16	0
Q9NPJ4	O57125	0
P53582	P06922	0
Q6ZR03	P54667	0
Q9UJS0	P17383	0
P35712	P06930	0
Q7L014	P17388	0
O76082	P03114	0
P63145	Q778F3	0
Q14032	P17385	0
Q8IW52	P36791	0
P35913	D7GMA9	0
A6NDD5	B9UPF3	0
Q8N5U0	P36799	0
Q969H9	P26555	0
Q96HR9	Q6TY35	0
Q96E14	P24835	0
Q9BRQ8	P17382	0
Q9H195	P06930	0
Q6BAA4	P06922	0
Q8N371	P06459	0
Q8WZA1	A0A220NMU2	0
Q05952	P36799	0
Q92997	P06792	0
Q9UGJ0	P17383	0
Q8IXQ3	A0A220NMU2	0
Q9UHB6	P06794	0
Q8N8E1	P26554	0
Q9HD47	P06932	0
Q96DE5	P06463	0
P49184	P03122	0
Q8NCL9	Q9ICL1	0
Q3C1V9	A0MPS7	0
Q96F46	P06427	0
Q99525	P06427	0
P17658	P0CK45	0
Q6ZU67	P03129	0
Q9NWH2	P03126	0
Q9Y4Z0	P06422	0
Q9BRU9	P11298	0
Q8NA29	Q6TY28	0
Q8IU60	Q8V1J0	0
Q6IQ55	Q9ICL0	0
Q4G0G2	Q77E16	0
Q96HD1	P06790	0
Q8N5G2	A0MPS7	0
Q8N699	P36810	0
Q96PD6	P36807	0
Q9NY57	P17387	0
Q8NFV4	P17383	0
Q9UN70	P0DKB0	0
Q9HBI6	P17389	0
P26641	P06931	0
Q8N4C7	B9UPF3	0
Q96ED9	Q778F3	0
Q6ZRV3	P36827	0
Q8WVV4	P03126	0
Q8NES3	P06929	0
O60548	P54667	0
Q5VT25	Q77UU1	0
P51512	P06426	0
O75582	A0MPS7	0
Q14533	P03118	1
Q96KG9	P03120	1
Q9H2J1	P17387	0
P45985	P36827	0
Q9BZL6	P17388	0
O95267	P0DKB0	0
P0CW27	P04020	0
P34059	P26555	0
A6NL82	A0A089NDG7	0
P36575	P06931	0
A8MQ11	P17382	0
Q9UKM7	P06428	1
Q16548	P0CK45	0
O43598	P21735	0
Q8NDX9	P06931	0
P63010	P06464	1
P16144	P36791	1
Q6P2D8	Q77UU1	0
Q9NYF3	P03118	1
Q86YR5	P17389	0
Q01534	P06792	0
Q92734	Q80907	0
Q8TE57	Q9QNP8	0
Q8ND23	P36801	0
P0CW00	P06921	0
Q49A88	D7GMA9	0
Q8TCT9	P06927	1
Q4V326	P06788	0
Q9NVS9	Q80901	0
Q9UP95	P11298	0
P62263	Q9ICL0	0
Q9UBX8	A0A220NMU2	0
Q8NEM1	P06792	0
Q9H773	P50778	0
P35212	Q80901	0
P05538	P04017	0
P29322	P36778	0
Q01362	P03101	0
Q8TCN5	P36780	0
P57053	P03119	0
Q8NDY3	O57125	0
Q92820	A0A384KQ78	0
Q9H596	A0A384KQ78	0
Q07817	P03118	1
Q99463	A0A384KQ78	0
Q13901	P06460	0
Q9NQ94	Q6TY35	0
P48664	P03121	0
Q96PL2	P24830	0
P60606	P24835	0
Q8N3A8	P04013	0
B0FP48	P06428	0
Q96BP3	P17388	0
P07992	Q80907	0
P10092	P04020	0
P29590	P06460	0
Q92805	P06427	0
P0DKX4	A0A160CDL8	0
P06400	P17386	0
Q969L2	P06423	0
Q14DG7	P03126	0
Q8TAE6	P03105	0
Q6IA86	P03101	0
Q9Y2N7	P17387	0
Q99811	Q9QNP8	0
Q8NFA2	P50778	0
O14796	P03129	0
P35503	P03126	0
P51957	Q9ICL1	0
Q5MNZ6	P36741	0
Q6ZVS7	P04017	0
P01743	P36741	0
B7Z1M9	Q9WH13	0
P61158	P06933	0
Q495W5	P06463	0
Q52M58	P24830	0
Q13530	A0MPS7	0
P48382	P36778	0
Q9H1C4	P27962	0
P28328	P36778	0
P01871	P03116	0
P60413	P36801	0
Q9C0A6	P36807	0
Q96BT7	D7GM08	0
P62699	P36810	0
Q13796	Q80907	0
K9M1U5	P06790	0
Q3LI66	P06927	0
Q16378	P03105	0
P34982	P06429	0
Q5VWG9	P17382	0
P46063	P06426	0
Q12959	P06427	1
Q8N205	P27228	0
P21796	P17385	1
P04733	P06929	1
O43314	P06461	0
Q9ULH0	P06930	0
Q05586	P03107	0
Q92576	P36807	0
Q8TE67	P17388	0
P15529	Q9QLP4	0
Q8TED9	P06933	0
Q14696	P06789	0
A8K8P3	P17388	0
Q14696	P03118	0
P38405	P54667	0
Q9UHN1	P36827	0
P40123	Q77UU2	0
P19237	P36780	0
P49715	P06790	1
Q8N682	P17385	0
Q6ZS92	P03107	0
O60831	P06790	0
Q2KHN1	P36780	0
Q9P2S5	P36741	0
Q6ZMR3	P06462	0
Q13561	P0DKB0	0
Q9NQ03	Q8B5B5	0
Q99666	Q80901	0
Q96LK0	P17384	0
Q9BW85	P04020	1
Q8NG84	Q80907	0
Q9BTC8	Q77E16	0
A0JNW5	P36827	0
P48730	P06422	0
C9JLR9	Q6TY35	0
Q68D91	P36741	0
O60858	P06465	0
Q6P4Q7	Q9QLP4	0
Q8N309	P06459	0
Q9BVA6	P03114	0
Q8N6I4	P03101	0
Q9HAS3	Q778F3	0
Q6ZVH6	P06791	0
Q9BVS4	P03119	0
P13010	E7BBT6	0
Q9UQ10	P06922	0
Q9H8Y8	Q77E16	0
Q99665	P06463	0
O76071	P06461	0
Q6UY27	Q8B5B5	0
A0A075B6X5	P06933	0
P37287	P03101	0
Q8IVL6	A0A384KQ78	0
Q12846	P06426	0
Q9Y388	P06460	0
Q6NSW5	P50804	0
Q6ZVQ6	A0A160CDL8	0
Q9BRK3	B9UPF3	1
Q13568	P03126	0
O14931	P06428	0
A0A0C4DFM2	P50804	0
P35527	Q80907	0
Q7Z4H7	P06426	0
P05976	P06465	0
P49674	P17388	0
Q14525	P24830	0
P02760	P17382	0
Q5VTD9	P04014	0
Q6P5Q4	P03116	0
Q8TDB4	P06422	0
Q6ZP82	P06930	0
Q9Y6H3	P06463	1
P20042	P06933	0
Q6NT46	P17384	0
Q96N77	P06459	0
Q9UJY5	P36778	1
Q9UBS4	A0A160CDL8	0
O75689	P06462	0
Q9H251	P03120	0
Q9H322	Q80908	0
Q9HB15	P06922	0
Q4KMZ1	E7BBT6	0
Q96MZ4	Q9QNP8	0
Q9NZR2	Q6TY28	0
A8MX80	P03126	0
P0DSE2	P04020	0
Q9UJ14	P06921	0
Q9H0H9	Q9QNP8	0
Q9NWB6	P36801	0
Q8IYB3	Q8B5B5	0
P43243	P36801	0
A8MYB1	P36801	0
P04733	P24835	1
Q8TAI7	P06423	0
Q96N35	P36827	0
Q9Y5R2	Q77UU1	0
Q96JM7	P06788	1
Q9NX94	P06427	0
P17019	Q80908	0
Q9HD20	P26555	0
Q12846	P06792	1
A4D1T9	P17387	0
P01008	Q6TY28	0
P85298	P36810	0
Q96BS2	P0DKB0	0
O14908	Q8V1J0	0
Q8NE18	P50778	0
Q6NSZ9	P24830	0
P11137	P17387	1
P06576	P03119	0
O14744	P03129	1
Q6NV74	D7GM08	0
O60431	P03120	0
O75348	P06929	1
O95758	P03105	0
Q9UJA5	P24835	0
P54753	P03105	0
Q15782	P06791	0
Q9UI26	P06791	0
P08240	P06430	0
P43364	Q80908	0
Q00839	P03105	0
Q6PJT7	Q9ICL1	0
P61024	P03120	0
Q92530	P06423	0
Q9UET6	P03126	0
P56381	P06788	0
Q13342	P11298	0
P06400	P03101	0
P48201	P24830	0
P15172	P06463	0
P61960	B9UPF3	0
Q8NG84	P06794	0
Q86YR6	P17388	0
Q53EU6	A0A089NDG7	0
Q03701	P06788	0
Q5VU65	B9UPF3	0
O95185	P36741	0
A0A1B0GTC6	P17389	0
Q5VXU9	P03116	0
Q7Z7H3	P0DKB0	0
Q6PJI9	P06429	0
Q9NSP4	P03116	0
P09758	O57125	0
Q71UM5	P06463	1
O43294	P26555	0
Q8N1A6	Q80907	0
P0C7X5	P50804	0
Q86XS8	P06788	0
Q9NR16	Q8V1J0	0
O14936	P03113	0
Q9UBV7	Q9ICL0	0
Q12981	B9UPF3	0
Q6RFH5	P36780	0
Q99518	Q80907	0
Q6L8G4	P03120	0
O75683	P17383	1
Q9BYU1	P36799	0
Q8NGG7	Q9ICL0	0
O15049	P06929	0
Q9H0E2	P54667	0
Q9NP86	P03118	0
A7MBM2	P06460	0
A0A0A0MS15	P06463	0
Q8NAV1	Q9QLP4	0
P55287	Q80901	0
Q5U623	Q77E16	0
Q8N6F1	P17385	0
A0A0J9YXQ4	P06929	0
Q9H171	P03118	0
Q2UY09	P17389	0
Q5T871	P04013	0
P62937	Q07857	0
P35222	P17383	1
Q6IS14	Q77UU1	0
Q7L5D6	P17382	0
Q8IXB3	P26554	0
Q7LGA3	P36741	0
O75414	P06792	0
P78426	P06430	0
Q9HCH5	P06932	0
Q4G0X4	P36810	0
Q9HCX3	P0DKB0	0
Q8N2R0	P06427	0
P25787	P03118	1
P09681	Q778F3	0
P20813	P06427	0
Q9Y237	P03129	1
Q5TAQ9	P36799	1
Q9GZY8	P06422	0
Q6T4P5	Q8V1J0	0
Q13571	P03122	0
Q96KX1	Q77E16	0
Q9ULH4	Q07857	0
Q5TYM5	P03114	0
Q9UBX5	P06931	0
Q8IZD0	P06789	0
Q8IWI9	P36780	1
Q9GZN0	P06427	0
Q14123	P06932	0
Q96C19	P06460	0
Q9NZN8	P17389	0
P09874	Q07857	0
P04632	P06929	1
P57679	P36791	0
Q14240	A0A089NDG7	0
Q8IWB9	P06459	0
Q96AY2	P24830	0
Q9UI40	P50778	0
Q9Y4X0	O57125	0
Q9NPZ5	P04015	0
Q92736	O57125	0
P56537	P06788	0
Q96TC7	P06792	1
O60356	P06794	0
P05549	P36817	1
P13598	P06459	0
Q70EK8	Q9QNP8	0
Q04721	P06461	1
O14948	P06465	0
P48507	P17387	0
P01772	P06460	0
Q14188	P03129	1
Q66K74	P06422	1
Q9BTM9	Q8V1J0	0
O75845	Q77UU2	0
Q8TD57	P06933	0
Q96L96	P06794	0
Q6KB66	E7BBT6	0
Q96SL1	P06422	0
Q9NYD6	P03105	0
Q9BWG4	Q80901	0
Q13242	P06932	0
Q9NY35	P06461	0
P17980	P17386	1
Q7LBC6	Q9ICL0	0
Q9P2B7	P54667	0
P13725	P06790	0
Q9C010	P36741	0
Q9NYK1	P06428	1
Q6ZMY9	P03119	0
Q99942	P06790	0
P05023	P06461	1
P07384	P04019	0
A6NDR6	Q9ICL0	0
A0A087WVE2	P06933	0
Q96HH6	P0DKB0	0
Q8WW01	P36807	0
Q5EBM0	Q6TY35	0
Q8TC44	P24835	0
Q53FT3	P26555	0
Q15561	P03129	1
Q9NT22	E7BBT6	0
Q8NGM1	P06463	0
P31937	P06922	0
Q9NXB0	Q77E16	0
Q9NQ31	P36817	1
P35462	P06462	0
P61968	P54667	0
O15056	P17388	0
Q86YT6	P03129	0
P78364	P06790	0
P42025	B9UPF3	0
O95988	P36801	0
Q86SM5	P06460	0
P23434	P06932	0
Q5VWM3	P0DKB0	0
Q9HC52	Q9QNP8	0
Q8NGT5	P36780	0
Q86VK4	P26555	0
P43360	P04020	0
Q9C0D3	P36741	0
Q5U5Z8	P17385	0
P0DN76	P06927	0
Q6ZSI9	P06922	0
Q86Y22	P26555	0
Q9NYS0	P03130	0
P23284	P06426	0
Q6NXR0	P06428	0
F2Z3F1	P06461	0
Q8N123	P17382	0
A6NNJ1	P24835	0
Q58EX7	P06460	0
Q13616	B9UPF3	0
Q8TDX5	P17386	0
Q5T0N5	P24835	0
Q96QA6	P04015	0
P15291	P17389	0
P81877	P04019	0
Q8N4B1	B9UPF3	0
P0DP08	P24835	0
Q96AM1	P06792	1
Q9H8E8	P17385	0
Q6PKH6	Q77UU2	0
Q9BYJ4	P24835	0
Q8TEL6	P50804	0
Q9Y6H6	Q77E16	0
P45378	P03129	0
Q8TAA9	P06460	0
P46776	P36801	1
Q01538	O57125	0
Q86YL7	D7GM08	0
Q8NHZ7	Q77UU2	0
P05067	P06462	0
P08842	P36810	0
Q6K0P9	P06930	0
O94826	Q80901	0
Q9N2J8	P04014	0
B3KU38	P03126	0
Q8NB25	D7GM08	0
Q13049	P04015	0
A6NGH7	P06428	0
Q9Y3Q4	P04013	0
Q8NGM8	P03113	0
P08912	Q8V1J0	0
Q8NFT6	P06429	0
Q12884	P06927	0
Q9UL58	P03113	0
Q8N594	P03129	1
O15374	Q80908	0
Q2TV78	D7GM08	0
A0A0J9YXY3	P24830	0
Q9Y5F0	Q77E16	0
P00367	P06462	0
P07204	P03126	0
P35408	P06423	0
A6NER3	P06460	0
Q92890	P04017	0
Q9BY76	Q9WH13	0
Q8NBI3	P17384	0
Q92530	P06463	1
P01834	Q07857	0
Q8N7C4	Q778F3	0
P02746	P03118	0
Q8N699	P06788	0
Q5BJD5	P03107	0
P61583	P36778	0
F8WB74	P06788	1
O43933	P06430	0
Q5VT79	A0MPS7	0
Q6ZR37	D7GMA9	0
Q00444	P06788	0
P33527	P06933	0
A6NFX1	Q77E16	0
Q9C035	P06922	0
Q86VR7	P06429	0
Q13509	B9UPF3	0
Q6WQI6	P17389	0
P04279	P03122	0
Q9P2K6	P11298	0
Q6UWY2	Q9ICL0	0
O15400	P50804	0
P68104	P03129	1
Q8N9W5	P03129	0
Q6NZ67	P17383	0
Q9UQP3	D7GM08	0
Q9Y2D9	P03105	0
Q2M3T9	P04017	0
Q4VC39	E7BBT6	0
Q9BYR5	P03114	0
Q6GYQ0	D7GM08	0
O95521	P26554	0
P0DOX6	P06428	0
Q969K7	P17386	0
P12036	A0A089NDG7	0
Q9ULU4	P17383	0
Q9P2H0	P06430	1
A0FGR8	P06792	1
O43167	Q6TY28	0
Q9UMX3	P06459	0
Q99460	B9UPF3	1
P16519	P06933	0
P0C843	P06931	0
Q92540	P06931	0
Q9UGQ3	P04013	0
Q8IU54	P06426	0
Q495T6	P06791	0
Q9BY71	P06922	0
O95416	A0MPS7	0
Q6PID8	Q8V1J0	0
O75791	P03121	0
P25325	P03122	0
Q9Y333	Q9ICL0	0
P56696	P06933	0
Q9Y5I3	P17388	0
P35504	A0MPS7	0
Q86WA8	P36741	0
Q9UM73	P06462	0
Q9NT62	P04015	0
Q92995	P03126	0
Q6ZN03	P06459	0
Q9BXN2	Q6TY35	0
Q9BXK5	P06921	1
P22303	P36817	0
Q8TBZ8	P06929	0
Q13158	P24830	0
Q9NW82	P06423	0
P07910	P03129	1
Q8WYQ5	Q80908	0
P12755	P03118	0
Q08722	P06792	1
Q8NEW0	B9UPF3	1
O15382	B9UPF3	0
Q96EB6	P36827	0
Q9UBY8	D7GM08	0
Q8TCT9	P06460	1
Q9H3C7	A0A160CDL8	0
Q6UXI7	P03122	0
Q13325	A0MPS7	0
P62807	P06794	0
Q8WZ55	P36801	0
Q4LEZ3	Q778F3	0
O43246	P06788	0
Q5TA79	P06788	0
Q6P9A2	P06422	0
Q9Y2D9	P24830	0
O00443	P03114	0
Q9UL45	P36778	0
Q9Y5Y5	P36801	0
P40227	P36817	0
Q6P2Q9	P04017	0
Q14654	P06427	0
P15036	P06462	0
Q9UQ35	P06426	0
P24390	P26554	0
A2RU14	P03105	0
Q5T5U3	P03126	1
O95251	P04017	0
Q8WYK1	P06922	0
Q9H5H4	P04015	0
Q9BUV8	P03121	0
Q8WWI5	P36780	0
Q01668	Q80901	0
Q8WWW8	P03119	0
Q5SW79	P17387	1
Q92793	P03129	1
A9Z1X7	Q9QNP8	0
Q7L5L3	P06462	0
Q8IYS8	Q9QNP8	0
Q5VTL8	P03113	0
P49961	P06463	0
Q96FQ6	P06460	1
O75888	P0CK45	0
Q99932	P03120	0
Q16665	Q77UU1	0
Q15165	P03121	0
O75385	P06461	0
P49448	P03114	0
Q7Z5S9	P06426	0
Q9H1H9	P26554	0
P15502	P03129	0
Q8TED9	P03101	0
Q08AF8	P06932	0
Q8NGT9	P36741	0
Q96PH1	P03119	0
P63121	P36807	0
Q9BW27	P54667	0
Q8NGX2	P06933	0
Q6ICB0	P21735	0
Q9P2J2	P54667	0
Q7L4I2	P03129	0
O60806	P06927	0
P04083	P36810	1
P22830	P36791	0
Q9BRQ6	P06426	0
Q12798	P21735	0
Q9UHN1	P11298	0
P21860	P06792	0
Q8WXS3	P17389	0
Q9UMR5	P54667	0
Q5T292	Q778F3	0
Q6ZUT9	P03129	0
Q9H0E7	P06428	0
A8MYU2	P04017	0
Q8J025	P04020	0
Q9UF33	P06427	0
Q96RJ0	P24835	0
Q6ZU52	P06933	0
Q96LM5	E7BBT6	0
P49753	P06791	0
Q9BXG8	P36780	0
P40189	P06428	0
Q8IXQ6	P04013	0
Q9GZS3	P03122	0
A2PYH4	A0A160CDL8	0
Q9NWS9	Q6TY35	0
Q9NZI5	P24830	0
P20810	A0A384KQ78	0
Q9BXY5	P11298	0
Q969J2	P17383	0
O60814	P06465	1
Q9Y5Z0	P36827	0
Q8N344	P04017	0
P17342	P03114	0
Q14590	P21735	0
Q9Y2S7	P06423	1
P0DPA3	P06426	0
Q13530	P17389	0
P17041	Q9WH13	0
B0YJ81	P26554	0
Q9P2N7	P17384	0
Q8NBF1	P36791	0
Q9UHQ9	P0CK45	0
P62913	P06459	0
Q9NW68	P36827	0
Q99680	P06792	0
Q6UWJ8	P06931	0
Q96AG4	P03121	0
O75575	P24835	0
Q9UPU9	P06788	0
E9PJ23	Q9QLP4	0
Q9H2Z4	D7GMA9	0
O94955	P06429	0
O15258	P06460	1
Q03013	P06426	0
O75326	P03121	0
Q8N865	P17384	0
Q8N8E1	P06430	0
Q16836	Q9QLP4	1
Q5THR3	P0DKB0	0
P21108	P17383	0
F8WCM5	P26555	0
P51508	Q77UU2	0
O60635	A0A220NMU2	0
Q17RR3	P03126	0
Q5SSQ6	P04019	0
Q155Q3	P0CK45	0
Q8NGN4	P06462	0
Q99742	P21735	0
Q9H6R6	P36778	0
Q53EV4	P03126	0
Q8WXH6	P03101	0
Q9BQ04	P04020	0
Q6QNY1	Q77UU2	0
P24864	P06788	1
Q96CW1	P17387	1
Q5GJ75	P06422	0
Q4W5N1	P03118	0
O00213	Q9QLP4	0
P16403	P06933	0
P35968	P06428	0
Q7Z5G4	P03101	0
Q92824	Q80908	0
Q15262	P06790	0
Q9UKJ1	P36810	0
P04233	P06423	0
Q8N398	P36799	0
Q9P2F8	P17383	0
P49190	P03130	0
B2ZZ89	P06428	0
Q96EB6	P17383	1
Q8IWT3	P06422	0
Q969E8	P06932	1
O60716	Q9ICL1	0
Q86WS4	A0A089NDG7	0
Q5I0X7	Q80907	0
Q8NE01	P03118	0
P19438	P36801	0
O95900	P04020	0
O15350-2	O57125	0
Q9Y2U9	P17386	0
Q6ZU64	P06927	0
P57729	Q8B5B5	0
Q66K74	P03118	1
P11279	P06792	0
Q9BX59	P06788	0
Q9H2J1	P0DKB0	0
P61278	P06423	0
Q8NEB9	P06423	0
Q8WYJ6	Q9ICL1	0
Q16514	P06930	1
Q6UWP2	P04020	0
Q96MU8	P17387	0
Q9UHU1	D7GM08	0
Q96EK2	P03129	0
Q9BVQ7	P06430	0
Q147U1	Q9QNP8	0
Q8WU49	P06922	0
Q8WXK1	P0DKB0	0
P49757	D7GM08	0
Q8TE73	Q07857	0
Q08830	P03121	0
Q9NRJ2	P04020	0
P62979	Q9QLP4	1
P08138	P06789	0
Q9UHC1	P36778	0
Q6NSJ5	P36827	1
Q66K79	P06422	0
Q9NUQ7	P0DKB0	0
Q8TEW6	Q9WH13	0
P23526	Q6TY35	0
Q9BW27	P04014	0
Q7L311	P06927	0
P51957	P06422	0
P11308	P06429	1
Q9BWW4	P17389	0
Q01780	Q9ICL1	0
Q6PIV2	Q80907	0
B4DW13	P04014	0
Q8IYD2	P36807	0
Q9Y3R5	P04015	0
Q08431	B9UPF3	1
Q9BSR8	A0A089NDG7	0
Q49MG5	P06931	0
Q96PL1	P26555	0
Q9P209	Q8V1J0	0
Q9P0M2	P06788	0
P46379	P17385	1
Q7Z699	P17387	0
Q13057	D7GM08	0
P52565	P36741	0
Q9P0V3	P54667	0
P62684	P04014	0
P13535	P36807	0
Q9BXJ7	Q77UU1	0
Q2M3C7	P03122	0
Q96BJ8	Q6TY28	0
Q6UW15	P36791	0
Q8NFU1	Q80907	0
P54851	Q80907	0
Q7L4I2	P36807	0
Q86VP1	P06790	1
P84077	P36810	1
P0C2L3	Q9ICL0	0
Q07001	P06921	0
Q96KK4	P06461	0
P41240	P24835	0
Q06136	P06927	1
Q8TB22	P06459	0
O15117	P24835	0
Q3LHN0	P03120	0
Q4G0S4	P26555	0
Q86WB7	P04014	0
Q96C86	P06932	0
O60427	B9UPF3	0
Q92544	P03107	0
A0A0B4J1V6	P06426	0
Q6P2E9	P06930	0
Q96NF6	P06791	0
Q96RD9	P36807	0
Q13330	P04020	0
P25024	P06921	0
Q9H814	P36807	0
P57078	P06931	0
Q15118	Q80907	0
Q9Y490	P06789	0
Q8IZC6	Q80907	0
Q2KJY2	P03113	0
Q9BZ95	A0A089NDG7	0
P01298	Q80901	0
Q86SE5	P06792	0
P0C862	Q07857	0
P40227	E7BBT6	0
Q9C040	P27228	0
P24593	P06430	0
P04271	P03113	0
P22676	D7GMA9	0
O14745	P03122	0
Q02094	P04019	0
H3BLV9	P06463	1
Q8N7F7	P03113	0
P33981	P06790	0
P09543	P06428	1
P49790	Q9WH13	0
P0CW01	D7GMA9	0
P01106	P06430	1
Q13191	O57125	0
A0A0K0K1G8	A0A384KQ78	0
Q9Y6M7	P06922	0
Q9BUQ8	P06460	0
P02647	P06426	0
Q96PP4	P06788	0
P80748	P04019	0
Q5T013	P36778	0
Q96J84	P06423	0
P27694	D7GMA9	0
E5KNY5	P06428	1
P09529	E7BBT6	0
O95229	Q6TY35	0
Q8N1Q8	P06427	0
Q9NVH1	Q8B5B5	0
O14656	P03105	0
Q6UWV7	Q07857	0
Q15154	B9UPF3	0
P62829	P06428	1
Q05066	P06462	0
Q70CQ2	P03126	0
P11172	P06428	0
A0A1W2PQ73	P06430	0
P16422	Q8B5B5	0
Q6ZVF9	P24830	0
Q9UBD9	P17386	0
Q5U5Z8	P36817	0
Q9H5H4	P06423	0
O14746	P03126	1
P60370	P06929	0
Q9BXJ2	P06459	0
P49821	P36801	0
Q86W54	P36810	0
Q13601	O57125	0
A0A075B6I9	Q9QNP8	0
P51531	P36741	0
P08048	P06791	0
Q96KC9	Q9WH13	0
P32119	P06933	0
Q53F39	P17389	0
Q5SYE7	P17384	0
Q13233	P03118	0
Q9H1Q7	Q80907	0
Q9Y2H0	P17384	0
P13385	P03120	0
Q8IVU9	P06922	0
Q14CX7	P06430	0
Q9NSI5	P06794	0
Q9Y6G9	P06791	0
Q7L7L0	A0A384KQ78	0
Q9BXJ1	A0A384KQ78	0
Q14686	P06788	0
Q99878	P03126	0
Q13508	P06460	0
P17213	P17389	0
O75387	P03126	0
Q96EF6	P17387	0
P38606	P36810	0
Q3ZCQ3	P17387	0
Q02040	P06789	0
Q16854	P17384	0
O95897	Q9ICL0	0
A6NKF2	P06927	0
Q9H8M1	A0A160CDL8	0
P28290	P06460	0
Q9H0W8	Q77UU1	0
Q9BXF6	P06788	0
Q3SXP7	P26554	0
O14713	P06428	0
P48651	P03114	0
Q8IW40	P0DKB0	0
Q9UK55	Q80907	0
B2RXH8	P03118	0
Q9Y6X3	P06462	0
Q5JXC2	P06422	0
Q8WWY3	P03120	1
Q6ZRR7	Q778F3	0
Q9Y520	D7GMA9	0
Q86UD4	P36778	0
Q14118	P06428	1
O00584	P06459	0
Q9C0F0	P27228	0
Q92673	Q8B5B5	0
P08620	Q80908	0
O75563	P0CK45	0
O14633	P26554	0
Q2PPJ7	P0DKB0	0
P04439	P06929	0
Q2PPJ7	Q9ICL1	0
Q9BXL7	Q77UU1	0
P49961	P04020	0
O95848	P36778	0
Q5VXT5	Q778F3	0
P62854	P06792	0
Q9H3H5	Q9QLP4	0
Q7RTU3	P06792	0
Q96LP6	P36778	0
Q8N257	P04015	0
P68871	P17387	0
O60673	P06428	0
P31512	P03120	0
Q5T035	P50804	0
Q9Y672	P04017	0
Q9H1K1	P06788	1
Q9Y2F9	P06422	0
P98187	P04020	0
O14744	P54667	0
A8MU76	P27962	0
Q96PQ5	P06462	0
Q15751	P06429	0
Q9GZS0	P04020	0
Q14576	P06932	0
Q8WXD2	P26555	0
Q9UJU6	P06933	0
Q8IUS5	P17389	0
P54762	P06461	0
Q92928	P06791	0
Q8N1G0	P06790	0
Q9H3D4	P03126	0
Q96FZ7	P36810	0
A0JNW5	P06428	0
A6NJJ6	P03118	0
Q8N9M1	P24835	0
P11166	P06792	1
Q8WUU8	P26554	0
Q96FX2	P04017	0
Q13201	Q778F3	0
Q9H115	P17387	0
Q9UPS8	P36741	0
Q16625	P36780	0
Q6ZUT3	P06931	0
Q6ICH7	P26555	0
Q9NT68	P06423	0
Q86WZ6	P06789	0
Q9UKF6	P06429	0
O95159	P24830	0
Q8N535	P06788	0
Q99633	P03121	0
A0A087WVE2	P06789	0
Q13586	P06461	1
P35625	P06933	0
A0A0A0MRZ7	P06428	0
Q96MV8	P06790	0
A6NE82	P03113	0
O95841	P36741	0
Q4G0A6	Q80901	0
Q15004	A0A089NDG7	0
A0PJY2	P06931	0
P0C0L4	Q80908	0
Q9HDB8	P06794	0
Q9Y279	P21735	0
Q08AI8	B9UPF3	0
P52597	Q80907	0
O14641	P03121	0
Q96P63	P36801	0
Q9NX00	P04015	0
Q8IVS8	P06429	1
Q92526	P17388	0
Q9H1F0	Q778F3	0
Q13404	B9UPF3	0
Q9P218	P06794	0
P82675	P03113	0
O14879	P04013	0
Q8N159	A0A220NMU2	0
Q8WV44	P03116	0
Q9BWJ2	P06461	0
Q99571	Q8V1J0	0
Q96KW9	P03116	0
Q9BXS0	P06932	0
Q3MIT2	P03126	0
A6NHB5	P21735	0
Q9BQM9	P06461	0
Q17RB8	P36801	0
Q49AA0	P06931	0
Q15031	B9UPF3	0
Q9BZE9	Q6TY28	0
Q9BY42	P36780	0
O14717	P06461	0
Q1ZZU3	A0A089NDG7	0
P01591	P36817	0
Q9BT09	P03121	0
Q08708	P17383	0
Q13683	P03120	0
Q2VWP7	P06932	0
Q96BI1	P06792	1
Q32MH5	P06422	0
Q6ZQW0	Q9WH13	0
P14778	P36799	0
O60264	P17387	0
Q8IVM0	P27228	0
Q86Z23	A0A160CDL8	0
O00303	P24835	0
Q9H161	P06788	0
P0DN80	P17389	0
Q14005	P03126	0
Q9UID6	P24835	0
P43246	P04014	0
Q6IS24	Q77E16	0
Q5BKT4	Q8V1J0	0
Q8WUM9	P03116	0
Q9NVD7	P17386	0
Q0P6D2	P36778	0
Q9HD45	P06927	1
P18510	P06461	0
Q8TB40	A0A089NDG7	0
Q7Z5L2	O57125	0
Q86YV6	A0A220NMU2	0
P51957	P36817	0
A6NKL6	P06463	0
P20073	P06429	0
P12757	A0A160CDL8	0
Q53EZ4	P06932	0
Q7L2H7	A0A220NMU2	0
P08514	A0A089NDG7	0
Q3ZCQ3	Q9ICL0	0
Q9H227	P03101	0
P01709	O57125	0
O43933	P06792	0
Q9BX51	A0A160CDL8	0
G3V483	A0MPS7	0
Q9BZ97	P06428	0
O95801	P17385	0
Q9Y6P5	P06927	0
P31327	P06794	0
Q6NZY4	P54667	0
Q8IYX8	P06789	0
Q9UNK0	A0A384KQ78	0
P48764	P04015	0
Q06124	P50804	0
O60682	Q778F3	0
Q9Y2C5	P24835	0
Q8NG66	Q80908	0
Q8WZ71	P36741	0
Q8N129	P27228	0
Q9H114	A0A089NDG7	0
P68400	P06465	0
P46778	A0A160CDL8	0
Q9BR84	P04013	0
Q9HDC9	O57125	0
Q8IW70	P26555	0
Q6J9G0	P26555	0
O94983	P04015	0
O95433	P06429	0
P08243	P06429	0
Q9P1G2	P03121	0
O00116	P03120	0
Q14166	P26554	0
Q9BXP5	P03107	0
P62266	P03101	0
Q93096	P04015	0
Q5VZY2	Q8V1J0	0
P02655	P03114	0
Q6ZN30	P06789	0
Q8N146	P17383	0
Q9Y3E7	Q6TY28	0
D6RFX5	P03113	0
Q9NQ66	P03122	0
Q9H2X6	P17386	0
A6NGE7	A0MPS7	0
P08254	P17387	0
Q12959	P27228	1
Q6UWX4	D7GMA9	0
A4D1S5	P06789	0
O60885	P06423	1
Q8IUY3	P06788	0
P46199	P26555	0
A8MTQ0	A0A220NMU2	0
Q6P1K8	P03113	0
P09234	P17382	0
Q676U5	P04020	0
Q92665	P17387	0
P0DP58	P06428	0
O96011	Q77UU1	0
Q8TC36	Q9WH13	0
Q6ZVH6	P06933	0
Q6ZRQ5	P17388	0
Q8N7B9	P04020	0
Q96LI6	P54667	0
O95428	P06428	1
Q8N0W7	Q6TY28	0
P17025	P11298	0
Q8NHL6	P06459	0
P14091	Q80908	0
Q9H0F6	P17386	1
Q9BVA0	P04014	0
Q29983	P36741	0
Q15771	Q9WH13	0
Q96RC9	A0A089NDG7	0
Q8N7X2	P04014	0
O95970	P50804	0
P53816	P03105	0
Q7RTS1	P17387	0
Q6IPU0	P21735	0
O95971	P36799	0
P61923	P24830	0
O43524	P03130	0
O95047	P06789	0
Q9BZV1	P17386	0
Q9NWB7	Q9WH13	0
P57727	P04019	0
Q8WW43	Q6TY35	0
A6ND01	P06429	0
Q8N5R6	A0A160CDL8	0
Q5VWT5	P0DKB0	0
P17213	D7GM08	0
Q14940	P06792	0
Q8WTQ7	P03126	0
P07498	P06792	0
O75152	P03118	0
C9JDP6	P03113	0
Q8N957	P11298	0
P0C7L1	Q07857	0
Q9BSK1	P17386	0
P20719	P50778	0
Q5T200	P26555	0
Q6ZT12	A0A384KQ78	0
Q13185	P06461	0
Q8WTS1	Q80901	0
P07919	P04017	0
Q8WXK4	A0A220NMU2	0
Q9NQ50	P26554	0
O60518	P03118	0
Q9UJJ9	Q77E16	0
Q9Y5W5	P06426	0
P19397	P06428	0
Q8WXS4	B9UPF3	0
Q68D10	P03121	0
Q9H521	Q6TY28	0
P31942	P17384	0
A0A599	P06790	0
Q8NH60	P36791	0
Q8N8L2	P03118	0
Q8IXI2	P06792	1
P16860	P03120	0
Q13203	A0MPS7	0
Q16236	P36791	1
O43148	P06460	0
P07099	P06794	0
Q15672	P17385	0
Q5EE01	Q9ICL0	0
B2R7W3	Q77UU1	0
Q9NRA8	P26554	0
Q5JVF3	P03114	0
Q8NET6	P06462	0
P46779	Q8B5B5	0
P20023	P04015	0
Q9UBX0	P06921	0
O75360	Q9ICL1	0
Q8NA58	P36778	0
Q8NBP7	Q778F3	0
P27361	D7GM08	0
Q9BZ81	P24835	0
A6NND4	Q8V1J0	0
Q96LT4	A0A384KQ78	0
Q96EG1	P06461	0
Q9NQT6	P36778	0
Q6UXH9	P17385	0
Q9UKL0	P36741	0
Q15363	P04017	0
Q6ZS92	P03116	0
P15328	P04017	0
Q5VYY1	Q6TY35	0
Q9NYB0	P03105	0
O95870	P06792	1
P22102	P11298	0
Q6PJ69	P17389	0
Q9UQN3	P0DKB0	0
P62745	D7GMA9	0
Q8TF40	Q778F3	0
O00757	P06463	0
P49450	P03101	0
Q8IW52	Q9ICL1	0
P35913	Q8B5B5	0
Q8TB22	P17383	0
Q8TDY8	Q80908	0
Q9NQC7	P03126	1
A0A0C4DH55	P06930	0
Q99985	P17388	0
P17752	P36780	0
Q07654	Q9ICL1	0
Q9H628	P0CK45	0
A0A087WV62	P26555	0
Q5T4B2	Q07857	0
Q00444	P24830	0
Q12830	Q9QLP4	0
Q15904	P04013	0
Q13683	P06427	0
Q96LI6	P03122	0
Q8WUZ0	Q07857	0
Q9Y296	P36741	0
P48664	P06921	0
P11684	P06430	1
O75038	P27962	0
Q9NR63	A0A220NMU2	0
P15559	P03120	0
Q9NQ35	P06427	0
Q9BT04	P03119	0
Q7Z6M4	P24835	0
Q8TCT1	Q80908	0
Q6FI81	Q9QLP4	0
P83731	P06428	1
Q9BRQ8	Q9ICL1	0
Q9Y2Y4	P06465	0
Q5VW00	P06788	0
P55211	P17388	0
Q14728	A0A220NMU2	0
Q8N141	P36817	0
Q9H3R1	Q778F3	0
P51649	P17384	0
Q8TD30	P03126	0
Q13489	P06789	0
P20849	P36807	0
Q3SY56	P21735	0
Q9C002	P06921	0
P49406	P0CK45	0
P28325	P17384	0
Q8N8A2	A0A089NDG7	0
Q7Z3U7	P06430	0
P40145	P36741	0
Q9Y2N7	A0A160CDL8	0
Q04656	P06788	0
Q96KF2	B9UPF3	0
A0A0C4DH36	A0A089NDG7	0
Q9NPF5	P03129	0
P30954	P0DKB0	0
Q96AQ1	P06463	0
Q6ZQX7	P06465	0
Q86XQ3	E7BBT6	0
Q9H3E2	P17385	0
Q9UFV3	P04017	0
Q9Y278	P36799	0
O95750	P24835	0
Q8TF27	Q77UU2	0
Q14145	Q6TY35	0
P45954	Q77UU1	0
O95047	Q8B5B5	0
Q9NZN1	P17383	0
O94763	P17383	1
B4DXR9	P06463	0
O75791	P06794	0
Q9UIE0	P36817	0
P23258	P03101	0
Q92826	D7GM08	0
A6NHY2	Q9QLP4	0
P13645	P06422	0
Q9BUT1	Q9ICL1	0
Q9NZR2	P17385	0
P35221	A0MPS7	0
Q53GT1	P17387	1
Q96C45	P54667	0
Q86XU0	P04015	0
P12956	P06788	0
B9EJG8	P03105	0
Q14344	P03118	0
P08575	P06430	0
Q9P2J8	Q77UU2	0
Q9NVF7	P36780	0
Q96JA3	P03119	0
Q86U28	Q80907	0
Q92882	P06930	0
Q96PE2	Q6TY28	0
Q96A70	P06460	0
Q6NVV3	P36791	0
P14406	P06792	0
Q9UJ55	P54667	0
Q9UIF9	P03120	0
Q9H3S3	P04014	0
Q8NFD4	A0A160CDL8	0
Q9UI40	P03113	0
P01127	P36778	0
P15408	Q77E16	0
Q9BWN1	P03116	0
Q9HBT6	P17382	0
Q9NPB8	P03129	0
Q8IZ21	P24830	0
P49888	P36801	0
P61956	P17386	0
Q7L273	Q6TY28	0
Q5VYK3	P03120	0
Q9Y5N1	P06422	0
Q69YI7	P0DKB0	0
Q96EQ8	P36807	0
Q96MC5	P36778	0
A6NCW0	B9UPF3	0
Q9GZN1	Q77E16	0
P25942	P03105	0
Q8N6F7	P06930	0
Q8IWF2	P26555	0
Q8N7X1	P03118	0
A5PLL7	P17383	0
Q8NA23	Q77UU2	0
Q9H0R8	Q8V1J0	0
Q5T230	P04020	0
Q5K4L6	B9UPF3	1
Q07627	P0DKB0	0
Q658K8	P03121	0
Q13183	P06459	0
Q13046	P06930	0
Q9BV57	P36780	0
P28066	P06463	1
Q9NYM4	A0A160CDL8	0
O43543	E7BBT6	0
Q3LI70	P36799	0
Q99536	P06463	0
Q9BYG5	P03107	0
Q68D85	P36817	0
Q01628	P06933	0
O43903	P11298	0
P52907	P36799	0
Q8N9V2	P36791	0
Q5T4T1	D7GM08	0
Q9Y5H5	P36780	0
Q92870	D7GMA9	0
Q8TEL6	P03114	0
Q9HBY8	P06462	0
Q6ZS27	Q9ICL1	0
P59540	P06429	0
Q8TAS2	P06932	0
Q8IYS0	D7GM08	0
Q12959	A0A384KQ78	1
Q8NH05	P03116	0
Q17RH7	Q6TY35	0
O75882	Q07857	0
Q02221	Q6TY35	0
Q9Y3E5	P36807	0
Q3SY89	P21735	0
Q8IZ26	P03119	0
P0C623	P03101	0
P02462	A0A220NMU2	0
Q969Y2	Q9ICL1	0
Q9NX01	P24835	0
P61266	P03122	0
P0CG48	P06462	0
Q5H9F3	P54667	0
Q9HB15	P06422	0
P39905	P06427	0
Q7Z3U7	P26554	0
Q7Z4L5	D7GMA9	0
P28328	P21735	0
Q9H0Q3	P26554	0
Q9H6A9	P06929	0
Q15154	P17384	0
Q9NXF8	P06922	0
P62244	P17389	0
Q9UKL4	P24835	0
Q53RY4	P06930	0
Q8TD35	D7GM08	0
A0A1B0GX51	P03129	0
Q8WU20	Q77UU1	0
P28702	O57125	0
Q96HJ3	P36827	0
Q8TED4	P0CK45	0
Q86UA6	B9UPF3	0
Q8WWZ7	P27962	0
F5H4X8	P06430	1
P23759	P06422	0
Q8NG84	P04020	0
Q9H9V9	P03119	0
Q15835	Q9QLP4	0
Q9NXW2	P06792	1
Q6B9Z1	Q77UU1	0
Q86Y25	Q77E16	0
Q5TGY1	P06794	0
P43155	P36799	0
Q9NR23	P36741	0
O95201	P17382	0
P57076	P36778	0
Q9H0T7	P03130	0
P25791	P03129	1
F8VTS6	Q8V1J0	0
Q96N58	P0CK45	0
O95571	P06426	0
Q5VZK9	P27228	0
Q5T5D7	P54667	0
Q9Y623	P27962	0
Q15937	P04017	0
Q7Z6J8	A0MPS7	0
B1AL88	P03113	0
Q9UJT2	P36807	0
Q15043	P24830	0
Q96AQ6	P06930	0
Q9HAS3	P36741	0
Q96PE7	P06789	0
Q86XD5	P06428	0
Q96JG9	P17384	0
Q6PEX3	P06921	0
Q9BZM6	D7GM08	0
Q86VZ1	P26554	0
Q9BX70	P03120	1
P09471	Q9WH13	0
O00526	P36817	0
I3L273	Q6TY28	0
Q8N8L6	P04017	0
Q9UNU6	P06931	0
C9JUS6	P24835	0
Q4FZB7	P03129	0
Q9UKT8	P06430	0
Q6ZNQ3	P06932	0
O43291	P06461	0
Q5CZA5	P36799	0
Q9HB07	P06430	1
Q9UBU6	P06792	1
A6NIH7	P06428	1
P10809	P36817	0
Q8N8G6	P24835	0
Q86TN4	P06789	0
Q8NBH2	P27962	0
Q9Y4E5	P06459	0
O43868	P06929	0
Q15649	P36827	0
Q92609	P03113	0
P11171	P03105	0
Q86W42	P27962	0
P32519	P06462	0
Q9H251	P36827	0
Q9NTI2	P06423	0
Q86WA6	P03101	0
Q8N688	P06430	0
Q9UH36	P06460	0
A8MXJ8	A0A160CDL8	0
P0DN25	P0DKB0	0
Q8NCQ7	Q9ICL0	0
Q9HB96	P06459	0
Q96T53	Q07857	0
Q6UWH4	P04019	0
O14718	P21735	0
P02100	P17388	0
Q9NRV9	P36778	0
Q02410	P36807	0
P62241	P36801	1
A2RUQ5	P17382	0
P11940	D7GMA9	0
Q9HBX3	Q9ICL0	0
Q12959	P54667	1
A8MQ03	P06922	0
P22736	P36791	1
P00387	P03107	0
Q9BZ72	P17384	0
Q9HCE5	P04014	0
Q8N3J9	P21735	0
Q4KMQ1	P36810	0
Q4G163	P06921	0
P51690	P54667	0
O14841	P06932	0
Q99836	P06930	1
Q9UND3	P17384	0
P53367	P03120	0
Q6Y7W6	P06788	0
Q6UXN7	Q8B5B5	0
Q8N8Y2	P27228	0
P21854	D7GM08	0
P53350	P36791	0
P30419	P03105	0
P23610	P03129	0
A6NLX3	A0MPS7	0
Q9GZZ1	Q9QNP8	0
Q8TCT9	P06788	1
P53365	Q77E16	0
P16615	P06463	1
P16144	P06790	1
P49748	P0CK45	0
Q5JVS0	P06927	0
Q96A83	P06922	0
Q5W0Z9	P36807	0
P31150	P04013	0
Q9HCR9	P17384	0
Q7Z5N4	P17383	0
Q13367	Q77E16	0
Q13352	Q9QLP4	0
Q96NS1	P03107	0
A0A0B4J1Y9	A0A160CDL8	0
Q3SY56	P06922	0
Q9Y673	A0MPS7	0
P0C091	E7BBT6	0
P53778	P36741	0
Q9UI30	P24830	0
Q9NUP7	P17387	0
P59923	P50804	0
P61266	P03121	0
Q96NS5	A0A384KQ78	0
Q6PJG9	P17386	0
P20813	P06933	0
Q9NRK6	Q77E16	0
P07996	P03107	0
O75324	P36817	0
Q7L211	P0CK45	0
Q96CD0	P06462	0
P16949	P03121	0
Q9NX31	Q8B5B5	0
P0CK96	P06423	0
Q3KQV9	P17388	0
O75901	P04017	0
A0A0C4DH28	P21735	0
O95707	P04019	0
Q9NS62	P17387	0
Q96RB7	A0A160CDL8	0
P62312	P36810	0
A6NLJ0	P50778	0
P12314	A0A089NDG7	0
Q92617	P06430	0
P62314	P36780	0
Q5TG30	Q778F3	0
Q9P0Z9	Q8B5B5	0
A8MUN3	P03113	0
A6NN14	P17385	0
P11142	P03101	1
Q8NGB6	P03114	0
P35625	P04015	0
A0A087WTH1	P36807	0
Q05BV3	Q778F3	0
Q92982	P06428	1
Q9UBB9	P06791	0
O15068	Q778F3	0
P01023	P36741	0
Q15544	P03130	0
P29475	P26554	0
Q8IYW4	P36780	0
O60565	P06788	0
O00221	P17385	0
P59536	P04015	0
Q9HBH1	P36780	0
Q96AE7	P04017	0
B2RUY7	P17385	0
Q8NGU1	P06933	0
O95365	P26554	0
Q9H3N1	P17385	1
Q5SNV9	P06460	0
P22736	P06423	1
Q8IY33	P17386	0
Q9UBU6	A0MPS7	0
Q6ZUS5	A0A220NMU2	0
Q13164	A0A089NDG7	0
Q9H1K1	P24835	0
Q06730	P17388	0
Q6AI14	P03122	0
Q12951	P11298	0
A0A075B6N3	P06461	0
O75106	P26554	0
O75829	P06465	0
Q9ULV1	P24830	0
Q9H313	P06929	0
Q53X12	P03122	0
Q03403	P06930	0
Q8NH61	P04014	0
Q8N4N8	P36791	0
Q12893	P03121	0
Q9NXS2	P0CK45	0
P20020	P17388	0
Q9NS66	P04019	0
Q16864	P11298	0
Q8N6K0	P36799	0
O95931	A0A220NMU2	0
Q5VXM1	P04017	0
O75882	P06460	1
P62854	P17382	0
Q8NH01	P36801	0
Q96LI6	P24830	0
O00203	Q9QLP4	1
Q3SXR2	P03107	0
P13498	Q8V1J0	0
Q96HQ0	P27228	0
Q9UMN6	P17382	0
Q9Y6Q5	P03129	1
O95236	P06794	0
P25025	Q80907	0
A0A1B0GTQ4	P06791	0
Q9P2N4	P06426	0
Q86V42	P06429	1
Q96QD8	A0A160CDL8	0
Q53HL2	P17388	0
A6NL82	P03116	0
Q8NGC7	P27228	0
Q9UJC3	Q6TY35	0
Q63HN1	P50778	0
O00399	P06932	0
O00198	Q77UU1	0
P30038	Q9ICL0	0
Q9BPW8	B9UPF3	1
P0DO97	Q77UU2	0
Q02952	P06462	0
Q9NP72	Q77UU1	0
O43823	P03129	1
O94955	P06930	0
P29122	P50804	0
Q92859	P03119	0
Q9H156	Q77UU2	0
Q9UET6	P04013	0
Q5JUX0	P17387	0
Q9H2R5	D7GM08	0
O60814	P06929	0
A0A0B4J262	P06463	0
Q16552	P04020	0
Q8IUX8	P26554	0
Q9Y224	P06462	0
Q9H4G4	P06931	0
Q96IR3	O57125	0
O95750	P26554	0
Q56P42	P36791	0
P41134	P04014	0
P06733	P03118	1
Q9Y5F8	Q77UU2	0
Q5T0B9	Q77UU2	0
Q8TAC1	P03114	0
Q9H5J8	P03114	0
Q8N5P1	P36807	0
Q6ZVZ8	A0A220NMU2	0
P27930	P03130	0
Q9Y4A9	E7BBT6	0
Q15942	P06463	1
Q6NZ36	P21735	0
Q9YNA8	P06930	0
Q96QB1	P03129	0
P82664	P17383	1
P30301	Q07857	0
Q12948	A0A089NDG7	0
P01591	P06790	0
A0FGR8	P03116	0
O94875	P03105	0
P42892	P06461	1
Q99767	P06465	0
Q9ULE3	A0A089NDG7	0
Q9XRX5	Q9ICL1	0
Q99731	Q8V1J0	0
P05386	P06921	0
Q5T319	A0A384KQ78	0
P22307	B9UPF3	0
P06400	P06430	1
Q8ND23	P36791	0
Q9H3Q3	P17382	0
P55010	P06428	1
Q8ND61	P11298	0
P78424	P17383	0
Q6UY13	Q80908	0
Q9C0E8	P06792	1
P30626	Q80907	0
Q9UBD5	Q80907	0
Q9H7P9	P06465	0
Q9NSN8	P17383	0
Q6AI12	P06790	0
Q6IEU7	P03101	0
Q9BTP6	E7BBT6	0
Q15120	P06932	0
Q8TDN6	A0A089NDG7	0
Q96GA3	P06422	0
Q9NWH7	P06794	0
P07359	B9UPF3	0
Q99929	Q80907	0
Q8IWI9	P06422	1
Q13114	P17385	0
P84243	A0A089NDG7	0
P28325	P06921	0
P00387	Q9QNP8	0
A0A0B4J2E0	P03122	0
Q8TDT2	P17387	0
P49419	P06465	0
P10909	P06460	1
Q5VVQ6	P03101	0
O14543	P27228	0
Q5THJ4	P06463	0
P55042	P06927	0
O76001	Q8V1J0	0
Q9GZU5	Q9WH13	0
Q32Q12	P06790	0
P05121	P04013	0
Q3MIX3	P17383	0
Q9P0W0	P50778	0
Q86TC9	P26555	0
Q8NEY4	P06460	0
O95477	Q9ICL1	0
Q8TEV8	P06463	0
P84550	P04015	0
P51677	P06422	0
P41214	P03118	0
Q9BSE5	P03126	0
Q496H8	Q77E16	0
Q13287	Q77UU1	1
Q7L1Q6	P03114	0
A6NNM3	P03130	0
P29377	P06792	0
Q7Z2D5	P03130	0
Q6P158	A0A384KQ78	0
P53985	P17389	0
P02786	P03116	0
Q92609	P03126	0
Q96IY1	P03119	0
P05204	P36817	1
Q07011	Q77UU2	0
O95477	P06429	0
O14735	P06461	1
Q8TC59	Q9WH13	0
O15258	P06927	1
Q8WUG5	P06460	1
Q12870	P03129	0
P01160	P06422	0
Q6NVY1	P06790	0
P02675	P03129	0
O94927	P06430	0
Q9H7R5	Q9ICL0	0
Q9Y5Y2	P17388	0
P80404	P03107	0
P06493	P03129	1
Q9H2W1	P04017	0
Q9HAY6	P03119	0
O14818	P50778	0
A6ND48	Q77E16	0
O75626	P03105	0
Q6J4K2	P0DKB0	0
O75170	P03107	0
Q8N8Y5	P06791	0
Q7Z7L8	Q6TY28	0
Q8N9N5	P03116	0
Q96DL1	Q9WH13	0
O15173	P06460	1
O00468	P06428	1
Q49AM3	P27962	0
P06239	P06461	0
Q99459	P06462	0
Q9HBB8	P03130	0
Q96QD8	P06788	0
Q02223	P06789	0
Q9Y6W8	P17387	0
P54727	P03101	0
P14678	P06428	1
Q6UX07	P03118	0
A0A0C4DG91	P06792	0
O60307	P03114	0
O94830	P0DKB0	0
Q99684	P26555	0
P35462	Q80907	0
Q86UX7	Q9QNP8	0
P63027	P17382	0
P60468	P06792	1
P01270	P36817	0
Q8TBG9	P06459	0
P06702	P06463	0
Q17RG1	P27962	0
Q9HD20	P06927	1
Q5U5X0	P36780	0
A6PVC2	Q77UU2	0
A0A0C4DGB5	A0A384KQ78	0
Q8NA82	P17385	0
Q8N2G6	P11298	0
P32926	P17389	0
Q9UQ72	Q6TY28	0
Q5TC84	P36799	0
O15399	P06927	0
P78371	P17388	1
Q15004	Q8B5B5	0
P50553	P36817	0
Q96C00	A0A384KQ78	0
Q6ULP2	P06788	0
Q6P161	Q8B5B5	0
O15496	P21735	0
Q96M93	P06794	0
Q8NGJ2	Q8V1J0	0
Q5T7P8	P06423	0
Q96QF0	P03120	1
O43921	P03119	0
Q9BUB5	Q77UU1	0
Q9UBS0	B9UPF3	0
Q5TB80	Q778F3	0
P15090	P17389	0
Q9Y3D7	P06930	0
Q6ZMT4	O57125	0
Q8NE86	A0MPS7	0
P35321	P06794	0
P40939	P17382	1
Q9HC07	P06461	1
Q6NZ67	P06463	0
Q08334	P06791	0
P12429	P06428	1
Q92629	P06461	1
Q9NX40	P06792	1
P0DMU3	Q6TY35	0
Q659C4	P03129	0
P04054	Q07857	0
Q6ZNB5	P06794	0
Q14680	P36799	0
P84098	P06459	0
Q9BPW5	P03113	0
P82675	P06429	0
Q08629	D7GMA9	0
B8ZZN6	P03113	1
Q86YR5	P06423	0
Q9H1R2	Q77UU2	0
Q9P2W9	P06792	0
Q00535	P03129	1
Q96ME7	P06430	0
Q9NQ55	Q9QNP8	0
Q08334	P36791	0
Q8WXF3	P06921	0
Q99500	P06463	0
P56202	Q77UU2	0
Q8N8F6	P03119	0
A1L0T0	P06428	1
P06733	P24835	1
Q16566	P24835	0
A6NEV1	P36741	0
Q8N336	Q6TY28	0
Q01151	Q9ICL0	0
Q9Y6M7	P06465	0
Q9NZK7	P17383	0
P0DMR3	Q77UU1	0
Q5MNV8	P36799	0
O76042	P36817	0
O75818	Q9WH13	0
Q9BVK2	Q9ICL1	0
O95147	P06927	0
Q7Z429	P24830	0
Q14432	Q80901	0
Q3C1V1	A0A220NMU2	0
P28562	P06430	0
Q9UHF3	A0MPS7	0
Q9NZZ3	P03101	0
P00505	P06429	1
Q9BXL8	P11298	0
Q96N11	P06465	1
Q96BV0	P04013	0
Q6IPT2	Q9ICL1	0
Q6RW13	P24835	1
Q15418	P06430	0
Q96CW5	P27962	0
D6RFN0	Q9QLP4	0
Q12980	P03113	0
B2RXH4	P06933	0
Q9BQD3	P03116	0
Q9Y4X3	P0DKB0	0
Q96C36	P06922	0
P28300	P06460	1
P41208	P06930	0
Q04721	P04019	0
O60268	P04013	0
O14579	Q77UU2	0
Q8NCX0	P36807	0
Q6P988	P0CK45	0
Q07444	P04015	0
Q7LBC6	P50778	0
Q8IX01	P0CK45	0
Q2TAL5	P06927	0
Q8NEH6	P06462	0
Q9BTC0	P03122	0
O60524	Q9ICL0	0
P61966	D7GM08	0
Q86UV7	P36801	0
Q13227	P06428	1
Q6JQN1	O57125	0
P11117	P26555	0
O95755	P06465	0
P57105	P36817	0
P09210	P06933	0
Q9NP98	P17386	0
P20226	P04015	1
Q9BW83	P36780	0
Q5VT52	A0A089NDG7	0
Q6IQ19	P03120	0
P16435	P11298	0
Q96IV6	P06465	0
P16415	P03119	0
O60503	P06465	0
Q96AP0	A0A160CDL8	0
O00212	P06921	0
Q5U5X8	P03113	0
Q96HE7	P06922	0
Q9H4H8	Q9WH13	0
Q9HBE4	P06428	0
Q8N448	P03126	1
A0A0B4J272	P06423	0
Q9NW75	P26554	0
Q07157	P11298	0
Q14112	P06427	0
Q9H2W6	P03107	0
O94864	P17382	0
Q8NH42	P17388	0
Q9BQP9	P03113	0
P50225	P03121	0
Q9H9L3	P06788	0
Q8WV74	P36817	0
Q08499	P06794	0
Q76NI1	P03105	0
Q9P2J8	P06933	0
Q9UKQ9	P06422	0
Q99608	Q80907	0
Q6RW13	Q778F3	0
O75204	Q9ICL1	0
O95977	P24830	0
Q9UF56	P06789	0
P02462	P03119	0
Q96HL8	P06921	0
P61586	P04014	0
Q587J7	P03113	0
Q5TA77	P36810	0
P52789	P06794	0
Q9NRF2	P06921	0
Q70IA6	P03105	0
P0C842	Q80908	0
Q8N2Q7	P17386	0
Q8TEM1	P06788	0
Q9Y5H5	Q80901	0
Q9H6J7	P03107	0
Q9UKR0	P04020	0
Q8WV24	P17384	0
P60520	P50804	0
Q9NZH0	P36780	0
Q96EQ0	P27962	0
Q96JN0	P36791	0
P62955	Q80907	0
O60353	P03116	0
P23246	D7GM08	0
Q02509	Q9QLP4	0
A0A0J9YX35	A0A089NDG7	0
O43541	O57125	0
P20472	A0A160CDL8	0
Q9UPU3	P36807	0
P11498	P17382	0
Q5T0J7	Q8B5B5	0
P42126	P06933	0
Q13946	P54667	0
Q6ZR52	Q778F3	0
Q10981	O57125	0
Q13185	P03122	0
Q969R5	P17384	0
P35626	P06788	0
Q8N7H1	P36827	0
P24723	P27962	0
Q99853	P06933	0
Q9H8Y1	Q77UU2	0
P54852	P50804	0
Q8IXS0	Q9ICL1	0
Q8IY17	P06461	1
Q9NSQ0	P06461	0
O15427	Q80907	0
Q7Z333	P50804	0
Q86YI8	Q80907	0
Q96M89	P06931	0
Q9NRS4	P04020	0
P04637	P03118	1
Q8NH90	D7GM08	0
A0A087WX97	P06791	0
P43405	Q80907	0
P01135	P06930	1
Q8N6K0	Q80901	0
Q8IYF1	Q6TY28	0
Q969K4	P06921	0
Q5I0G3	P04020	0
Q8NBJ5	P0CK45	0
Q8TE59	P17382	0
A6NFY7	P06933	0
Q9NUS5	E7BBT6	0
P08263	E7BBT6	0
P32754	P06932	0
P78357	P04013	0
Q8WV16	P0CK45	0
Q5VUY0	Q77E16	0
Q9UEE5	P17384	0
Q9Y345	P54667	0
A2RRL7	P06791	0
P21953	P06789	0
Q8NG97	P06931	0
Q4ZG55	P06463	0
Q32P51	P36791	0
Q16787	P06428	1
Q13287	P03120	1
Q9Y458	P06927	0
Q8N9F8	P24830	0
Q8TBY8	A0A089NDG7	0
Q14207	P04014	0
P0DPF6	P06790	0
Q8N1A0	P06461	0
P52961	Q07857	0
P48380	Q9QNP8	0
Q96KF7	P06933	0
Q13316	P04015	0
Q16537	P36827	0
Q13615	P06461	0
Q14254	P36778	0
Q3ZCM7	P06459	0
Q96A04	P26555	0
Q9UBH6	P36807	0
A0A0C4DGQ5	P06423	1
Q9UHV8	P06429	0
P10323	P27962	0
Q15051	P17386	0
P16519	B9UPF3	0
P00797	Q9ICL1	0
Q86T03	P06461	0
Q9HCI5	P06459	0
Q8NGI1	P17389	0
P56556	P04017	0
P56645	P06792	0
Q9BX67	P06932	0
O60756	P03130	0
P17813	P06929	0
Q7Z5U6	P03114	0
P15421	Q80907	0
Q9NZN1	O57125	0
O95965	P17386	0
Q86V40	P36778	0
Q15287	Q6TY28	0
Q6UWB4	Q77UU2	0
P17028	P17387	1
O43818	P06927	0
Q9HAW8	P04013	0
Q16629	P36791	1
O43719	P03116	0
Q8TBJ4	P36741	0
Q9Y2R5	P17388	1
Q5SYB0	D7GMA9	0
Q5T1A1	P03105	0
Q08AI6	Q77E16	0
D6RGH6	D7GM08	0
Q9HDB5	P06427	0
Q9BSJ6	P36799	0
O75150	P17389	1
Q8N3S3	P36791	0
O75914	P06461	0
P11586	P54667	0
Q0P140	P17384	0
Q92759	P06426	0
Q9BZ19	Q77UU2	0
O43612	P03129	0
Q92887	P36807	0
Q7L1W4	D7GM08	0
A0A1B0GTZ2	P06465	0
Q6ZMB0	Q9WH13	0
Q9P0S9	P27228	0
O95259	P03116	0
P0DP73	Q9QNP8	0
Q9H2A9	P0CK45	0
Q86WA6	E7BBT6	0
Q13838	P04014	0
Q96GX2	P06789	0
Q96E66	P06929	0
P12272	P26554	0
Q12840	P17387	0
P0C7X3	Q6TY28	0
Q15050	P06426	0
Q96PX1	Q77UU2	0
O15127	P06463	1
P29622	P03122	0
Q8N1B4	P24830	1
P29016	D7GM08	0
Q9Y3Y4	P36827	0
O60493	P17382	0
A0A0C4DH28	P50778	0
Q7Z5H3	P11298	0
Q99607	Q77UU1	0
O75072	P36801	0
Q96SI1	P17387	1
P47974	P0CK45	0
Q6P589	P36799	0
Q96KV6	P04019	0
Q8N3Z0	P03130	0
P62308	P26554	0
Q9UPN4	P03119	0
Q8IZM0	P04014	0
P98177	P17388	0
Q2M3X9	P03119	0
P08887	Q8V1J0	0
Q8IXZ2	P06931	0
O14893	P06465	0
Q6PH81	P03130	0
D6RFX5	P24830	0
Q9UNF1	P06930	1
H0YFD6	P06929	1
P49715	P03120	1
A8K7B7	P06463	1
A6NGJ6	P17387	0
O15031	B9UPF3	1
Q9NPE3	P17382	0
P51797	P36801	0
P0DO97	P27962	0
Q9NXX6	P06931	0
Q0D2H9	P06460	0
O14950	P06428	0
O14519	P03116	0
P41273	Q8V1J0	0
Q86XK7	P03114	0
Q9H0D6	Q8B5B5	0
Q5VTE0	P06788	1
Q6P4A7	Q9QLP4	0
Q9H5Z6	P06429	0
A1A4S6	A0A384KQ78	0
B1AL46	Q778F3	0
P14867	P06430	0
P32881	P06929	0
Q96GX2	P06930	0
Q9HA64	O57125	0
Q8N9B5	Q9ICL1	0
Q5K4L6	P04013	0
Q6P3S6	A0MPS7	0
P09619	P06461	1
Q8NGZ3	P04020	0
Q9Y6I9	P17387	0
Q86SE8	P0CK45	0
Q92896	Q778F3	0
Q5VV67	P03126	0
Q5BJH2	P17386	0
