P13798	P49589	1
O95817	Q9UL46	1
Q15427	O95155	1
Q8N5N7	Q16540	1
O43567	P29597	1
Q9P0U4	P62805	1
O60313	P02545	1
P62136	Q8TAP8	1
Q93034	P62805	1
P04629	O60841	1
Q00987	Q6PHW0	1
Q9BT78	Q9BT78	1
Q5U5Q3	Q6P1N0	1
P18754	O95865	1
Q8N960	Q9BY89	1
Q9UQ07	Q9NVS9	1
P19404	O95425	1
P60900	P24385	1
Q68CZ1	P0CAP1	1
Q9UBI4	Q9UHC3	1
P01106	P47712	1
P36956	P10275	1
Q8NEH6	Q8NEH6	1
Q13573	Q9Y613	1
Q13618	Q58FF8	1
Q9UHX1	Q9Y266	1
Q9HBV2	O94829	1
P19532	Q08211	1
O43181	P03915	1
P01106	Q6P1L5	1
Q9Y297	Q9Y618	1
P48047	Q8NHQ1	1
P62244	P62857	1
Q7L590	Q96EB6	1
Q92903	P52429	1
Q96GX1	Q9UGP8	1
P08174	P60903	1
Q99848	Q9H7B2	1
Q13286	Q00325	1
P25098	P25116	1
Q969P0	P68400	1
P02751	Q9HB71	1
Q14197	P82675	1
P15735	O14925	1
P46934	P21579	1
P16455	P49458	1
Q96KM6	O75807	1
Q9HCE1	Q03426	1
P25105	Q05397	1
Q9H0K1	Q13263	1
Q99459	Q9Y678	1
Q9H0E3	Q15370	1
P78362	O95278	1
Q9GZM5	Q9BYR7	1
Q96AX9	O95999	1
P30556	Q5BKT4	1
Q96DC7	Q9ULG6	1
Q16763	Q9UJX5	1
Q504Q3	Q16637	1
Q9HBV2	Q01814	1
P43115	O00459	1
O60224	Q8N653	1
Q9UGN5	Q68DC2	1
P15514	Q96JN8	1
P38646	P19438	1
O15403	Q5JTW2	1
P30519	O75306	1
Q96GX1	Q8N5M9	1
P42345	Q9ULQ1	1
Q70CQ1	Q96G25	1
O75147	O15226	1
O00716	Q9Y4W6	1
P62805	P62805	1
O75716	Q8IWZ5	1
O15294	O15047	1
Q9UBT2	P38646	1
O75553	Q6ZXV5	1
Q7L5N1	P05387	1
P04629	P33992	1
Q8TEC5	Q7Z6J0	1
P55769	Q13641	1
Q99759	Q9HCE7	1
Q9NNW5	Q7L622	1
O75925	P52630	1
Q00987	O43463	1
P30154	Q01105	1
Q15022	P62318	1
P06748	P62847	1
O95988	O60244	1
Q9BZR9	Q9UBF6	1
Q9Y6M9	Q12846	1
Q7Z7A1	P61020	1
O94777	O94777	1
P10746	P48507	1
P33981	Q9UII4	1
Q9H8E8	P62805	1
Q9NVW2	P25791	1
Q07020	P60866	1
Q8IW50	O94952	1
P78362	Q9BW71	1
Q15631	Q08J23	1
P49902	P46926	1
P43115	Q6UXM1	1
Q9Y6B2	P62805	1
P52272	Q9NQC3	1
O15205	O75533	1
Q9NPJ3	Q9Y3A5	1
P51149	Q14254	1
Q96DD0	Q92878	1
Q86X19	O14763	1
Q9BRG1	Q96KR1	1
Q9UK80	Q96RU2	1
P15923	Q13405	1
P14625	P14625	1
Q7Z406	O75694	1
Q08999	Q92878	1
Q96CN7	Q53H82	1
Q14676	Q03188	1
O75530	P55769	1
P42858	Q9ULU4	1
O00716	P43246	1
Q6UXL0	Q96G97	1
O43889	Q96B23	1
Q16635	P39060	1
P10644	P35520	1
Q99523	O15020	1
P14859	P20823	1
P62841	P62847	1
P34897	Q96RU3	1
Q9NPJ6	Q96BD8	1
Q9H7Z7	Q14315	1
P42684	O43482	1
Q8IVD9	Q9UBN7	1
Q9HB07	P10809	1
Q68E01	P30876	1
P08235	Q92786	1
P14635	Q8WVV9	1
Q16740	P11310	1
Q9UBP6	Q9GZT8	1
P25098	Q86YZ3	1
Q13148	Q2NL82	1
P18146	Q68CP9	1
Q5UIP0	Q5UIP0	1
Q96B23	Q9HCN4	1
Q6ZU80	Q96AC1	1
O43678	Q8IWZ8	1
O43542	Q99707	1
P78362	Q9Y4H2	1
Q96M27	O95456	1
Q86V81	P36915	1
Q6IA86	Q9Y5K6	1
O60911	O43683	1
P78334	Q9H6U8	1
Q9C009	Q14566	1
Q9Y244	Q13404	1
Q9NVX0	P0CG47	1
Q5VYK3	O60333	1
P62805	P05067	1
P19320	Q99714	1
O15212	Q00987	1
Q9NQT4	P28066	1
Q9BWU1	Q9BYG3	1
P34897	P13798	1
Q9UHX1	Q92614	1
Q92560	Q8TDY2	1
Q9NRR6	Q9UBF8	1
P27695	Q13416	1
Q9NUQ6	P68400	1
O60566	Q6P1K2	1
O00716	Q14191	1
P35080	Q96ST3	1
Q8TES7	Q96F24	1
Q8IUH5	O95881	1
P42858	Q9BTA9	1
O60285	P05067	1
P09234	O96008	1
Q9NWT6	Q9BZF9	1
P15927	P78344	1
P46940	P61158	1
Q9BWF3	Q96A35	1
P41235	Q9Y6Q9	1
Q8N0Z3	Q5VT06	1
Q8NFH3	Q7Z407	1
Q66LE6	Q8WWM7	1
Q8IWS0	P05388	1
P49407	O43172	1
O15205	P46776	1
Q01201	P07814	1
P46934	Q9Y6E0	1
Q6NUS6	P04035	1
Q9UL40	P62308	1
O00267	Q96JK9	1
Q8TEL6	Q9UBN4	1
Q16740	P45954	1
P28702	Q9H1D9	1
Q9UMR5	P62249	1
Q12972	O75351	1
Q9UPM9	O14530	1
Q01844	P0CG13	1
P23471	P23471	1
Q8N0Z3	Q9Y3Z3	1
P40692	Q9NVD7	1
Q9Y6K9	Q5T8P6	1
P04844	P14625	1
O00418	Q9UM22	1
Q00987	P49327	1
P04278	P25311	1
Q15051	P43034	1
P58340	Q9BTE6	1
Q9BYD3	P07196	1
P04062	Q6NZY4	1
P52926	P27695	1
Q9H0W5	Q12906	1
Q00534	P01833	1
P53602	Q9Y248	1
P55345	Q9UPS6	1
P61353	P62899	1
P55316	P39880	1
P50995	P08559	1
P62136	Q9GZN8	1
P06746	P21953	1
P49366	Q04864	1
P49257	P04075	1
O14979	Q96EH3	1
Q13286	P04843	1
P30050	P61353	1
Q00610	Q9UPQ9	1
P49639	Q96F45	1
Q15370	Q92624	1
P54274	Q9BVJ6	1
P07949	P35544	1
P49761	O00560	1
Q9H2F9	Q8N4C6	1
Q15022	Q6P2Q9	1
Q96B02	Q9UBS8	1
O14832	Q8IZU0	1
Q13224	Q96CW1	1
Q9UBW7	Q5VZL5	1
P62805	Q16514	1
P60033	Q04323	1
O14980	Q9H0D6	1
O75147	Q9H7N4	1
Q9BUK6	P55211	1
Q6ZW49	O95273	1
Q9HBJ0	Q9NXR8	1
Q8NFC6	Q9Y6A5	1
Q13573	P35606	1
Q99598	Q5T7B8	1
Q9Y3I0	P47897	1
Q92956	Q13347	1
P19438	Q13114	1
P51398	P82933	1
O00212	Q13009	1
O75494	Q2TAY7	1
O60220	P62072	1
Q6UWW0	Q9NV35	1
Q96NL6	Q9H3U1	1
P24928	Q9UMS4	1
Q13131	P12036	1
P43115	Q8IZR5	1
P14373	Q9UGJ1	1
Q9Y297	Q9HD26	1
O00233	O14818	1
P28331	Q9BYD1	1
Q49AN0	O15027	1
Q13618	P62191	1
P49207	P18077	1
P39748	Q93052	1
Q6UX06	Q14112	1
Q9Y6D9	O76064	1
Q99538	Q14554	1
P61011	Q9NTJ3	1
Q9NY93	P46777	1
P28702	Q8N5G2	1
Q9HC24	Q13505	1
P42566	Q8NC96	1
P51648	O75155	1
Q5SSJ5	P04004	1
Q9H9B4	O94826	1
Q14676	P49642	1
Q17RP2	Q7Z3B4	1
P01100	P56279	1
Q8TAP6	Q86YZ3	1
P00491	Q9Y617	1
O00762	Q16864	1
Q8WX92	Q8NE71	1
Q9Y3Q8	P10909	1
Q9Y3Z3	Q92925	1
P18754	Q9BRK5	1
O14867	P40692	1
Q8TD31	Q9Y6K9	1
Q9H7E9	Q6NT76	1
Q06265	Q06265	1
Q9UIF9	Q9UK80	1
Q2M1P5	O95297	1
Q6ZRP7	Q99614	1
P15735	P04843	1
Q8NA72	Q9H6D7	1
Q5T9A4	P20042	1
Q9NRC8	P46940	1
Q14781	P62805	1
Q8NI27	Q9P0M9	1
Q504Q3	P49411	1
P78396	P27694	1
Q9Y2I6	Q93052	1
Q5SW79	O95271	1
Q13616	Q04837	1
P25788	P14625	1
Q96HQ2	Q9HCH0	1
Q02363	O14744	1
Q9UJU5	Q9NZI7	1
Q9ULR0	Q9UMS4	1
P80370	Q9UHG3	1
O60239	Q8NF91	1
Q9UI95	P48047	1
P01106	P10809	1
O95816	Q12906	1
Q9BTE6	O43151	1
O00562	P53350	1
P06748	P52272	1
Q8IV56	P05067	1
Q7L2J0	Q6P1J9	1
Q96NL6	P49458	1
Q6FI81	Q9H773	1
Q15427	Q04837	1
Q1MSJ5	Q13561	1
P04629	P85037	1
O95758	Q9UJX2	1
O75170	P51648	1
Q9HB07	Q8IZU0	1
Q9NWX6	Q99961	1
P52732	P62750	1
Q15906	O60293	1
Q14CX7	P61599	1
Q8N5I4	P05067	1
Q9BRX9	Q2TBE0	1
Q13315	O15524	1
Q14241	P24928	1
P62888	P46777	1
Q15022	P48047	1
Q6NSX1	Q8IZU0	1
P35219	O15119	1
Q8N4P3	P05067	1
Q99853	Q14C86	1
Q96MT8	Q96KQ4	1
P46778	P46781	1
Q13573	Q9NXV6	1
Q92905	Q02878	1
P30411	P21731	1
P32249	P51654	1
O75365	Q9NU22	1
Q68E01	Q69YI7	1
Q7Z6Z7	P47897	1
Q9BQA5	Q9HCM9	1
Q14994	Q13347	1
P82979	P63279	1
Q9NRC8	P53618	1
P15880	Q96EB6	1
Q9HC07	Q9NZD4	1
Q9Y5M8	P54707	1
Q99759	P56192	1
P02545	Q13190	1
Q16854	Q01814	1
Q93034	P29692	1
Q8TEQ6	P62495	1
O00233	Q8N9N5	1
Q7Z6Z7	O00763	1
Q8N137	Q6P2H3	1
Q02446	P86479	1
O15160	Q2NL82	1
Q86X19	Q6P996	1
P10176	P02760	1
O00255	Q9NQB0	1
Q13315	P27694	1
Q9NPJ6	Q6SJ93	1
Q14318	P49720	1
Q9H9A6	Q9BV20	1
Q9UM13	Q96DE5	1
Q96IZ0	Q96IZ0	1
Q96L92	P06213	1
P55072	Q8WWY3	1
Q86U86	P62805	1
Q99436	P20810	1
Q9BYD1	Q9BRJ2	1
Q6NUS6	Q8N6L1	1
P17542	O60341	1
O95478	Q9H6F5	1
Q9BUZ4	Q7Z419	1
Q8IZH2	Q96L58	1
Q92542	Q6EMK4	1
Q13617	P26373	1
P55072	Q9BUI4	1
Q9UJV3	Q9H7H0	1
P40855	Q8TB52	1
O14980	O43583	1
P28331	P53992	1
Q13618	Q13242	1
P53999	P47813	1
O00418	P37108	1
Q9BVS4	P49411	1
P50406	Q92973	1
Q9HCE1	P06748	1
P09661	P16383	1
Q9H8V3	P61916	1
Q5SW79	P98170	1
Q9BYD2	Q13405	1
Q9Y2X3	O00566	1
P04629	Q7L2J0	1
O60739	P62899	1
O60216	P23246	1
Q8WVC0	O14647	1
P46777	Q13310	1
P49407	Q9UHB6	1
Q9Y3E0	P61073	1
Q3SY00	Q9GZZ1	1
P55316	Q9H2P0	1
Q9UNP4	Q4ZIN3	1
Q13573	Q9H0E9	1
P41743	Q16543	1
Q15022	Q12905	1
Q9Y6G9	P04179	1
Q8NCQ5	Q8N4T0	1
Q8WWG9	Q9NS61	1
Q9C0E2	Q9C0E2	1
Q13620	P35523	1
P50914	O75683	1
Q6UY14	Q6RVD6	1
Q5S007	Q969V3	1
P05388	P46940	1
Q9BZV1	Q96CS3	1
P20366	P07199	1
Q9BVS4	P62829	1
Q9UQ80	P62750	1
Q7Z7A1	O75665	1
Q9C0C7	Q13098	1
O75533	P53621	1
P19838	Q6IAN0	1
Q9NR45	P12830	1
Q9Y6K9	Q9UHD8	1
Q13126	Q8IW45	1
O75478	P24928	1
Q5T124	Q8TAT6	1
P54253	Q9Y3S1	1
P04629	P62805	1
Q16548	Q8IZU0	1
Q9H0W5	P33992	1
Q8NBB4	P28698	1
P02751	P19623	1
Q96MT8	Q8N3L3	1
Q9C026	P26368	1
Q9NRG0	Q6PI98	1
P46108	P49802	1
Q14145	Q13617	1
Q9UPP1	Q9P258	1
O14980	P60228	1
Q92552	P09001	1
Q53H82	P06744	1
P20936	P21860	1
P47755	Q9NRN7	1
P52435	Q16531	1
Q504Q3	P52732	1
O76096	P07858	1
P17948	Q99961	1
P30044	P54727	1
P04629	P05026	1
Q01844	P05198	1
Q86Y82	Q9BVI4	1
Q16637	Q15047	1
Q93034	Q16531	1
Q05655	Q96S59	1
Q8NAP3	P82673	1
Q8WYA6	P62805	1
Q8WVZ9	Q9NX00	1
P57678	Q8TE76	1
Q13023	P27815	1
P20023	P20023	1
O15259	Q15042	1
Q17RB8	Q8N5U6	1
P55854	Q15427	1
P46934	Q14722	1
Q9UK45	Q86U70	1
Q504Q3	P61927	1
P20309	P25116	1
Q9H4P4	Q92604	1
O00626	P61073	1
Q9NP31	P10275	1
Q9UPV0	P07858	1
Q9HD33	Q96GC5	1
Q14781	Q63HN8	1
P25788	Q9P2I0	1
Q9BZY9	P61086	1
P56945	P18206	1
O75147	Q9Y3Y2	1
Q9BW61	P13804	1
Q9BTE6	Q9UMW8	1
P68363	Q96S59	1
Q04323	P43034	1
Q92599	Q8NEY8	1
Q13148	P41091	1
Q14790	O75604	1
O75398	Q8N201	1
Q53GS9	Q14258	1
Q9H4L7	Q9H9B1	1
P15927	Q6WCQ1	1
Q15596	P55055	1
Q15287	Q96HS1	1
Q05086	Q9NVD7	1
Q9Y297	Q66K74	1
P42701	O43502	1
P16455	P68400	1
Q99683	P62191	1
P46940	P59998	1
Q9Y4X4	P05067	1
P39748	Q14738	1
O00422	Q08945	1
Q15637	Q14152	1
P38936	Q93063	1
Q02083	Q16394	1
Q08752	O00232	1
O75147	Q9NW13	1
P63208	Q13503	1
Q66K64	Q96F45	1
Q93034	O94762	1
O94811	P05067	1
Q13618	Q9BYN8	1
P46531	P48553	1
Q16637	P62805	1
Q9P2I0	Q9NRF9	1
Q9H213	Q9NPI1	1
P78347	P04003	1
Q9BY44	Q92804	1
Q12933	Q86Y33	1
Q96LK0	P35606	1
P86479	P86479	1
Q96SB8	Q8N9N2	1
Q00987	Q9NR12	1
P04629	O94829	1
P35318	P35318	1
Q9H0H5	Q8WXE9	1
P15735	P62258	1
P27694	P12956	1
Q08J23	Q99961	1
Q92633	Q9NWS8	1
Q9Y385	Q96CS3	1
P01106	P98175	1
Q16666	Q14146	1
Q9UK53	Q9HCE7	1
Q96EP1	Q9UPQ4	1
P62753	Q2NL82	1
O15121	P35269	1
P26373	P46782	1
P04629	O14776	1
P25942	Q9BUZ4	1
Q00987	Q9Y4L1	1
Q9BRN9	Q9UDX5	1
Q9BYD1	Q7Z7F7	1
Q16659	Q9UJ83	1
P46108	P26196	1
Q9H840	Q9Y2P8	1
Q6ZW49	P61916	1
P11279	Q9Y6W3	1
Q6ZW49	Q86VU5	1
Q5T447	Q9UNK0	1
P25791	Q13155	1
Q9Y275	P21359	1
Q702N8	P20929	1
Q96JB5	Q01804	1
Q96KB5	P62263	1
Q9H9F9	Q9UQ84	1
Q8TES7	P14635	1
Q9Y3E0	P46019	1
Q5S007	Q14151	1
Q5BJF6	Q07157	1
Q08999	Q6IC98	1
Q9H5K3	Q8WUY8	1
P26641	P13639	1
O75569	Q12894	1
Q8N302	Q96GM8	1
P40337	P05455	1
Q5VWQ8	P12270	1
O14980	Q12899	1
Q9Y3A3	Q9P031	1
O95801	Q13428	1
Q13618	Q8IZT6	1
P46934	O60610	1
P29323	P55196	1
P52732	P08621	1
Q99848	P46776	1
Q96FW1	Q9NSD9	1
O95801	Q86VN1	1
O43167	Q9BYR5	1
P24863	P17987	1
P34947	Q14008	1
O95817	P69891	1
P62258	Q9P2M7	1
Q99996	Q9NVV9	1
Q9UGM1	Q9ULG6	1
Q9Y580	Q06265	1
Q00325	Q00610	1
P62258	Q99570	1
O14980	Q13428	1
Q96NE9	Q99081	1
Q02556	Q92905	1
Q01844	P08133	1
P01106	Q9UI12	1
Q9BVS4	Q5SRE5	1
P01106	P40227	1
Q9Y4K3	P28070	1
Q13895	P14373	1
P62191	P28070	1
P41182	P20823	1
Q9H074	P55884	1
Q9HC98	P46459	1
P16070	Q14254	1
Q93034	Q86VN1	1
O94955	P34969	1
Q92890	Q9NVT9	1
Q05519	O94992	1
Q96KN7	Q9BRX9	1
Q96EV8	Q7Z3B3	1
P62805	Q06210	1
O43670	O95071	1
P27694	P46940	1
Q13233	P27708	1
Q15006	P78332	1
Q6PKG0	Q02880	1
O14980	Q06587	1
P62314	Q8NI22	1
Q13330	Q9BRK4	1
Q9UBF6	P40337	1
P46934	P25490	1
O43390	P23246	1
P25205	Q99814	1
P27694	P61247	1
Q15435	Q8TEC5	1
Q92466	P48444	1
P55209	P62753	1
Q68CZ1	Q92900	1
P06748	P53618	1
Q9HD15	Q15596	1
P49917	A6NHQ2	1
P14373	Q9UHD2	1
Q96HE9	Q2TB10	1
P10451	P78559	1
Q92838	O15417	1
Q96RG2	Q16595	1
P25098	P62280	1
P01100	P19338	1
Q96EY1	Q15735	1
Q86WV1	O95248	1
Q8IXZ2	Q9Y2Z4	1
O14980	Q9H668	1
Q6DKI2	Q8NBW4	1
Q01105	Q9BW71	1
Q05D32	Q9Y573	1
Q504Q3	P62906	1
Q9UQL6	P55060	1
P34925	P49755	1
Q9UF56	Q96DT7	1
P27694	P54727	1
Q14203	O00487	1
Q66PJ3	Q66PJ3	1
A6NKF1	P61964	1
Q13617	Q9ULX6	1
P01100	Q9HD15	1
Q96LA8	P62805	1
Q16881	Q15596	1
Q504Q3	P61513	1
P62258	Q09161	1
P06401	O14497	1
Q9H2D1	Q13571	1
P62805	Q03468	1
Q9UHB6	Q5T5U3	1
P55072	Q99832	1
P35520	Q96HC4	1
Q99816	Q92748	1
Q96T76	P51648	1
Q9P086	Q9NVC6	1
Q9P0N5	O94901	1
O95503	P62805	1
Q5SW79	Q6ZMI0	1
Q00613	Q13257	1
Q9NV56	Q9Y605	1
Q9BW61	Q13131	1
Q6ZW49	P30041	1
P45973	Q96GC6	1
Q12905	Q9P031	1
Q8N1G0	Q9H2G4	1
O00400	P29692	1
P55072	P55210	1
Q08379	Q96CS2	1
O60925	O94979	1
Q9BXL6	P22314	1
P50914	P46779	1
Q00987	Q9Y3I0	1
Q504Q3	Q9UM54	1
Q01844	P38646	1
Q7LC44	Q05086	1
P13569	Q96RN1	1
P45973	Q00341	1
Q00987	Q9BVK6	1
Q9P0N5	O15155	1
Q6UWR7	Q658P3	1
O95817	Q8TD19	1
Q9H244	P53794	1
Q9H4A3	Q9Y613	1
O95402	P51825	1
Q09161	P19338	1
P02751	P16144	1
P36969	P04075	1
P04629	Q16658	1
Q9Y2X3	P62847	1
P19525	P62241	1
Q8N344	Q5VUA4	1
Q99471	Q9UKT9	1
O15514	Q9Y6K9	1
Q9NS37	O43889	1
O15205	P38432	1
Q86YT6	Q16531	1
Q9H6X2	O75493	1
Q92993	Q9Y2I6	1
P54368	Q53T94	1
Q9BXW9	O95271	1
Q13501	Q13616	1
P19525	P62805	1
Q13635	P15291	1
Q9Y275	O60518	1
Q9HCE1	P51572	1
O60739	Q14D04	1
P04792	Q96ID5	1
Q9BVS4	P23246	1
Q96C36	Q92614	1
Q9UBB9	Q00987	1
Q03113	Q9BX93	1
Q9BZV1	P50990	1
P61221	Q15369	1
Q16658	P54277	1
Q13233	P46781	1
P48634	P60228	1
P29372	P25787	1
P14784	Q07889	1
P56537	Q9Y6E2	1
Q96MT8	Q9C0F1	1
Q96GX1	Q9P0L0	1
P39905	O75380	1
Q6VEQ5	P05067	1
P37840	P08133	1
Q13616	P05387	1
O43609	O43561	1
O00567	O95478	1
P50402	Q9NNW5	1
Q99436	P06702	1
Q15113	P00742	1
O15169	Q5VWQ8	1
Q9GZP0	Q9GZP0	1
Q99848	O00422	1
Q96KB5	P47914	1
Q13950	P42229	1
Q99728	Q14004	1
O00757	Q13485	1
P15927	P18887	1
Q9UBE8	Q9NZN8	1
Q9Y3D8	Q15596	1
Q96JN2	Q8NAP3	1
Q6PD62	O95084	1
P34947	Q9Y657	1
P15260	P15260	1
Q12849	Q5T653	1
Q04864	Q9BW66	1
Q13233	Q96B01	1
Q9NPF4	O76003	1
Q86VP1	O43913	1
P53355	P49815	1
P36969	P31948	1
O75147	P62750	1
Q9UBX0	P40763	1
Q9BYD2	Q6UXU6	1
O43747	O00189	1
Q9UKV3	Q9P032	1
Q16763	O14562	1
Q9UBN7	Q14697	1
P48643	Q13263	1
Q6VVB1	P22314	1
P68400	P06748	1
Q9Y4X3	P46092	1
P46108	P46108	1
Q14203	O43663	1
Q9P2G3	Q8NFF5	1
Q13404	Q8NBS9	1
Q9ULW0	Q14974	1
Q96GX1	Q92685	1
Q99615	Q9Y6X3	1
O00560	O43324	1
Q9HAU5	Q9H8T0	1
P78362	Q8N7C0	1
Q96KN7	P30566	1
O14802	Q9NW08	1
Q14524	P46934	1
Q9BRK5	Q9UBW7	1
Q96CV9	P42566	1
P19525	Q8TDN6	1
Q8N3V7	O60437	1
Q9NY12	Q8IXM2	1
Q08170	O75494	1
Q9NZ01	Q00325	1
O60701	Q13596	1
P10809	P13639	1
Q13573	Q9H9A6	1
P15927	Q6P2E9	1
O14544	Q9Y615	1
Q9C0J9	O15055	1
P18887	O43592	1
Q9NYK5	Q9NP92	1
P55809	Q5JTV8	1
P04629	Q8IYB7	1
Q15020	Q5T4S7	1
Q969P0	P29692	1
Q96BD8	O60547	1
Q15532	Q4VC05	1
Q6ZU80	Q9HCH0	1
P15336	Q9HD15	1
P22061	A8MPS7	1
Q5JST6	Q8IYI6	1
Q9BS91	O95271	1
P59998	O75312	1
Q07021	Q04864	1
Q6ZQN7	P38646	1
P55058	Q9BRR6	1
Q14134	Q9H568	1
Q92630	Q07020	1
O14980	P08708	1
Q9NRC8	P78527	1
Q8TCJ0	Q9UQE7	1
O15205	Q8WU76	1
O15145	P46379	1
O15205	Q9BX63	1
Q14137	O60701	1
Q14974	Q96JN0	1
Q9NQW7	Q9UHX1	1
P04629	Q9BX66	1
Q9Y2I6	Q8TEP8	1
Q16576	Q9BQG0	1
Q15744	Q9UNS2	1
Q14494	Q14315	1
Q5VVQ6	Q8TAT6	1
Q08379	Q8IX12	1
Q12906	Q8N766	1
O75147	Q9H0D6	1
Q92574	P51948	1
O15524	Q14241	1
P62805	O15315	1
Q9NRC8	P09211	1
P68400	Q02878	1
Q5T7W7	Q9UHC1	1
Q13573	Q9UBP9	1
Q9NP92	Q16540	1
P19438	P62805	1
Q9H0R8	P67870	1
Q9UDY2	Q9BY89	1
P38646	Q86V81	1
P04792	O95248	1
O15078	O75439	1
Q5T2W1	O15439	1
Q9HAW0	Q9Y5M8	1
Q05086	Q16659	1
Q9NPJ6	Q5VZ89	1
P04629	P51116	1
O75914	P53350	1
O75794	O75312	1
Q5VWG9	Q6SJ96	1
Q92887	P57105	1
Q9P2X7	Q9P2X7	1
P35659	Q13868	1
Q96KA5	Q9HD33	1
Q8NFH3	P49792	1
P62805	P62805	1
P34969	P62136	1
P84098	P25398	1
P21757	Q16617	1
Q9Y5J5	P04844	1
Q9H0R8	Q15029	1
Q00341	Q14315	1
O75558	O95363	1
P99999	Q7Z419	1
Q8WWM7	Q3MHD2	1
Q9Y2I6	P62136	1
Q13901	Q9Y618	1
Q6L8Q7	P53609	1
Q9UQL6	Q9P2J5	1
O94906	Q01081	1
Q8WV28	P47756	1
Q9C009	Q15459	1
P04629	O43156	1
P25786	Q8IY31	1
Q96H55	Q12965	1
Q14197	Q96CW1	1
Q13257	O95235	1
Q13287	Q96QG7	1
O60906	P42898	1
O75175	P50616	1
A8MW92	P62805	1
P06213	P08575	1
P01876	P49221	1
Q96CS2	Q9BXF6	1
Q96S44	P53999	1
Q15714	Q9NYY8	1
O14763	Q86X29	1
Q6UB99	Q9BRK4	1
Q8WZA2	Q9Y694	1
Q6P5W5	Q9H1A3	1
Q99853	Q9Y678	1
P04629	P54707	1
O00459	P28799	1
P62136	Q9UBK9	1
Q93034	P61962	1
Q9NRD5	Q9Y613	1
P26358	P62308	1
O00567	Q9BRJ6	1
O43719	Q8IZL8	1
Q16666	P05067	1
P35052	P13385	1
Q9NQZ6	Q9BQD3	1
Q86X19	Q14254	1
P62913	P61247	1
Q6P1J9	Q14980	1
O43825	P04114	1
P25789	P25789	1
O14733	P18848	1
P46531	Q9UPP1	1
Q9BTW9	P36954	1
P15056	P46940	1
Q7L2J0	Q1KMD3	1
Q13627	Q8NCN4	1
Q9P127	P38919	1
P78318	O60493	1
P20042	P42695	1
Q07020	Q02878	1
O14920	O43187	1
P09012	Q5JR59	1
P23511	Q96K80	1
Q14807	Q9HB58	1
Q8IY92	Q15942	1
Q9C0F1	Q9BT25	1
P46934	Q96DX7	1
Q14145	P62310	1
P15880	Q9ULX3	1
O95071	P68036	1
O75147	P26641	1
O95793	P49327	1
Q04637	Q13155	1
Q9Y2T3	Q8WXE1	1
Q13618	Q7Z2W4	1
P46778	P62081	1
Q96EP5	P68036	1
P55072	O00422	1
Q8N490	O60518	1
P36941	Q9C037	1
O15205	Q9Y2V7	1
Q7Z6Z7	P17987	1
Q9Y242	Q96EY1	1
Q9H6T3	Q9H1A4	1
O14737	Q5UIP0	1
Q7LBR1	Q7LBR1	1
Q15884	Q9UBU6	1
Q13064	Q9BZY9	1
Q15796	P46934	1
Q5XUX0	Q00987	1
Q92614	Q14126	1
P19338	P61247	1
Q6UN15	Q05048	1
Q9H3D4	Q12980	1
Q9C009	Q9Y3T9	1
P15918	P62805	1
Q16666	Q8NAV1	1
Q13637	P49959	1
Q6ZW49	Q6P587	1
Q8IXH7	P62263	1
Q96T76	O14980	1
Q8TES7	Q96PK6	1
Q9H0L4	Q05048	1
O76027	P05067	1
Q14790	Q14627	1
O75503	P27797	1
Q9UBB9	Q9Y3A4	1
Q92542	P35249	1
P02649	Q9Y285	1
Q6PD62	O43488	1
Q96C28	Q96EL2	1
P26022	P02746	1
Q9BYZ2	P40925	1
Q13501	P55211	1
Q9BVP2	P62829	1
P04629	P62805	1
P38919	O75688	1
Q16851	Q15942	1
Q12906	P49821	1
Q9P270	Q5VW36	1
O60830	Q9Y3D7	1
Q9H553	Q9NRY6	1
Q92878	P43246	1
O60826	O15067	1
Q13188	Q96RQ3	1
Q9UJY4	Q9NZ52	1
P34897	Q7RTN6	1
P98175	P61978	1
P05387	P62899	1
O43889	Q969K7	1
Q9BVS4	P62280	1
P28070	Q9NXD2	1
Q8TAD8	Q9BZJ0	1
O95278	O43741	1
O00257	Q96Q15	1
Q9NTW7	Q8WV44	1
O95661	Q9UHY8	1
Q9BT49	P62805	1
Q9UI09	O43676	1
Q16666	Q8N8A6	1
O14949	P43304	1
Q96GX1	Q15738	1
Q00610	Q9HAU0	1
Q9UGI8	Q9BUJ2	1
P46934	P43405	1
Q9H0W5	Q9NVH0	1
Q00266	Q9BZE9	1
Q8TCJ0	P07199	1
O14965	P35268	1
Q9NQG6	O14925	1
Q15562	Q5TKA1	1
Q9NTK5	P62306	1
Q8IWS0	P51991	1
Q7KZF4	Q9UNL2	1
O43684	Q9UKE5	1
O00716	Q9NUQ2	1
O14980	Q15032	1
Q9HC24	Q9UM00	1
Q96NL6	Q8WX93	1
P34897	Q9UKD1	1
O95619	Q96AY2	1
P62851	Q9NYI0	1
Q9H4A6	Q96IJ6	1
Q96DI7	O60907	1
P10276	Q96DI7	1
Q12952	Q14807	1
P35869	Q9Y3D8	1
P26641	P62917	1
P62899	O43474	1
Q96PM5	Q8N9I5	1
Q9UDY8	P21580	1
Q96HR8	Q96AX9	1
Q96PK6	O75494	1
P38484	O15524	1
O14980	Q8TEU7	1
O15205	Q08380	1
O75147	Q5BKZ1	1
P21589	Q92990	1
Q13126	P55854	1
Q9H2A7	O00574	1
Q9H672	Q15370	1
P53041	Q6XQN6	1
Q49AN0	P49411	1
P08151	Q15796	1
Q8WXA2	Q0VD86	1
P13385	Q5UIP0	1
P02751	O75643	1
P25705	P80723	1
Q9BT09	Q92626	1
Q9UEW8	Q6ZMQ8	1
P24864	Q16254	1
P61247	Q7KZF4	1
Q9Y3E0	Q5T8D3	1
Q9NZD8	Q5JST6	1
Q6ZSB9	Q96BR9	1
O43474	P12830	1
Q8WUM4	P09619	1
Q9NZ71	Q8N7R7	1
Q9HCE1	Q6NUS6	1
Q05397	Q14469	1
Q96EY1	Q96CN9	1
P35219	O43186	1
P35244	P27816	1
P04629	Q9NRZ9	1
Q6ZW49	Q71F23	1
Q2MV58	Q96HE7	1
Q96EZ8	O43463	1
Q7Z406	Q6PD62	1
Q9BYD3	Q9NRX2	1
P83369	Q9BQA1	1
O14561	Q9HD34	1
Q9Y6E0	Q92804	1
Q08211	O43290	1
Q86UC2	P05067	1
P35222	P08865	1
Q00987	P30041	1
P83731	P62263	1
P38919	Q15459	1
P61201	Q92793	1
O75400	Q4G0J3	1
Q99700	Q8NHU6	1
Q8NEB9	P19174	1
P61221	P00491	1
Q9BTA9	P24928	1
Q13838	Q9H267	1
O14757	P09884	1
Q99459	Q9UPV9	1
Q49A88	Q96R06	1
Q96IK5	Q9BWW8	1
P03372	Q15005	1
P31939	Q13148	1
O75582	P62805	1
P00390	P00966	1
Q13610	P05067	1
Q6PD62	P02751	1
P37840	P45880	1
Q13573	Q7Z7E8	1
P46934	Q16630	1
Q15185	Q15185	1
Q13618	P54136	1
O75593	Q14160	1
Q9Y296	P05067	1
Q15459	O94906	1
O43164	O43164	1
P01730	O00220	1
Q8TDY2	P49750	1
Q99459	P39748	1
P36406	Q8NA54	1
Q9P0J7	Q9HD23	1
Q13617	Q8NCA5	1
Q16643	Q92828	1
Q9NRC8	P50454	1
Q16254	Q8N488	1
P09382	P18206	1
Q9NWQ8	P40763	1
Q99759	P47929	1
Q12929	Q15735	1
Q9C0B0	Q8IWI9	1
Q92542	Q6UX71	1
P38936	P13378	1
P53350	Q14168	1
Q9UQL6	P07814	1
Q8TE67	P48023	1
P62899	P46776	1
P04629	P22695	1
Q8IXH7	Q9ULA0	1
O43818	P82970	1
Q15696	Q16560	1
Q99459	Q8TF72	1
Q02241	Q9Y6R4	1
Q8IVH8	Q9BX66	1
P48681	Q5TC63	1
P13716	Q15527	1
Q5T2W1	Q16543	1
Q9BVP2	P46782	1
Q9H7E9	Q6QNY1	1
Q9BZS1	Q12769	1
Q96FW1	P04843	1
Q9Y376	Q6P2I7	1
O95602	Q05639	1
Q9NPJ6	P46821	1
Q8WWY3	Q9BXJ1	1
P51617	Q9Y5V3	1
P62750	P40429	1
Q16540	Q86TS9	1
Q00987	Q9Y383	1
Q86XA0	P46379	1
P67870	Q8IV63	1
Q9Y3B2	P35250	1
P78527	Q15029	1
Q9BYD1	Q16540	1
Q504Q3	P49006	1
P26641	P51991	1
Q12933	O14879	1
Q7Z7A1	Q9UNY4	1
P18754	Q01081	1
Q8N1G0	Q8IYS2	1
P01106	O60716	1
Q10570	P06748	1
Q7Z6Z7	O00232	1
P55072	O43399	1
P59046	Q9UIM3	1
Q9HCE1	Q6SJ93	1
Q8N3V7	Q12792	1
Q9H4P4	O60447	1
Q9BXM7	O94826	1
P05388	P62081	1
Q96B26	Q9Y580	1
Q15554	O60522	1
Q6NUS6	P0CG08	1
Q68CZ1	Q1MSJ5	1
Q9UHD2	P38646	1
O95758	Q9Y5B9	1
Q86UR1	Q7L0Q8	1
Q92905	Q9UMS4	1
Q12849	Q8TCS8	1
Q92905	Q9UK73	1
P36578	P46776	1
P49247	Q99757	1
Q9P2S5	P57678	1
P49736	Q9NVF7	1
P47755	Q9UHB6	1
Q9H2G9	Q9Y2J4	1
P50914	Q9NWB6	1
P22314	P0CG13	1
P21860	P43307	1
P31260	Q16533	1
Q9Y679	Q14008	1
P22362	P61073	1
P21589	Q53S58	1
Q9UBT2	P85037	1
Q96MF7	O60216	1
P62081	P62314	1
Q14197	Q9Y2Z4	1
Q9NRC8	P50914	1
P55854	P13010	1
Q13573	Q8NI27	1
P35228	Q96EY1	1
Q9UBB9	Q9Y2D8	1
P55081	Q53EZ4	1
Q13616	P61964	1
Q99933	P59998	1
P16070	P04216	1
Q00403	O75376	1
Q9NRC8	O76094	1
P35916	P42338	1
Q12948	P28370	1
Q96SD1	O00233	1
Q13573	Q9NR12	1
P62805	Q99614	1
O94913	P62899	1
O00267	O15514	1
P38432	P35269	1
O76041	Q8IZU0	1
Q9P0K8	P04150	1
P50914	P62847	1
P62424	P23396	1
Q8TD55	Q8NB25	1
P10275	Q92769	1
Q96HE9	P49711	1
Q96CS3	Q16531	1
O95503	Q07666	1
Q9H967	Q96AG4	1
Q96C19	O15144	1
Q9Y5W9	P36894	1
Q9UKY7	O00233	1
Q9Y6E7	P28331	1
Q8NEY1	P05067	1
Q9BQ15	Q9HC77	1
O95402	O95071	1
Q6NUS6	Q92621	1
Q13618	P62805	1
Q6PKG0	Q92614	1
Q5BJH7	Q92614	1
P62805	Q86YP4	1
P37231	Q9P2D1	1
P02647	P04053	1
P42696	Q7Z6E9	1
P25791	Q13137	1
P08865	P17987	1
Q13148	P46777	1
P49840	Q9NU22	1
Q9UNN5	P10155	1
Q13535	Q92888	1
P18206	O15375	1
P45973	Q96CS4	1
Q9H4L7	Q9NRZ9	1
O43167	Q7Z3K3	1
P40337	Q9Y266	1
Q9Y2D8	Q9GZM8	1
O00487	Q96JH8	1
O43809	P48740	1
O75494	Q6EMK4	1
O00400	Q14155	1
P07196	Q8IYF3	1
Q13315	Q15554	1
P38919	Q15393	1
O14967	P55072	1
Q9UMX1	Q9P2Y4	1
P14635	P27694	1
P24928	Q9Y230	1
P15559	P09874	1
Q00987	Q14498	1
P40818	O43633	1
Q9HCE1	O43291	1
P29597	P78371	1
Q6UX06	Q495W5	1
Q9BYT3	Q9Y4E8	1
O75534	Q14697	1
Q92575	Q6V1X1	1
Q9P086	Q13503	1
P52732	Q12955	1
P17931	Q7Z3C6	1
P30039	Q8TBB1	1
Q9Y5V3	Q99996	1
Q9BV73	P38646	1
O75665	Q8TCG1	1
Q04864	Q7Z3C6	1
O43825	Q4ZIN3	1
Q13469	Q05215	1
Q7Z7A1	P53992	1
Q7Z3H4	P18583	1
P18031	O15234	1
Q5UIP0	Q86W42	1
P55854	Q9UHB9	1
Q92614	Q9P0K7	1
P05129	Q9P2D0	1
Q8IZD4	Q96AV8	1
P50222	Q9H1Y0	1
P40337	Q9NRP2	1
Q9Y6K9	O75691	1
Q93074	P10071	1
Q9NRC8	P29144	1
O75503	Q9H936	1
Q9Y2D8	O95373	1
Q13508	P19021	1
P10451	P62277	1
P15927	O43823	1
Q14999	P61978	1
Q9GZX7	Q9Y3B2	1
Q9GZU5	O95372	1
P78545	Q02878	1
Q9BRQ0	Q16531	1
Q9H0R8	O76021	1
P51149	Q9UNQ0	1
P86479	P54253	1
Q12933	Q9BXF9	1
P16066	Q6VMQ6	1
Q13618	A6NJ78	1
Q99459	O95613	1
Q14457	Q8NEJ9	1
Q00653	O95831	1
Q9Y2D8	Q15750	1
Q9NP92	Q96DV4	1
P02751	Q99714	1
P15918	Q9Y266	1
P00480	P00480	1
Q13490	Q92851	1
P56545	P63279	1
Q86XR8	P62851	1
P02545	Q9NW82	1
P30556	P25103	1
Q96CS3	Q8TDJ6	1
O14980	O15027	1
Q96H55	Q16643	1
O95714	Q96NY9	1
Q9H0R8	Q9BQG0	1
Q9NZZ3	Q9UBT2	1
P51159	P05067	1
O60830	Q3ZCQ8	1
Q16513	Q9UK45	1
Q8N7H5	O00311	1
P56537	P46777	1
Q99426	P62306	1
P49454	P62899	1
Q96L50	Q99627	1
Q15287	Q9UBC1	1
P24539	O43181	1
Q92820	Q5TAQ9	1
Q16659	Q9NX36	1
Q9H4L7	Q08945	1
P56537	P47813	1
P43243	Q08211	1
Q14203	Q9HC35	1
P49913	P08311	1
P25054	P33992	1
Q15466	Q13950	1
Q13573	Q15427	1
O14530	O75312	1
Q13618	P51571	1
P05198	Q12904	1
O75558	Q96BZ8	1
Q12905	Q7KZF4	1
O75380	Q07157	1
Q9UJX3	P14635	1
Q9P127	Q13838	1
Q8TCJ0	Q9Y230	1
Q9UKE5	Q969G3	1
Q9NRC8	Q8TDD1	1
Q99615	Q96RL7	1
P21860	Q9UBN7	1
P04629	Q86X10	1
P48775	Q9HAN9	1
Q9H2C0	O60293	1
Q9H0E2	Q9Y4K3	1
Q8TDB6	P62805	1
Q96GN5	O75541	1
O95786	Q9Y4E8	1
P01106	Q92752	1
Q13233	P50914	1
O95817	P05109	1
Q9H211	Q9Y5L4	1
Q13418	O43159	1
Q8NCN4	Q14739	1
P49321	P31948	1
P54274	O75150	1
Q9P253	Q5VST9	1
Q04864	Q9Y5U2	1
P17980	Q5T3J3	1
Q9BZE1	Q13405	1
Q14114	Q9C0H5	1
Q8WWY8	O95450	1
Q6ZU80	Q16513	1
Q96GN5	Q8NHQ1	1
O00165	O15371	1
Q9Y5U2	O95400	1
Q93034	O43592	1
Q92734	P0DPA2	1
Q6PFW1	Q9NQC7	1
Q8NHU6	P24385	1
Q9H8G2	P05067	1
P61221	Q01484	1
Q07666	Q07157	1
P55103	P01137	1
Q99436	Q14CX7	1
O95503	Q86V81	1
Q96GC6	Q15047	1
P55854	P52272	1
O00165	Q8NCB2	1
P27694	Q9NPJ6	1
P02766	P47897	1
O43734	Q9Y297	1
P49411	P62241	1
Q14114	O14908	1
P23508	P33992	1
Q401N2	Q9UBS3	1
Q9BPY8	Q8NBB4	1
Q13347	Q53EL6	1
O14867	O43660	1
P61221	Q9UM54	1
O43396	Q16186	1
Q7L5N1	Q96PK6	1
P49720	Q0PNE2	1
P50570	Q9GZT6	1
Q8NAP3	Q9GZR7	1
Q7Z419	Q9UBF6	1
Q16625	O14964	1
P62805	Q99614	1
P50402	O00422	1
Q92785	O95751	1
Q15942	Q96BD5	1
P36952	Q15831	1
P04629	Q9NY93	1
P12757	O00257	1
Q6NT76	P12956	1
Q15773	Q99575	1
Q13131	Q9P035	1
P40337	P18583	1
P25054	Q9ULT8	1
O75815	P41252	1
P52926	Q9UQ80	1
P78334	Q96FL8	1
Q8IXP5	P05067	1
P01106	P13010	1
O00165	P43304	1
O43493	Q9Y3P4	1
Q9NZ52	Q9H0E2	1
Q86UW6	Q86UW6	1
Q13617	P84098	1
O75147	P46777	1
Q92575	P17028	1
Q5S007	O43390	1
Q13573	Q9UPT5	1
Q96GW9	P05067	1
Q96NL6	O95831	1
Q99689	Q99689	1
P61964	Q02241	1
Q5VYS8	P05067	1
Q9H7E9	Q3B7T1	1
Q9UGY1	Q7Z2W4	1
Q9HC77	Q8IW35	1
Q92917	P05067	1
P20849	P12110	1
Q96LK0	P51648	1
Q0VG99	Q99081	1
P58340	Q8IVD9	1
Q9NPD3	Q9BVQ7	1
O95817	P27816	1
O14980	P14635	1
Q86YD3	P49641	1
P49720	P48556	1
P19525	P63173	1
Q15040	P60372	1
P46108	P78345	1
Q6ZNA4	Q99816	1
P56545	P53602	1
Q9UHX1	Q96BM9	1
Q9GZR7	Q02878	1
O15403	Q8IUD2	1
O75695	Q9UPU5	1
Q00987	P16615	1
O75449	O60504	1
O95817	O43715	1
O14893	P63162	1
Q96T91	Q8TD30	1
Q86VU5	Q9UP83	1
Q13418	P62263	1
P15692	Q01081	1
Q12834	P62829	1
Q96C28	P82933	1
P50914	P62917	1
P12830	Q9UBP4	1
P43088	P54707	1
O94986	Q8WX93	1
Q9Y2Q3	Q16531	1
P82650	Q9BYN8	1
O94888	Q13490	1
O43463	O60341	1
P33991	Q96CS2	1
Q8WWY8	Q6NSJ2	1
Q02083	Q8TCN5	1
P24864	P16401	1
P38919	O60306	1
P62280	P62910	1
Q14203	Q08AD1	1
Q8WXK4	Q15369	1
Q16637	Q12766	1
Q96CW1	P49327	1
P31150	Q13263	1
Q6AZY7	Q7Z4Q2	1
P49736	P62277	1
P62805	Q9NPI1	1
Q16637	P62805	1
Q9NV31	P18621	1
Q13573	A6NHR9	1
Q13131	O60884	1
Q08945	P55209	1
Q13123	Q12873	1
Q6UXB4	P04278	1
Q99426	P08243	1
Q13490	Q6UXN9	1
Q00987	P50995	1
Q9H9E3	P25054	1
Q14166	P61960	1
O75376	Q9Y3D8	1
P21673	Q9ULA0	1
Q9BVS4	O76021	1
A0JLT2	Q9H1A4	1
P62917	Q6ZN17	1
Q9Y6E0	P62805	1
P04629	P11387	1
Q9Y5J5	Q8IYB5	1
Q9GZV3	P46934	1
O43482	O43739	1
Q6UX06	Q9H497	1
O95352	P34897	1
P01106	P19838	1
Q9HC77	Q9UBB4	1
Q9Y618	Q6PKG0	1
P55854	O75083	1
Q92830	P62805	1
Q6NYC1	P13798	1
P22234	Q9UNE7	1
P02751	P04196	1
Q9UQ35	Q9Y3D9	1
Q9Y3Z3	Q92598	1
Q9Y279	P52569	1
P01042	P01042	1
P52948	Q9NYJ8	1
Q5T7W7	P11926	1
Q2TBE0	P05067	1
P05455	Q8IV38	1
O95619	O95149	1
P20701	P20701	1
Q9BYD3	P18621	1
P23508	P06748	1
Q6AZY7	O43405	1
O76083	Q01664	1
Q504Q3	P08621	1
P61513	P63220	1
Q9NZC7	Q99700	1
Q16531	Q92833	1
Q9H0W5	P46013	1
O76071	Q9NRH3	1
Q8IW35	P07948	1
P80404	P09417	1
Q99459	P21359	1
Q96IQ7	Q6YHU6	1
P08473	P60033	1
Q9BVS4	P62750	1
Q8NDT2	P63316	1
Q9C0C7	O75083	1
Q96BD8	O15061	1
P46379	P07949	1
O60663	Q16543	1
O15205	Q03989	1
P36402	P11274	1
P78362	Q13368	1
Q86WV1	Q8N0Z8	1
Q99999	O95167	1
Q86UD5	P22314	1
P35244	O60216	1
P14778	Q12933	1
P84098	P61513	1
Q86W42	O75643	1
O95758	Q15154	1
P24539	P30044	1
Q8NG57	Q15369	1
P41212	Q96HA8	1
O14788	Q9UBV7	1
Q6NXR4	Q13315	1
Q9Y6H5	Q9UBN7	1
Q15047	Q9ULT8	1
Q9H9V9	P62805	1
P28698	Q15697	1
P51532	P62805	1
Q9Y5K6	P46736	1
Q13618	O00165	1
P62241	Q4G0J3	1
P10589	P45973	1
Q13144	P12270	1
P04629	Q53GQ0	1
Q9P2S5	Q9BVP2	1
Q15633	Q2NL82	1
P37231	Q99623	1
O75607	Q86SE8	1
P62277	Q9NV31	1
O76024	P28066	1
O14980	Q9Y678	1
P06748	Q14686	1
Q8TBF5	Q9H3S5	1
Q9NRC8	P49792	1
P11498	P49327	1
Q92905	P22061	1
Q96AT9	P14735	1
P50897	P08559	1
O00214	Q9UNN8	1
P86479	Q96MN9	1
Q9Y6E7	P30044	1
O94906	P18583	1
Q15884	Q8TC07	1
P34947	Q16531	1
P04629	Q9Y570	1
P29372	O95163	1
Q9Y4X5	Q01658	1
P04629	Q9BS26	1
P55072	P41180	1
Q96ES7	Q9BQS8	1
P24539	Q9UJZ1	1
O14980	Q96A73	1
P25788	Q8WVV9	1
P60903	Q9Y5M8	1
O14980	Q9Y4W2	1
Q9NQW6	O00255	1
P63279	Q99497	1
Q9NVP1	P55769	1
Q9BZD6	P15692	1
Q99459	Q99871	1
P55854	Q92499	1
Q9Y3Z3	P05067	1
P07332	Q5VU43	1
Q7L190	P42357	1
Q9UNX3	Q9Y3U8	1
Q6ICG6	Q14191	1
Q9UHK0	P08247	1
Q14498	P23396	1
Q9H0W5	Q96KR1	1
P04629	P09496	1
P0C7T5	P0C7T5	1
P04141	P08575	1
P05067	Q9NVV9	1
P02647	Q9C093	1
Q6SZW1	O14735	1
Q9BVW5	Q8IYF3	1
P78527	Q96BW5	1
P26367	Q13404	1
P40337	P62805	1
Q12933	Q8N720	1
P01106	P82930	1
Q504Q3	P46778	1
Q99459	Q86VM9	1
Q9UKJ5	Q9BYR5	1
O43570	Q96GM8	1
O14980	Q9Y3I1	1
P19320	P62910	1
Q7Z6J8	Q7Z6J8	1
O75901	Q86UD0	1
P39019	P08865	1
Q8N0Z3	Q8NFD5	1
P43307	P36542	1
P12757	O75716	1
Q15084	O43847	1
Q96GY3	Q14188	1
P14866	Q8TAT6	1
P20309	Q8IZF0	1
P46940	P62136	1
Q93034	P63173	1
P18847	Q15796	1
Q86UL8	P30876	1
Q8N6T7	Q15029	1
P83731	P46781	1
P35244	Q96PK6	1
Q9BSJ2	O00165	1
P04629	Q9H269	1
Q6NUS6	O14967	1
P40692	Q5T9A4	1
P51610	Q14494	1
P09874	P35269	1
Q9BZE1	Q9Y3B7	1
Q14686	P51610	1
P55072	Q9UHR4	1
Q12873	O43147	1
Q9HC77	Q2M1P5	1
P46782	P09661	1
Q9Y6E7	P36551	1
Q8IYE0	Q96QF0	1
P24539	P18859	1
O43889	Q53TN4	1
O75157	Q14145	1
Q9NPJ6	Q6UN15	1
O94972	Q8N5R6	1
P31939	P31939	1
Q13526	O75398	1
P14373	Q2TBE0	1
Q9H0R8	P22735	1
Q15113	Q9H6X2	1
P28070	P05067	1
Q9H211	O60220	1
Q86VM9	P08195	1
Q16204	P62136	1
P52272	Q02127	1
O14980	P35606	1
Q13191	P29597	1
P22304	Q13616	1
P46531	Q92974	1
Q9UKG1	Q9C0C9	1
P42336	P41743	1
Q93034	Q05639	1
P00742	P00734	1
Q9HAZ2	Q8NI35	1
Q9Y3I1	Q9Y251	1
Q9HCE7	Q06203	1
O75112	P61916	1
Q9P2K1	Q9NXB0	1
Q9NQW7	Q15369	1
P42226	P04216	1
Q8IYF3	Q8TES7	1
Q16637	Q92841	1
Q6ZWI9	Q9NXC5	1
Q12846	Q5SQN1	1
Q9Y5K5	Q8WVV4	1
Q9H0M0	O00401	1
Q15022	O75533	1
P19338	O00268	1
Q9Y3S1	Q9H4A3	1
Q92905	Q14204	1
Q16659	O14818	1
P14780	P00750	1
Q14999	P09661	1
P10415	Q86XN8	1
P15927	Q9BWF3	1
Q13616	Q92530	1
P55072	P14625	1
Q86TM6	Q86YN6	1
P62805	P62805	1
P04629	Q15020	1
P51170	Q9Y6X1	1
Q49AN0	P55265	1
Q9H9H4	Q8TES7	1
Q9BW61	Q9UQ80	1
Q9UER7	O60934	1
Q96M27	P05067	1
Q14232	Q15831	1
Q9Y383	Q9H000	1
Q9BVG8	Q8IWP9	1
Q86WV1	Q92624	1
O60216	P62913	1
P42566	P27816	1
Q9UKD2	Q15029	1
Q9Y5K8	Q16864	1
Q9C0B0	P52948	1
Q7Z6Z7	Q7Z6Z7	1
Q16637	Q9Y3C7	1
O14980	Q7LBC6	1
Q7Z6G8	P05067	1
Q96LK0	Q99832	1
Q7Z3C6	O75385	1
P25963	P10909	1
Q99459	P78344	1
P02786	P20963	1
Q13573	Q9BRK4	1
Q9BQ15	Q9BRD0	1
Q15022	P13010	1
P49411	Q13564	1
Q99816	Q14444	1
O14908	Q13630	1
Q96DX7	P05067	1
Q9NXC2	Q8IZU0	1
P36383	Q13200	1
Q9BWF3	P55795	1
Q13131	Q9UM73	1
Q6NUS6	Q96S52	1
O75503	O14735	1
Q96NT1	Q9UI08	1
A1E959	Q9H0E2	1
Q99933	P58340	1
Q7Z4H7	P05067	1
Q9H6D7	Q9BT25	1
P78314	O95271	1
O15455	P43405	1
P35520	O75925	1
Q86X19	Q9ULH0	1
O95817	Q14376	1
P46940	Q9BRK4	1
O14757	Q9UBU7	1
Q96FV9	P06396	1
O95251	P62805	1
Q9UJX2	Q9BSW2	1
P54578	P04792	1
O15205	P27797	1
Q13127	Q969G3	1
Q9P2D1	Q8TAK6	1
P78347	O95391	1
Q9Y266	Q9NXH9	1
P06748	O95881	1
Q9H0W5	P46087	1
P60484	Q03188	1
O15440	P54819	1
P19525	P62805	1
Q9Y4R7	P40227	1
O75449	Q92630	1
Q13618	Q9NP81	1
Q96AT9	P51649	1
Q01860	P83731	1
Q96B97	P08581	1
P08581	Q9UNE7	1
P63173	P05387	1
Q9BVG8	Q9GZM8	1
Q8TDB6	P62805	1
Q2WGJ6	O43765	1
O15205	Q8N442	1
Q9BUQ8	Q56P03	1
Q9Y2J2	Q9BU76	1
Q96DB2	Q8IZ40	1
Q969G2	Q8N6N3	1
Q04864	Q96A72	1
P04183	Q9BRP4	1
Q16254	O43365	1
Q86UK5	P49069	1
Q86Y07	P17987	1
O00584	Q14554	1
A2VEC9	O15042	1
O95273	Q6P4R8	1
Q92851	Q969K3	1
Q9NRG0	Q01831	1
Q13573	Q8NBB4	1
Q9HCU8	Q9Y6Y8	1
P24539	Q8N4L8	1
Q9HBV2	A8MVW0	1
Q8IXK0	Q8NE31	1
P10276	P48736	1
Q9P2W3	O00459	1
Q8IYM9	O14936	1
O95218	Q9NVD7	1
Q86YH6	P05067	1
Q08945	P24928	1
Q15392	Q9BWH2	1
Q9BYV6	Q9BSM1	1
P03372	Q96HR3	1
Q9NZD8	P49840	1
A5D8V6	Q16222	1
Q9UJM3	O75815	1
Q92620	Q13573	1
Q8N490	O75496	1
Q5QGZ9	O94901	1
Q86Y78	P35610	1
Q8TDR0	P38646	1
P04792	P25788	1
P14316	P68400	1
Q9UKV3	Q9BVJ6	1
Q9NRC8	Q7Z5J4	1
O75478	Q12905	1
Q00597	Q96QB1	1
P37837	Q6P3W7	1
Q9NX58	P62280	1
P68400	O75496	1
Q13635	Q9HBH1	1
Q86YV0	Q9H4A3	1
Q8TEB1	Q9Y266	1
Q96ST3	P29084	1
O43586	Q9UJX6	1
Q9UI26	Q9HB71	1
P61604	O14732	1
O14618	P98170	1
Q16643	Q9UM54	1
Q14653	Q12816	1
P78318	Q16626	1
Q9H4X1	Q9HA77	1
Q15118	Q12967	1
P61221	O15260	1
Q8NI36	Q9NYH9	1
Q9Y297	Q6ZN18	1
Q9H4A6	P61758	1
P62805	Q9UFC0	1
Q01581	P20839	1
Q9H6X2	O14733	1
Q49AN0	Q13200	1
Q9BRS2	P05067	1
P54253	Q9BYW2	1
P01106	P28066	1
Q9Y266	P51003	1
P49792	P22695	1
Q15118	P42338	1
P38936	O60383	1
Q9NRC8	O43795	1
O60237	Q96A00	1
O43463	Q9UIH9	1
Q14213	Q8NEV9	1
Q16643	P05388	1
P12830	P28289	1
P68400	O43823	1
P24071	P42357	1
P02751	Q16698	1
O00233	Q96JN2	1
Q9NZC7	Q99459	1
Q86Y82	Q9Y6E2	1
P06748	Q9UNX3	1
P61962	P50991	1
O00757	Q9UHC1	1
Q9H497	Q9BTV4	1
O14810	P09012	1
P04629	P62805	1
P04629	Q9UHD2	1
O43516	P14317	1
P28289	Q9UPW5	1
P67870	O60763	1
Q99615	Q14677	1
P14373	Q9HAQ2	1
Q6ZW49	P83111	1
Q9H0D6	Q14562	1
Q8TAP6	Q53HC0	1
Q8TF21	Q5T3J3	1
Q96D96	Q96DR8	1
P53355	P06753	1
Q13620	P61313	1
Q99558	Q9NR30	1
Q15459	Q96NB3	1
Q7L5N1	Q8IYL3	1
Q7L7V1	Q3B820	1
Q15326	Q13427	1
Q13635	P19021	1
Q14241	P38398	1
Q03468	Q93009	1
Q01844	Q9P1Y6	1
O15205	P14373	1
O15160	O15318	1
Q9NYB9	P37198	1
Q5S007	Q9UKV3	1
Q9NYU2	Q08380	1
P62805	Q8WXI9	1
Q9UJU6	Q9HCN4	1
Q5S007	Q5UIP0	1
Q9HCE1	P53041	1
P30876	O14802	1
Q9HBE5	O15524	1
O15205	Q9UI26	1
Q7Z569	Q8WV44	1
P49137	P53667	1
Q9H0W5	Q13459	1
P02751	P00749	1
Q9UNM6	Q5T4S7	1
Q08116	P05067	1
Q9NYK5	Q4U2R6	1
Q9C009	Q9P2J5	1
Q13618	Q96IJ6	1
Q8N5N7	Q9NX20	1
Q9UNN4	Q9ULX9	1
Q92636	O43491	1
Q76N89	P68036	1
P54274	P78527	1
Q9NP66	Q96IZ0	1
P34897	Q9NP66	1
Q9HCE1	O00764	1
P46940	P49023	1
P19338	Q9H1A4	1
Q15796	Q9NXB0	1
P06748	O75475	1
P35244	P61978	1
Q96JN8	P24928	1
Q16236	Q92769	1
Q8NF50	Q14289	1
Q15011	P12956	1
Q8IVD9	Q96H20	1
P46087	Q9Y2X3	1
Q9GZP9	Q9P0I2	1
O43809	Q9NV58	1
P55072	O43172	1
Q04864	Q92793	1
P04179	P15374	1
P50222	Q8IW40	1
P50914	Q96GQ7	1
O00232	P25788	1
O75787	Q14318	1
Q8N1B4	Q9Y4K3	1
P12956	Q13617	1
Q8IVW4	Q9BRK4	1
Q96C19	P59998	1
P20036	Q8IZT6	1
O60551	P05067	1
P51511	P04070	1
Q92783	Q9UHD9	1
Q15022	P46087	1
P47914	P62910	1
Q92993	Q96JN2	1
Q8N2R8	P30154	1
P47755	Q9NZQ3	1
Q9Y272	Q15415	1
P18621	P08865	1
P36578	P62266	1
Q13620	Q8TC44	1
Q9UQ07	Q9UK11	1
O60826	Q9Y421	1
Q9Y2D8	Q96EY1	1
Q969G2	Q8IW35	1
Q5VZM2	P13473	1
Q9UKM9	Q96DI7	1
Q13617	P62805	1
Q01524	P05067	1
Q9H7E9	P13196	1
Q86TM6	O14818	1
O75530	Q9Y483	1
Q16659	Q08345	1
Q13573	Q99816	1
P37231	Q9H5J0	1
Q13618	Q9UQE7	1
P35222	Q01860	1
O00560	Q9NPQ8	1
O43741	P35573	1
Q9BQ67	Q9Y3T9	1
P42345	Q96FX7	1
O95182	O95155	1
Q14CZ7	P13804	1
P07992	Q92547	1
Q93009	Q9NZJ7	1
Q99853	Q5JTZ9	1
P37108	Q9UBE0	1
Q00610	P35610	1
O95758	Q15051	1
Q9UIM3	P58340	1
P55209	P08047	1
O43889	Q96JF0	1
Q7Z3K3	Q00534	1
Q9HCE1	Q15526	1
Q504Q3	P62851	1
Q9BYZ2	P52788	1
P49736	Q9UK99	1
Q13951	O60861	1
P09874	P49959	1
Q9HCE1	Q99952	1
Q92499	P12270	1
Q9GZX7	Q96B26	1
Q9C005	Q92769	1
Q9UNX3	P46781	1
P17040	Q92817	1
Q9UER7	O43463	1
Q86Y78	Q96CW5	1
O75147	Q9NQ55	1
P58012	O14981	1
P61513	P62241	1
Q969V5	Q969V5	1
Q8TCJ0	Q9H6T3	1
O95988	P05067	1
P04629	P26358	1
Q16363	Q9NPI1	1
Q9BRQ0	Q9UBL3	1
Q99598	Q9BZD4	1
Q9UBW7	Q9H5J0	1
Q8TCG2	O43426	1
P29350	P29350	1
P23508	P55735	1
Q9NWB7	Q92878	1
Q9UPM6	Q2TAL8	1
P55854	Q07021	1
Q13573	Q9NV70	1
Q9Y376	Q9BSH4	1
Q99459	Q9NQ50	1
Q5SW79	P36969	1
Q9HB71	P61599	1
P52272	P63220	1
P62805	Q86YP4	1
P62273	P63220	1
P11172	P08397	1
Q9BQS8	Q7Z6L1	1
Q9UNL4	P01106	1
P42345	Q13418	1
Q99459	P18583	1
P38646	Q709C8	1
Q9BWW4	P48742	1
Q86UT5	O76082	1
Q5EG05	Q9Y2G2	1
Q15906	Q9NRQ2	1
Q96PU4	P14373	1
Q9Y294	Q8N6H7	1
Q13131	P26196	1
O96008	Q5T6F2	1
Q9NQW6	Q9BSK4	1
P55854	O75925	1
Q9Y2Y4	P10275	1
P38936	Q86W92	1
Q9BYM8	Q9BV68	1
P61513	P08865	1
Q93034	P33993	1
Q9NXB0	Q7Z5L2	1
Q14657	Q8ND24	1
Q8WTS6	P62805	1
Q01844	Q96G25	1
P78362	Q9NP64	1
P04844	O00217	1
Q9NV92	P60484	1
Q8N205	Q96BY9	1
P01375	O43286	1
Q07666	Q92841	1
P07602	O00161	1
P25963	Q15813	1
Q9NRR4	Q92817	1
Q49AN0	P30154	1
Q92905	Q9H0E3	1
Q96EB6	Q9C0J9	1
Q9H8Y8	Q08050	1
Q53HC0	Q9UNM6	1
Q6NUS6	O94874	1
P07814	O43776	1
O75147	Q9NXF1	1
Q9HBJ0	Q9H0E9	1
O15498	Q08257	1
Q00534	Q9UDY2	1
P35638	O75971	1
P78362	P26373	1
P62805	Q15637	1
O00716	Q9NZ01	1
O60934	P52701	1
Q93073	Q96FJ2	1
P30086	P30086	1
P40925	O00764	1
Q9NYZ3	Q6ZRV2	1
Q8IY92	Q9C0B1	1
Q9UGR2	Q15942	1
Q9Y572	P62258	1
Q9UIC8	P47813	1
Q9NPJ6	Q9P2S5	1
Q15287	O75052	1
Q9Y3D8	P51610	1
Q9NVP1	Q9H501	1
P32780	P15927	1
O95271	P62826	1
Q13064	Q96IZ5	1
O14543	P49748	1
P80370	Q96HA1	1
O14976	Q96PK6	1
P67870	P62136	1
Q6VVB1	Q16517	1
Q8WXI3	Q9UBF6	1
Q8WV48	P05067	1
Q8N6Y0	Q8N3L3	1
Q03518	Q13087	1
P08574	Q04837	1
Q96FW1	Q58FF8	1
P61289	O75478	1
Q86UQ8	P19338	1
Q9UIF7	Q6RW13	1
Q92901	Q02878	1
P01008	P53597	1
Q14155	P04792	1
P02751	P54105	1
Q02878	Q4G0J3	1
Q99426	Q8NBS9	1
Q96EK4	Q9ULW0	1
Q5S007	Q9H3S7	1
Q9Y657	P49736	1
P78362	Q9Y520	1
O14709	P04792	1
Q9UKY7	O43633	1
O75323	Q9Y2W2	1
P10155	P83731	1
P28328	Q6PD62	1
P39210	O75251	1
Q7Z6Z7	Q9UHR5	1
Q9P275	Q12899	1
P53367	P14735	1
Q9P2J5	P62851	1
Q9Y2M0	Q12931	1
Q9H3U1	P55060	1
Q969P0	P62318	1
Q8WWW0	Q14315	1
P15927	Q9BTC0	1
Q13404	Q16864	1
Q12905	Q9BQG0	1
Q6NUS6	Q9H330	1
P14373	Q9UM82	1
P52701	Q96A73	1
Q8IZH2	O95807	1
Q9Y4E8	Q9H4L4	1
Q5U5Q3	P30050	1
A0JLT2	Q76FK4	1
P60033	P55884	1
P02647	P10451	1
Q5C9Z4	P62913	1
Q00987	P14174	1
P05067	P09017	1
O15078	O60763	1
Q8IUH5	Q96BJ3	1
P49356	Q6P158	1
Q969P0	Q13144	1
Q2NL82	P14625	1
P49736	Q96QA5	1
Q96ST8	Q9UPV0	1
P52735	Q13480	1
Q99459	Q9Y2X0	1
Q96F63	Q15393	1
Q99501	Q9Y2L1	1
Q8TF42	P57075	1
O60566	P25788	1
P49407	O00574	1
Q13616	P82650	1
Q6DKK2	Q7Z699	1
P18827	O00488	1
Q9Y275	Q5T2R2	1
P51970	O75438	1
Q9Y295	P38432	1
Q8NEC7	Q8IZW8	1
O75400	P50991	1
O43181	P45880	1
P62899	P25398	1
P53350	P05814	1
Q00613	Q13330	1
O14980	Q8WWN8	1
P61769	Q02878	1
O95793	O15226	1
Q6PD74	Q13510	1
P55345	O15047	1
Q7Z6Z7	Q9HCC0	1
P05067	Q9UNE7	1
Q9NQW6	P59998	1
Q9H6D8	Q9NVH2	1
Q01664	O95365	1
Q96HY6	O94874	1
Q9UPP1	Q9Y221	1
Q5TAQ9	O14744	1
Q9NS87	Q96AT1	1
Q13415	O14735	1
Q9BQ95	Q9Y2R5	1
Q99816	Q9Y5K6	1
Q9UQL6	P00558	1
P26641	Q8TEX9	1
P35244	Q9H9Y6	1
Q14114	Q9H875	1
P12830	Q96J88	1
Q9UKD2	Q9Y3B9	1
P34947	Q14974	1
Q9Y279	Q9ULH0	1
Q14152	P46781	1
Q14999	Q6DKI1	1
P58012	Q92621	1
P49770	Q9H4A3	1
P61289	Q15723	1
O95208	P04629	1
P15735	P43307	1
Q6ZW49	P30291	1
Q96KQ4	Q96QC0	1
Q6NXE6	P17987	1
Q8WXK4	P98175	1
Q9NYZ3	Q9Y4F3	1
Q96N21	Q9Y3C7	1
O95782	Q15311	1
Q14004	Q58FF6	1
P62750	P25398	1
P46934	P05161	1
Q8TAT6	P82933	1
P13569	Q9Y2H5	1
P61221	Q7Z4W1	1
Q6XE24	Q9NVS2	1
Q9H0A0	Q04637	1
Q15003	O43149	1
P45973	Q53HL2	1
P50222	Q9Y333	1
P63162	O43395	1
Q9Y2G2	P51587	1
Q9P127	P62805	1
P27694	P40938	1
Q9H2C0	P06748	1
P15104	Q9Y5B8	1
Q9NZN4	Q9H1K0	1
Q9Y5B0	Q71SY5	1
P63220	P18206	1
P24666	P24666	1
Q14CZ7	O00411	1
O96008	O94826	1
Q15022	Q92900	1
Q96CS3	Q9Y375	1
P04629	Q7Z736	1
Q9UK22	P55072	1
P62136	Q04912	1
Q93034	P62244	1
O43508	Q9Y275	1
Q8N4C6	O15145	1
P13929	O95295	1
Q8N0Z3	Q7Z4H7	1
P98179	P52815	1
O00257	P52739	1
Q92995	Q9BYC9	1
Q9NWU1	P05067	1
Q9NR45	P06730	1
Q9Y4U1	Q9H3L0	1
Q504Q3	Q6ZRP7	1
P23508	P30085	1
Q9UJV3	Q96IK5	1
Q96DB2	P30876	1
P43115	Q8TCG1	1
P46531	Q93009	1
Q15714	P04844	1
P42331	O94761	1
P54578	Q9H3U1	1
O43542	Q9Y6K0	1
P78317	P22314	1
Q9HCK5	P49411	1
P62750	P82664	1
Q9NRA8	Q00534	1
Q9NVP1	P62081	1
P05161	Q05639	1
P52298	Q9H814	1
Q96FW1	Q9Y237	1
Q16832	P12830	1
Q8TCJ0	P55209	1
Q9Y3E0	Q96N66	1
P02746	Q8IVL6	1
Q96GX1	O75787	1
P43351	Q92889	1
O00165	Q9ULQ1	1
Q9H5K3	O75197	1
O95714	Q92844	1
P62136	Q4G1C9	1
P46108	Q8WVB6	1
Q9NZC7	Q86W42	1
O00567	O00566	1
Q9C0B0	Q08752	1
Q12952	Q9NXE4	1
Q13084	Q8TCC3	1
P68400	Q8IYB3	1
Q96S44	P49411	1
Q16589	Q6PKG0	1
P08559	O00330	1
Q96FV9	Q9Y2W1	1
Q9BVS4	P62805	1
Q9HD33	Q9NQ50	1
O75665	O60826	1
Q9NPJ3	O75521	1
O75496	P20839	1
Q9GZR5	Q9GZR5	1
O14980	Q8IV48	1
Q13905	P62841	1
O43684	P61513	1
O75190	P22314	1
Q08AG7	Q9UGJ1	1
P04629	Q8WVT3	1
O75147	Q13573	1
P17980	Q96S59	1
Q15813	Q8N543	1
P52797	O95084	1
Q86X55	O14497	1
O15151	Q9Y620	1
P19320	P62306	1
Q9H0E2	Q9NVW2	1
Q9NQR4	O60313	1
Q8WWX0	P42704	1
Q9UKJ1	Q16363	1
Q6ICG8	Q6PI98	1
Q96AG4	P05067	1
Q49AN0	Q07666	1
Q9ULG1	P62805	1
Q16666	Q9P275	1
P36915	Q9UDV6	1
Q9BXS5	Q8NAP8	1
Q16822	P10809	1
P02760	P42336	1
O95749	O95749	1
Q13404	Q05086	1
Q14999	O15260	1
P50222	Q6P1K1	1
Q96E11	Q96EY8	1
Q96G27	Q9H6R6	1
P23246	P18583	1
Q9GZR7	Q9BVP2	1
Q5S007	Q96C19	1
P13569	Q9P055	1
Q9P0L0	Q03518	1
Q8IYB3	P39019	1
P41743	Q9NPH3	1
P61964	Q6PEV8	1
P63173	P19174	1
Q8IY92	Q9GZR7	1
Q9H0W5	Q9NRZ9	1
Q13573	P28340	1
Q9BXL5	Q9UHC1	1
Q13233	Q13404	1
P46940	Q92614	1
Q9BVS4	O95793	1
O43491	Q9BT78	1
Q15884	P36383	1
O95071	O95071	1
Q8TC44	Q3B820	1
Q9BZE0	P26368	1
Q8N4C6	Q8WX93	1
Q05639	Q99460	1
Q96H78	Q14847	1
Q16363	Q15417	1
P43115	Q96ER3	1
Q8NBB4	Q08378	1
O43390	Q6P2Q9	1
O14776	P42768	1
P46531	Q14527	1
P46777	P42766	1
A0JLT2	Q14980	1
O75818	P40938	1
Q03518	P27797	1
Q9Y262	P62269	1
Q15287	O43684	1
Q9HCE1	Q9BWL3	1
P49959	Q13387	1
P42858	O60293	1
P60033	P62277	1
Q92828	Q15796	1
P86479	P35711	1
P80370	Q6P0N0	1
Q9H9V9	P62805	1
Q12873	O14530	1
Q9Y2D5	Q9NWV8	1
Q9Y2T3	Q9BYZ2	1
Q15041	Q9NR28	1
Q13148	Q8WV99	1
P62273	P62753	1
P01137	Q15796	1
Q9BYV6	Q9NP98	1
P26006	Q16787	1
Q96CW1	O75052	1
Q96FV9	O43149	1
O95376	Q9BWX1	1
O43181	Q16795	1
P01106	Q8WUA4	1
Q13131	P83731	1
O95988	Q9BTT4	1
P62256	Q96DV4	1
P04183	P31150	1
Q9H3D4	Q16630	1
P82979	O43615	1
Q5VX71	O75197	1
O14544	Q86XK2	1
P50402	Q9ULW3	1
O95816	Q5S007	1
Q96EP5	Q6P587	1
Q14749	Q6UY14	1
O00165	O14980	1
Q8TCJ0	P17987	1
O43915	Q5T4S7	1
Q14197	Q96BP2	1
Q9Y546	O43776	1
O14732	Q9BY32	1
O14980	Q9BW71	1
O60341	P28331	1
Q9NRC8	Q92621	1
P18084	O15230	1
Q9Y4K3	Q9UHD8	1
Q9NRC8	Q6P2E9	1
P19438	P62249	1
Q14134	P62269	1
Q9NR12	Q9P0K7	1
O14867	Q86U42	1
Q16740	P12074	1
Q9HCE7	Q08211	1
Q12952	P04150	1
P04629	P48643	1
Q9C009	Q01826	1
P62841	P18077	1
Q7L3B6	Q9NZ09	1
P52961	P01127	1
O95793	Q99459	1
Q9BSJ2	Q08380	1
P78318	Q6YHU6	1
P26373	P46779	1
P63173	P62917	1
P09466	Q96JP5	1
Q96NL6	Q9HCU5	1
O95758	Q13617	1
Q9NV96	P07099	1
O43169	P99999	1
P08047	P47756	1
Q13573	Q8IWX8	1
Q96GX1	Q07065	1
Q9H9B1	P62851	1
Q5HYA8	O15173	1
Q504Q3	P62805	1
P32320	Q96B97	1
O95229	Q92841	1
Q9H0W5	Q9NTJ3	1
P04629	Q96PZ0	1
P13984	O94985	1
Q08379	Q8N5A5	1
Q9UKA2	O14967	1
Q9UNE7	Q13950	1
Q9Y2I6	Q14204	1
Q9NZE8	P05067	1
O60763	P98170	1
Q99590	Q6P582	1
Q86XR8	P62913	1
Q9BRZ2	Q8IUC6	1
P19338	P35269	1
P16109	P16109	1
O14964	Q96QK1	1
Q13501	Q9HC29	1
Q9NZC3	Q9UNN8	1
Q9H269	P49590	1
O95156	O60462	1
P02751	P68036	1
Q9NPJ6	Q13596	1
O96008	Q99623	1
Q7Z406	Q9UQN3	1
P62805	Q99614	1
O43889	Q12981	1
P04629	Q14980	1
P05067	Q9Y6V7	1
Q9BX67	Q05655	1
P03372	P26368	1
Q5SW96	Q9NXF7	1
Q15154	Q96A65	1
O75582	P62805	1
Q9Y253	Q93009	1
P62487	Q13724	1
P68400	Q6PD62	1
P46108	P17542	1
O75604	P50542	1
Q86UK5	P35610	1
Q9NYG5	O95997	1
P61964	Q9H0H5	1
O00716	P40939	1
Q5T3J3	P53602	1
Q6PKG0	P04275	1
P17980	P35250	1
Q9UGY1	Q13435	1
Q15047	Q9BXR0	1
P53805	P05067	1
P43119	Q5T2W1	1
P38606	P55060	1
P08913	P08913	1
Q13084	Q9H2W6	1
Q9BVS4	P11387	1
P54727	Q15008	1
Q6ZU80	O75746	1
P46379	Q96S82	1
P62913	P62917	1
Q01844	Q5H9F3	1
P02751	O76021	1
Q9BYG3	Q15361	1
Q9UKV3	Q9Y2W1	1
P27694	Q12905	1
P54136	Q92844	1
O14965	P49590	1
Q8NEM0	P51532	1
Q8WV24	P05067	1
Q9BWJ5	O75940	1
P12004	O75943	1
Q13895	Q9GZL7	1
Q12905	Q7L2E3	1
Q86UK7	Q86UK7	1
P05388	O00443	1
Q8NAP3	Q9NP64	1
P62899	P62081	1
P06748	P06400	1
Q9Y2L1	Q14974	1
Q99523	Q9H792	1
Q08AG7	Q5VWG9	1
P13569	Q02413	1
Q6RW13	Q969F0	1
Q16659	Q9HBU1	1
P16455	O76039	1
P62906	P26373	1
Q9ULC8	Q7Z6J0	1
Q9NYJ8	P78347	1
P13473	Q8N122	1
Q96GX1	Q70UQ0	1
Q9GZS1	Q7Z353	1
Q5QGZ9	Q5KU26	1
Q12888	O95613	1
Q08379	Q14964	1
Q8IYX4	Q9H074	1
P38936	P55055	1
Q96FW1	P51572	1
Q5T160	Q6UX71	1
Q9NVX0	Q4G176	1
Q9H0W5	P07196	1
O60547	P32929	1
P50402	Q07021	1
Q9BQ67	Q99558	1
Q9NP79	Q9NS73	1
Q13200	Q13200	1
Q15459	O75643	1
O75553	Q6DKI2	1
P03372	Q02543	1
Q9NVS9	P61604	1
Q15468	Q9BRR8	1
P35244	P32969	1
Q9UGU0	Q9H568	1
Q16719	O43765	1
P25788	O95561	1
O43318	P53041	1
Q12906	Q15005	1
O75604	Q8WY64	1
P56282	P14373	1
Q8N960	Q9UNY4	1
P13798	O95373	1
Q6PKG0	Q5QJE6	1
O14980	Q5VY09	1
Q9UNN5	P39656	1
Q99750	Q6P5X5	1
Q9BYG3	O43159	1
Q14999	P50402	1
Q15257	P78371	1
O95568	P54136	1
Q9NQ50	P40939	1
P15173	Q99081	1
P34969	P62805	1
O15530	Q9NX09	1
Q14197	Q9H7H0	1
Q96IR7	Q53S58	1
Q13233	Q9UL15	1
P40337	P37108	1
Q4V328	P42261	1
Q9Y2D8	Q9BT92	1
P17028	P61927	1
Q9BTT0	P01100	1
Q15038	Q9UJ41	1
O95274	Q92797	1
Q15796	O60313	1
Q9Y297	Q92890	1
P62829	P62910	1
Q9BUZ4	Q8N9N5	1
Q99459	P52732	1
Q15645	Q6PGP7	1
Q14999	Q92769	1
Q9Y3I0	P78527	1
P04629	Q8N1F7	1
P63279	P05067	1
Q8TAX7	O15230	1
Q13873	Q9UK05	1
P80370	Q86UT6	1
Q8N0Z3	Q9H6D7	1
P12757	Q13569	1
P86479	Q9BZS1	1
Q969V5	Q5VVX9	1
Q07020	Q13310	1
Q9H244	Q9H4A6	1
P17980	Q9NVF7	1
P55854	Q96GQ7	1
O15530	O14543	1
Q96GX1	Q8N6L1	1
P54253	Q96SI1	1
Q92611	Q8IWS0	1
Q96FJ0	A6NHT5	1
P03372	Q9UQE7	1
Q14203	Q5EBL8	1
Q6ZW49	Q9NRN7	1
P62906	P32969	1
P04629	Q15008	1
Q9BTA9	Q8WWB3	1
Q8WVE6	P50748	1
Q86X19	O95297	1
Q99871	Q9UEU0	1
Q9Y4K3	Q9UKD2	1
P13639	Q15056	1
Q7KZN9	O75380	1
Q12874	Q7Z2W7	1
Q9H204	P52435	1
Q13131	O95831	1
O75093	Q9Y6N7	1
O43390	Q8TAT6	1
Q96B97	Q14244	1
P24387	P47813	1
Q14999	P62805	1
O14980	Q14674	1
O43324	P46940	1
O14980	Q9UPU7	1
P04629	P62258	1
Q15543	Q15543	1
Q02363	P56945	1
Q9P0N5	O75787	1
P32249	Q9UI10	1
P42566	P21579	1
Q9HC77	Q8TDD1	1
O60683	Q13064	1
Q9NRF9	Q6PKG0	1
Q9BSB4	Q9P2J5	1
Q9BSJ8	A0FGR9	1
Q86YT6	Q16531	1
O94817	P26196	1
Q9H668	Q15648	1
P32321	Q99757	1
P25098	P46092	1
Q9UBD0	Q2TAC2	1
P04040	P51608	1
Q9BTE6	O14654	1
O94888	O95071	1
Q9BYC8	Q9BRJ2	1
Q9Y230	O43463	1
P02751	P46778	1
O15031	Q04912	1
Q9NZQ7	Q8WVM7	1
Q15022	O43175	1
P0CAP1	O14949	1
Q8N6T7	Q9H1A4	1
P12956	Q9NRL2	1
Q9Y2D5	Q92734	1
Q96EB6	P14635	1
P78330	O15294	1
Q00325	P51149	1
Q01664	Q9NZI7	1
P33991	O75419	1
P04150	P53041	1
Q9H2C0	Q15070	1
P13569	Q92598	1
Q16401	Q9BRP4	1
Q8TEW0	Q13480	1
P04216	P0C7T5	1
Q9BYN0	Q14166	1
P17948	O94964	1
P78317	Q9BWF2	1
Q9BX93	P05129	1
P24752	Q99720	1
P78362	Q9Y2W1	1
Q14999	Q12905	1
Q7Z7A1	Q9P1Y5	1
Q96NC0	Q9Y333	1
Q9ULZ3	Q9Y6K9	1
Q9BYG3	Q13823	1
Q9BYG3	P79522	1
O14561	Q5U5X0	1
O95568	P50991	1
Q15532	Q9H8M2	1
P08708	P62847	1
P11387	Q13428	1
Q9NV96	Q86X29	1
Q96HA8	Q9BXI3	1
P04629	P42338	1
P49418	Q15811	1
Q12967	P35222	1
P20749	Q9NQC7	1
O14980	O14746	1
O14980	Q5JTD0	1
P11310	P38606	1
O95758	Q8TDY2	1
O60308	Q07157	1
O43719	P00558	1
Q01844	P19532	1
P98174	Q9NVH2	1
P53350	P51608	1
Q9BVJ7	Q15390	1
Q92769	Q6PH81	1
Q12882	Q9BS40	1
Q01844	Q8IVM0	1
Q14457	P08709	1
P55072	Q6NYC8	1
Q14432	O75534	1
Q9H0W5	O43175	1
Q6ISU1	Q7Z4V5	1
Q53EL6	P68400	1
Q13620	Q99614	1
Q9H553	Q9UK41	1
Q9H9Y6	O15160	1
Q9NP66	O94880	1
Q5VYK3	Q5T4S7	1
Q9BT78	Q9NS73	1
Q96G01	O43747	1
P35244	Q9BRJ6	1
P30566	Q04864	1
P42345	P46777	1
P33992	Q14657	1
Q86XR8	Q9BQ67	1
Q12824	P24928	1
Q96BK5	P68036	1
Q9HCE1	P35222	1
Q6Y2X3	P30556	1
P62805	O75446	1
Q9NTI5	Q9NTI5	1
O95751	Q9P0N9	1
Q7L775	Q9NRG1	1
Q96A05	Q16864	1
Q9BWG6	O60493	1
P28331	O60313	1
P53539	Q14315	1
Q96S44	P83881	1
Q8WYA0	Q13099	1
Q96GG9	Q96GG9	1
P10809	Q9HCC0	1
P34897	P38646	1
Q9Y6K9	Q96F24	1
P55055	Q9H9A7	1
P51580	P05067	1
Q8N137	Q8TEP8	1
Q16186	P49720	1
P55809	P10809	1
Q9HCE1	Q15459	1
Q9NVS2	Q9HD33	1
P24863	Q96HR3	1
P55072	O95376	1
P01106	Q6UB35	1
P38646	Q13217	1
P42858	Q99714	1
Q9Y237	Q8IZU0	1
P33316	P33316	1
Q9H4L7	P20585	1
P42566	P49368	1
Q01844	Q86YZ3	1
O95251	P62805	1
Q9ULG1	P62805	1
O43909	Q9HAU0	1
O00165	Q9H115	1
O95619	Q8N8U2	1
P15927	Q9BSD7	1
Q13616	P62899	1
Q13616	Q9Y262	1
Q9H8V3	Q7Z7L1	1
P16112	P23142	1
Q9BYV6	Q9BZR9	1
P78347	Q14202	1
Q6UWW0	Q7Z333	1
P04629	Q93009	1
Q12981	Q12981	1
P30519	P06576	1
P36406	Q9H4K1	1
P29590	Q9UK99	1
Q8IY92	Q14145	1
Q96CW1	P0C7T5	1
Q9UM13	O00762	1
Q92633	Q86UP2	1
Q6NT76	Q3B820	1
P03372	P50991	1
P25098	O00574	1
P49917	P60900	1
P62306	P38432	1
Q9Y5U2	Q96EP0	1
Q8WXI9	Q86YP4	1
P20916	P05067	1
Q13620	Q9H211	1
Q9BV73	P25054	1
Q6W2J9	P15923	1
O00499	O60346	1
Q7Z7H8	Q9P015	1
Q9Y294	Q14566	1
O95619	Q8N1G0	1
Q9HCE7	P62753	1
P28799	P21980	1
Q12796	Q9H1D9	1
Q8N653	Q13111	1
Q6P1N9	Q8N806	1
Q9P015	Q9BQC6	1
Q10570	Q9Y5Q9	1
P30876	P57772	1
Q9P127	P62841	1
Q06203	Q16626	1
Q8N3V7	Q9Y6M4	1
P78395	P62805	1
P15927	O94906	1
Q9Y230	Q8IW40	1
Q92499	P61353	1
Q96P70	O95373	1
O95817	Q99618	1
Q16659	P14625	1
O14980	Q9UH36	1
Q96PZ0	Q9BU89	1
Q8IYB3	P62081	1
Q7Z6M1	P16435	1
Q9BXP5	P53396	1
P31751	O60504	1
Q9NS56	P46060	1
Q6P2Q9	Q15393	1
Q13618	A4D1P6	1
P01106	Q13137	1
Q9HAW0	O43264	1
Q9Y3C5	Q96FJ0	1
Q9BZE1	Q9NP92	1
Q8IZU1	Q6UX71	1
P15735	P62750	1
P78406	Q8IUR7	1
Q9Y3B2	P49458	1
Q6IN84	P47813	1
P04629	P55884	1
Q6ZU80	Q5VT06	1
Q6PKG0	Q9UKG1	1
Q01844	Q01081	1
Q04864	O14734	1
Q9H4L7	Q68CP9	1
P25054	P03905	1
O95817	Q13480	1
Q8N6T7	P15924	1
O75381	O00623	1
P49736	Q9UHV9	1
P16152	P52298	1
Q96S15	Q5VZM2	1
Q99523	P46087	1
Q92538	Q96PZ0	1
P04629	Q9Y2W1	1
Q86VU5	O75146	1
Q8NHQ8	Q9UID6	1
Q99848	Q9H6R4	1
Q99816	P23588	1
Q9Y4E5	P10275	1
O14980	Q9NWS0	1
P19532	P49321	1
Q99714	P31948	1
P49407	O75056	1
Q14974	Q9UQ84	1
P78395	P62805	1
Q504Q3	Q6N021	1
P18206	O43809	1
Q14847	P04792	1
Q96BD8	Q9UKK9	1
Q8NBB4	Q8NBB4	1
Q16531	O14776	1
Q99728	Q96B02	1
Q99459	P43243	1
P61964	Q16594	1
P04629	P09960	1
P61313	P62857	1
Q9H668	Q9NX70	1
Q9NXB0	Q9NVH1	1
Q14498	P13010	1
Q9Y4J8	P53992	1
Q9Y3E0	Q86UP2	1
Q9H3D4	P02763	1
O60832	Q9NY93	1
Q9UJV3	Q9NQL9	1
Q00653	Q15029	1
O75380	Q13423	1
P62805	P10155	1
Q9P0I2	Q5J8M3	1
P22674	Q16531	1
Q9C0F1	Q8IYX8	1
Q8WVZ9	Q5T8P6	1
P78367	Q96ST3	1
Q13616	P52272	1
Q07666	Q9UBN7	1
Q14974	Q9P0U3	1
Q96RR4	Q96RR4	1
P34947	Q9HCG8	1
P35573	P04040	1
Q6SZW1	Q86XR7	1
Q96CF2	Q8WUX9	1
Q9HCN4	O15294	1
Q8IWE4	Q93034	1
Q63ZY3	P06576	1
Q6R327	Q9Y603	1
Q8TAT6	Q6L8Q7	1
Q9Y3E0	Q99623	1
Q9HCS7	O60306	1
Q8IWV8	P62256	1
P20823	P30086	1
P62424	P60866	1
Q16666	Q9UIF9	1
Q9NWV8	O00232	1
Q13526	Q69YN4	1
Q8TBC5	P49917	1
P01375	Q5SZK8	1
Q92551	Q15024	1
Q13618	P62841	1
Q96RU2	Q969H0	1
Q14197	P82663	1
Q8TCT0	Q13123	1
Q9UKD2	Q9GZL7	1
Q969P0	Q9UNX3	1
Q5TDH0	Q9NX55	1
Q14197	P22033	1
O75603	Q96LI6	1
P13569	P31944	1
P40337	O75643	1
Q92542	Q9BV38	1
Q9NRL2	P62805	1
Q5SW79	Q9UGP4	1
P78334	Q9NR82	1
Q92833	Q92769	1
O95817	Q96NT1	1
Q9NRQ2	P23142	1
Q8TEB7	P62256	1
Q9UKX7	O60826	1
Q9Y2K1	Q15459	1
Q9H0W5	O14893	1
Q14999	P51991	1
P03372	Q9H7B4	1
Q9UBN7	Q14469	1
P15735	P62273	1
Q8WXF8	Q00534	1
Q6P2Q9	Q15459	1
Q96M32	Q6PJT7	1
P37837	Q96BY7	1
Q9BVC4	Q7Z333	1
O75147	Q9BXP5	1
P78545	P13804	1
O95793	Q13838	1
P60006	Q96DE5	1
Q13618	P35250	1
Q86X19	O60493	1
O14980	P49591	1
Q13868	O43663	1
P19532	Q13347	1
P13984	P13984	1
P85037	Q9H7L9	1
P16152	A2RUS2	1
Q9UI09	O95182	1
P06734	P19838	1
Q13190	Q0VG06	1
P04114	Q86TM6	1
Q86X55	Q14814	1
Q969M3	Q15758	1
Q93009	Q9Y5K8	1
Q6NYC1	Q6NYC1	1
Q9UBW8	P05814	1
Q5VVX9	P14373	1
Q4V328	Q4V328	1
P61964	Q9NXF1	1
Q92611	Q8WXI9	1
Q04656	Q8N668	1
P19387	Q96CB8	1
Q7L190	P10909	1
P50613	P05067	1
Q92901	P26373	1
P86479	P86479	1
Q6ZN17	Q9H814	1
Q9NVV9	Q9BRJ6	1
O60216	Q16531	1
P15822	Q96HP8	1
Q9C0B0	P19338	1
Q9H0B6	Q9Y399	1
P23246	P23246	1
Q9BT88	Q9C0C9	1
P09001	Q9Y6G3	1
P25705	O75947	1
Q9NY27	O60888	1
O15360	Q9Y5X9	1
Q86UR5	Q15796	1
P46778	P15880	1
Q13635	Q9NX62	1
O95714	P45880	1
Q9Y5S9	Q96GM8	1
O75147	Q13523	1
Q13418	Q9Y285	1
O75365	Q9UBS4	1
P61244	P39880	1
O95433	P33993	1
Q86TG7	O15078	1
O43586	P05408	1
P38919	P52272	1
Q8NE71	P05067	1
P49411	Q02878	1
Q9C005	P49790	1
O14976	Q9UK73	1
P17947	Q9H3N1	1
P04629	P62277	1
Q9UPV0	O75190	1
P50613	Q58FG1	1
O95071	Q969T4	1
P09012	P35269	1
Q9HCE1	Q8TEY5	1
P06127	Q8NEB9	1
Q8TEK3	Q99848	1
P55854	Q8IWI9	1
O43614	P41217	1
P55769	O76021	1
P49137	Q13263	1
P49736	Q02413	1
Q14457	P78527	1
Q9H081	Q8WWK9	1
Q02878	Q71UM5	1
Q9H0B6	Q9P270	1
Q9BZS1	Q86T24	1
Q13618	Q93009	1
Q6NT76	Q8NE31	1
P01106	Q6ZMR5	1
Q96C86	P08559	1
O95751	Q8N5A5	1
Q8TBB1	P53355	1
Q9Y2X9	Q01860	1
Q9P0N5	Q5VW38	1
Q9UQE7	O00267	1
P55771	Q15466	1
P62805	O15355	1
Q504Q3	P09496	1
P33992	O43390	1
P62805	Q13616	1
P40337	Q96EB6	1
Q9UJZ1	P05067	1
Q11206	Q9NX62	1
Q07812	P50454	1
P15559	Q16236	1
P62805	O75446	1
Q9UKD2	Q9BSC4	1
P56556	P03891	1
O60939	Q96JB2	1
Q6NUS6	Q8TAD4	1
P78362	Q15652	1
Q9BWG6	Q8TD10	1
P46531	P35222	1
Q96B26	P26651	1
P78362	P06746	1
Q00987	P25787	1
Q9H2D1	Q9NPD8	1
P32519	Q6PKG0	1
P37837	P12270	1
Q9Y3B2	P49458	1
Q00987	P51659	1
P10912	Q12913	1
Q8N5Y2	P62805	1
Q13618	Q969G3	1
Q92794	O94880	1
P43307	P08574	1
O75665	Q96LB3	1
O14810	Q92945	1
Q8NHH9	Q9Y2U9	1
P55317	Q01826	1
P06400	Q5GLZ8	1
O43805	Q8N8B7	1
Q8N4C6	Q07157	1
P82933	P28062	1
P32320	O60220	1
Q8IV13	Q6PEX3	1
Q86WU2	P62888	1
P28222	P28222	1
Q9C029	Q03933	1
Q9NWV8	Q8NBU5	1
O00214	O15439	1
P04629	P38646	1
P17931	P11279	1
Q9NX58	Q13610	1
P62249	Q92901	1
P55055	Q96EB6	1
Q9H2G9	Q9BXY8	1
Q96D46	P31150	1
Q8N157	O15259	1
Q00537	Q9NPE3	1
P19438	P42575	1
P20333	O95373	1
Q9BZW8	O15357	1
O95749	Q9NZB2	1
O43889	O43169	1
Q9H8G2	O95251	1
Q9BQA5	O43257	1
P42331	P14373	1
P24539	Q02880	1
P68400	Q16204	1
Q9UBK7	Q9H2G2	1
P02751	O15371	1
P09496	Q15796	1
P35052	P05067	1
P18509	P17707	1
Q12952	Q9NUQ8	1
Q9UNH7	Q15631	1
O15062	O15156	1
P30050	Q9Y6E0	1
Q96G27	Q9Y297	1
Q5S007	O14579	1
P25398	P18077	1
O75956	Q9ULV5	1
Q9Y282	Q9BX95	1
Q8IUH5	Q96DT5	1
O94766	Q99442	1
P27708	P41252	1
P09529	P05111	1
Q6UVJ0	O43303	1
P60174	O43390	1
Q96EP5	O00625	1
Q86WV1	Q8NEY8	1
P10070	P19838	1
Q92905	O43491	1
O14576	Q8NFZ8	1
Q9NX55	O75312	1
P17931	Q86YZ3	1
Q96EP5	Q9HC38	1
P42336	Q8NG11	1
Q14696	P28066	1
P25311	P25311	1
Q86TG7	Q9BUJ2	1
Q16666	P07305	1
P62805	Q13416	1
Q9UPS6	Q8IXZ2	1
Q96DB2	Q03701	1
O95758	Q08945	1
Q04741	Q9UNN4	1
Q02790	Q9Y3D8	1
P61201	Q16401	1
P60484	P31948	1
Q68CZ1	Q9P0I2	1
O43318	Q15038	1
Q9NR96	P51617	1
P49736	Q7Z739	1
Q92547	P62805	1
Q9H1A4	O95997	1
Q9Y6G3	Q9BYN8	1
Q9Y282	Q8WUK0	1
Q14847	Q9NVV9	1
P38936	Q4VCS5	1
Q13618	P26373	1
Q9UHB6	O15143	1
Q6ZMK1	Q9H0E2	1
Q9UJA5	Q03014	1
Q13616	P25786	1
Q92567	P86479	1
P13797	Q9NWX6	1
P55854	Q15738	1
P54727	P62306	1
Q16643	Q9Y4I1	1
Q7L2Z9	P62805	1
P49736	Q66LE6	1
Q9Y620	Q14191	1
Q9UHK0	Q9P0M6	1
Q9BY44	P62273	1
O43541	P56545	1
Q14999	O43175	1
Q9Y2J2	Q9UKV3	1
Q9HCE1	P31949	1
Q15006	Q9Y2X0	1
Q9Y664	Q9H9T3	1
Q9UJW3	P62805	1
Q13404	O95155	1
P57772	Q15029	1
P25440	O75528	1
P58753	P12004	1
Q14254	O95563	1
Q92830	Q15185	1
Q13405	Q53S58	1
O75469	P55854	1
Q96AJ1	Q9BSW2	1
P00540	Q8WXE1	1
Q9UJ70	P52788	1
O60911	P40692	1
P0CAP1	Q86VK4	1
Q99816	Q8N0S2	1
Q96MT8	Q9UPN3	1
Q9UBK5	P42336	1
Q9Y6K9	P61247	1
O00716	P33991	1
O43918	Q92841	1
Q6P1W5	Q96NJ5	1
O95721	O95721	1
Q02790	Q9UK45	1
P02545	O00267	1
P40429	P18621	1
Q8WUH1	Q96C00	1
Q96S44	O14545	1
Q13616	Q9BT73	1
Q93009	Q16643	1
P05060	P05067	1
P30291	Q8N2Y8	1
P20333	Q3ZCQ8	1
Q13573	O15042	1
P62310	Q9BRX9	1
Q14197	P24539	1
P17931	Q96RQ3	1
Q14764	Q13137	1
Q7LGA3	Q9NUY8	1
O14965	Q9HCJ0	1
Q92633	Q9H2C2	1
O75496	P31260	1
Q92889	O15360	1
P01106	Q15631	1
O00602	Q9HCM3	1
Q13618	P17812	1
P05161	Q8NFH3	1
Q86XA0	O60613	1
P15927	O43795	1
P24046	A0PJY2	1
Q86Y78	P50570	1
P04629	Q13123	1
P04629	P11310	1
Q8NDT2	Q86V81	1
P53350	Q96M86	1
Q13129	P26641	1
Q15637	Q8IWZ8	1
Q8IZD9	Q14511	1
Q9NPJ6	P42356	1
P01042	Q92791	1
O00257	P34741	1
Q68CZ1	Q6P2H3	1
O00472	Q14156	1
P56945	P98161	1
O95274	Q96AA3	1
Q9HCE1	Q9Y3D9	1
P55795	Q9BVN2	1
Q9Y3C5	Q13546	1
P61513	P62263	1
P45973	Q3ZCQ8	1
O60687	P14210	1
Q96GX1	Q96KA5	1
P19838	P27708	1
O75531	Q9BZE9	1
O95600	P05067	1
P04629	Q93100	1
Q9HCE1	P38646	1
Q9Y4P8	P50570	1
P82675	P18621	1
Q9Y258	P51685	1
Q9H7V2	Q969F0	1
Q96CV9	P02794	1
P56556	O14561	1
O95503	Q12905	1
Q9HC52	Q86V81	1
P46531	P33992	1
O14980	Q99759	1
Q01105	Q01105	1
O00716	Q9Y3T9	1
O60566	P49736	1
Q9NV96	Q96S06	1
O00165	P55290	1
Q9Y3D6	O43889	1
Q00403	Q96DA0	1
Q96CS3	Q9P035	1
Q96PZ0	Q9Y5S9	1
P62805	P62805	1
P01100	P08708	1
P04629	P63162	1
Q9Y5P6	O75083	1
Q9ULZ3	P29590	1
P86479	Q9NVV9	1
P30084	P37837	1
Q92993	P63279	1
Q9UJV9	Q9ULR0	1
Q9Y5U2	Q9ULR0	1
Q9GZZ9	P62857	1
P61513	Q02878	1
P62424	P63220	1
P04629	Q15031	1
P21980	Q13501	1
Q9NXC2	Q9BZG8	1
O43493	Q9NU22	1
Q9GZT9	O14939	1
Q9H0W5	P61247	1
Q68E01	Q92610	1
O60939	Q5VW36	1
Q96FW1	P19623	1
P22061	P23919	1
P55317	Q9NZI7	1
Q7Z4W1	P78560	1
O75787	Q6IAA8	1
P37173	P05067	1
P52732	Q86V48	1
P01106	P50454	1
P08865	Q9NV31	1
O75182	Q9Y4Z0	1
Q9UHX1	Q9HAU5	1
Q8N490	Q96EK5	1
P42858	Q13561	1
Q7Z6Z7	O60762	1
Q15818	Q15818	1
P78527	P42345	1
P15735	Q8IXI1	1
Q8NAP8	Q8NAP8	1
Q9Y4A5	O60244	1
O94875	A5D8V6	1
Q9Y3Q8	O15460	1
Q7L5N1	Q92673	1
O60832	P37108	1
Q15633	Q9Y6K9	1
P15924	P04004	1
Q9UPN3	Q9Y4D7	1
Q9NQL2	Q13526	1
O00626	P78423	1
Q9P000	Q9Y6G5	1
O60308	P30566	1
Q9BV86	P18754	1
Q9H3D4	P46379	1
P55212	Q7L5N1	1
Q9BUZ4	Q5VU43	1
P78362	Q8IYL3	1
Q969Q6	Q96DZ9	1
Q9ULW5	P05067	1
P21860	P55795	1
Q14134	P62805	1
Q9Y5U2	O60508	1
Q9NYK5	Q9HD33	1
O75533	P10646	1
Q96MF7	Q96RU2	1
Q9Y240	O43567	1
Q16659	P01308	1
P38606	P13473	1
P31785	O14508	1
Q9NZN4	P50990	1
P06213	O75382	1
Q9H469	P67870	1
Q9NPJ6	Q9Y2X7	1
Q9H2F9	P49454	1
Q8N6T3	P02649	1
P24752	Q92547	1
O75530	P26196	1
P35228	Q9UNE7	1
Q8WTT0	P30273	1
Q8NGJ1	P05067	1
Q5T7W7	P25054	1
P55212	Q9Y6K9	1
Q9NYW3	Q8TDZ2	1
Q5T3J3	Q13112	1
Q9H0W5	P98172	1
Q14203	Q9NZ32	1
Q8NBB4	Q96JS3	1
P49356	Q12815	1
O00418	P25205	1
Q13616	P49406	1
P35240	O60341	1
P61218	Q9H2D6	1
P16066	P01160	1
P15313	Q9NZZ3	1
O75533	O43660	1
Q7L2E3	Q15417	1
P38398	Q9BUQ8	1
Q00987	Q13162	1
Q9HCE1	Q9NVR7	1
Q13309	Q13315	1
Q9BQ95	P28331	1
Q05639	P30613	1
P50914	P42696	1
Q92542	Q96PZ2	1
O15259	Q00610	1
A5D8V6	P05067	1
P38398	O75952	1
Q9P2R7	Q15041	1
Q14008	P08708	1
Q8TCJ0	Q6WCQ1	1
P33151	Q07157	1
P26012	Q92752	1
O95785	Q8WWY3	1
Q9P206	Q8N474	1
Q6ZW49	P49756	1
Q9UBN7	Q3ZCQ8	1
Q9UJX2	Q9Y5R4	1
Q9H7B4	P25208	1
Q15124	O95394	1
P24752	Q16531	1
Q13616	Q12849	1
P84098	Q15046	1
P15927	Q5T1M5	1
Q14CZ7	O76031	1
P15735	Q99623	1
Q9NZC7	Q8IY63	1
Q1MSJ5	Q9P2N7	1
O95600	O14980	1
Q99728	P14859	1
P06748	Q01780	1
O00217	P49768	1
P86479	P86479	1
Q9Y2M0	Q14974	1
Q16637	Q2QGD7	1
Q86Y39	Q96TA2	1
Q96IQ7	Q9C0E2	1
A8MVW5	O14763	1
P36578	Q15185	1
P67870	P11926	1
O15205	Q5VWZ2	1
Q6NUS6	P51572	1
P68400	Q9C0C2	1
Q13617	P61313	1
Q13148	P48634	1
O15156	O15156	1
Q16666	Q12899	1
Q9NPJ6	Q9NZL4	1
Q9Y2I6	Q9H425	1
P60900	Q969U7	1
Q96S82	P01730	1
Q8WTS6	P10275	1
Q9UPQ9	Q8NFF5	1
Q96DB2	Q92522	1
Q5BJF6	Q8TCU4	1
Q96FW1	Q99426	1
O75170	Q9Y266	1
Q9NSC5	Q9NYB9	1
P02655	P02655	1
O15156	O15156	1
P26641	Q86WJ1	1
P55345	P0CG47	1
Q9HCE1	Q9HC21	1
P78362	Q6PB30	1
Q8N1N5	P03372	1
Q6P9F5	Q9Y6K9	1
P43026	P43026	1
Q9ULK4	Q71F56	1
Q15828	P01137	1
O15357	P05388	1
Q6ZNA4	Q9BZR9	1
Q8WUY3	Q9UBQ5	1
Q9HCE1	Q9NZD8	1
Q96EY7	Q9Y676	1
Q9UHA4	O96008	1
Q9UH92	Q9UHR5	1
Q969P0	Q0VDD8	1
Q16790	Q9UBB4	1
O43396	Q9Y5T5	1
P54727	P30566	1
Q14781	Q8IYB7	1
Q9UMS4	Q9Y5K5	1
Q96FW1	P30041	1
Q13616	P62841	1
P67870	Q9UIL8	1
Q9UBQ0	Q86VN1	1
Q8NEM0	Q92887	1
Q99747	Q8WU76	1
P27694	P51572	1
Q08211	Q9UQ35	1
Q00987	P06396	1
P04792	Q14566	1
P04040	P84996	1
O00443	Q02790	1
P02545	Q9P0U3	1
Q15363	P25116	1
P52788	Q8WUF5	1
P86479	Q96K80	1
O75554	Q15427	1
Q8N565	Q58FF6	1
O43493	Q9BW27	1
Q16637	P08138	1
Q68DK7	O94868	1
P67870	P30291	1
P02545	Q9UBB9	1
Q86UX2	O75330	1
P19320	Q14697	1
Q9GZL7	Q8IZ73	1
Q6PFW1	Q14653	1
O60315	P0DPB3	1
Q7Z4S6	Q96K58	1
Q9ULI3	P26641	1
O75604	Q9HCM9	1
P23352	P09038	1
Q96EV8	O00471	1
Q96HA9	Q96HA9	1
Q13418	O14654	1
P53007	P18206	1
P09110	Q8IUR0	1
Q9UKY7	O95182	1
Q16513	Q9H3P7	1
P61421	P04843	1
Q5JR59	Q8TBB1	1
Q8IYR6	P98194	1
Q86WV1	Q12789	1
O15547	P33151	1
Q9UJT9	Q8TAF3	1
P46782	P43246	1
Q13617	Q9C026	1
P62805	P62805	1
Q68CZ1	P47755	1
O75695	Q12788	1
Q9H171	O60341	1
O00165	P0DPB6	1
Q9Y282	Q02338	1
O15360	Q9Y5A7	1
Q13415	Q8TEK3	1
Q00987	Q9Y6X8	1
Q96T76	O60841	1
P30050	P23396	1
Q92918	P63208	1
P46108	O95782	1
Q9GZM8	Q8NF91	1
P01106	B2RTY4	1
O43638	Q9UJX3	1
Q7Z7A1	Q96A65	1
O95433	P41252	1
P15692	P09619	1
Q15714	Q9HB58	1
P24863	P50991	1
P24863	Q9Y3C7	1
O75530	P78527	1
O75665	P46940	1
P36941	Q9UL54	1
O75832	P48556	1
Q92614	Q13561	1
P49790	Q9BW19	1
P02771	P98170	1
P01106	Q9UQ13	1
Q12906	P52815	1
O43809	P21246	1
Q99590	Q08AG7	1
Q9Y572	O43795	1
P27708	P51532	1
P55072	P51398	1
Q92636	P17987	1
O95561	Q9UGP4	1
P02751	Q14204	1
P43115	Q15287	1
Q7L2Z9	P62249	1
Q7L190	Q9BYJ1	1
Q8N0U7	P05067	1
P53041	P05067	1
Q9UGM1	Q9Y5W7	1
O00422	A0JLT2	1
Q9NSD7	P05067	1
O00499	Q02878	1
O43678	Q9BQ15	1
P01106	P19447	1
P11310	P11310	1
Q9BV73	Q96PK6	1
Q7Z4K8	Q5VVX9	1
Q969H0	P24863	1
P38646	Q9Y6R7	1
Q8WXB1	Q8WXB1	1
P55769	P04004	1
Q86VQ0	Q6Q0C0	1
P05161	P22083	1
Q92830	Q15393	1
A2VEC9	Q96L91	1
O60663	A5A3E0	1
P62191	P49720	1
Q96DU3	Q96DU3	1
Q9NR33	Q9ULR0	1
Q96ES7	Q9NPA8	1
Q9NVR5	Q01814	1
Q96Q11	Q15813	1
Q9HCE1	Q9BVK6	1
P55735	Q96EA4	1
P78527	Q9P016	1
O75752	Q13228	1
O43542	Q96QC0	1
O00189	Q8WVM0	1
O43524	P00558	1
P03372	P04075	1
O15371	P46781	1
Q15596	O95071	1
Q99598	Q15024	1
P15927	Q14669	1
Q9BW61	P55010	1
O43823	P0DPB3	1
P42356	O00443	1
Q96T58	P07738	1
Q92667	Q14008	1
Q9UQ35	P58107	1
Q15008	Q15386	1
Q13620	P05388	1
Q9NVX0	O60524	1
P22102	Q15637	1
Q66GS9	Q9H6D7	1
P11532	Q09666	1
P50542	Q6QHF9	1
P19838	P26640	1
O15027	P20839	1
Q9UBN7	Q14203	1
O95817	O14818	1
Q15811	Q9P0K7	1
P31948	P13929	1
O14980	P14324	1
Q12888	P53999	1
Q9C0F1	Q8N7W2	1
Q86V42	Q8NBZ0	1
Q9P035	Q9Y6E2	1
Q96S44	Q13263	1
P15822	Q7Z2E3	1
P62258	O43318	1
P25788	P18615	1
Q13438	Q9Y4L1	1
Q96PM5	Q6ZMB5	1
Q13501	P42229	1
A8MW92	Q12873	1
Q9NPH2	P48147	1
O94986	Q9UHD2	1
Q8IY92	P68400	1
Q9H0W5	O00161	1
Q86WV1	Q9UJA3	1
O60739	Q9Y5K5	1
Q12905	Q9UMX5	1
P62191	Q6PKG0	1
Q9Y4K3	P42704	1
O15335	P17301	1
Q13148	O75643	1
Q09161	Q8IXH7	1
Q16576	Q9H0W5	1
P40337	O15226	1
O14936	Q9Y4X5	1
P47755	Q14247	1
P47914	P61247	1
P01106	Q9NSV4	1
Q12894	P05067	1
P27701	P26006	1
P61964	Q53EZ4	1
Q99757	Q9NS69	1
O75431	Q8N960	1
Q9H1C4	Q96KA5	1
Q9HBV2	Q93075	1
Q53RD9	P54105	1
O14980	Q9BQK8	1
P57740	Q5SRE5	1
P01106	P40938	1
Q7KZF4	P45880	1
P12004	Q96FC9	1
O60826	O95456	1
Q16543	P42684	1
Q567U6	Q9NX08	1
Q16659	Q8NCW5	1
P15336	P55084	1
O75477	Q96IW7	1
O96019	Q9HAF1	1
P38936	P13196	1
O60832	P68400	1
Q9Y6E7	Q96RQ3	1
P37231	P51784	1
Q9NRL3	P49368	1
Q14999	Q8N1F7	1
Q92620	P53621	1
P42858	Q9H2U2	1
Q9BQA1	Q96GM8	1
Q9NR56	P61978	1
Q14151	O75376	1
Q13617	O95429	1
O75147	Q14151	1
P15927	P05067	1
Q13064	Q86Y13	1
Q9HB40	P62258	1
Q9Y5U2	Q69YN2	1
P15923	O75486	1
O14980	Q92599	1
Q9H2D1	Q15126	1
P01106	Q5VT52	1
P42356	Q9NQ66	1
Q96KB5	P62805	1
Q9HA64	Q9GZZ8	1
Q9NXK8	Q8NF50	1
Q92905	Q6PML9	1
P25963	Q96FW1	1
Q92905	Q9UG01	1
O15205	P46379	1
Q96CD2	Q8N9Q2	1
P49450	Q76FK4	1
Q92633	P0CG08	1
Q9UPM9	P50990	1
Q6R327	P68363	1
Q00610	P39656	1
Q9P0J7	P35658	1
Q9NPF4	P25208	1
Q07021	Q15021	1
P15104	Q7Z6E9	1
Q9NZC7	P30044	1
Q9BYD2	Q7Z2W9	1
P50914	Q9BQG0	1
Q9UMS4	O75533	1
O75683	Q15050	1
Q8IWF2	P78527	1
P47897	Q9NXH9	1
Q14999	Q14789	1
O00625	Q96S82	1
Q16082	Q5TEJ8	1
Q8N4C6	Q15051	1
Q9UN42	Q86UD1	1
Q9Y223	Q15042	1
Q9BWH6	Q9HCN4	1
Q5S007	Q9ULZ0	1
Q9NZ43	P05067	1
Q99459	O43823	1
Q9UBU8	Q7Z589	1
P19387	P11487	1
Q15022	P09012	1
O94925	O94925	1
Q92905	P62081	1
O15013	Q14997	1
Q9HCE1	Q8NCD3	1
Q8IUH5	Q13113	1
Q504Q3	O60237	1
Q14562	P61313	1
P78362	Q86WJ1	1
Q9H0W5	P02545	1
Q13620	Q12905	1
Q5TBB1	Q9UHD9	1
Q03431	P35610	1
Q9NY35	P36894	1
O43678	P05067	1
P02751	P10276	1
P19838	P42704	1
Q86XP3	Q9Y3U8	1
Q7L5N1	Q5H9S7	1
Q86X19	P30519	1
Q9UBB9	Q9UHR5	1
Q9H4B6	Q8WXW3	1
Q13573	P62136	1
O75691	Q9H6R4	1
P18754	Q99832	1
P61604	P49368	1
Q07666	Q96PC5	1
P04629	Q9Y6A5	1
P23508	Q9UBT2	1
O75530	Q15459	1
P04844	Q06136	1
P12004	O15360	1
Q13523	O43809	1
P62899	P24821	1
Q4LDE5	O95405	1
P78318	Q8ND24	1
Q86YN1	Q6MZM0	1
Q86XR8	P62258	1
Q9UQL6	P40926	1
P03372	Q9NRW7	1
O76003	Q9BZZ5	1
Q13573	Q9NTJ3	1
P10244	Q9Y618	1
Q16531	Q16531	1
Q6NUQ1	Q9H788	1
P23508	Q96T76	1
P09622	O94952	1
P04629	Q92598	1
Q9BVS4	P14868	1
Q96CS3	Q9H936	1
Q86T24	Q86T24	1
O75147	Q6UN15	1
P53611	Q7Z6K3	1
P23508	P41227	1
Q13191	P42701	1
Q9P0N5	Q9Y219	1
Q9BPZ7	Q96B36	1
Q16540	P82933	1
P81274	Q15361	1
P07358	P07357	1
Q6PD62	Q9GZM8	1
Q9H0W5	P50995	1
P40337	P05388	1
Q16543	P05455	1
O14980	Q9H6D7	1
Q7L2Z9	O60341	1
O60493	Q04837	1
Q9Y5J5	P04629	1
O95456	O14818	1
Q86VU5	Q9NRY2	1
O00487	Q9UHR4	1
Q9HCE7	Q9Y6Y0	1
P25788	P31948	1
Q9NX55	Q12873	1
P15927	P15924	1
O75832	O43639	1
Q9H0H5	Q9H0H5	1
P54105	P31939	1
Q9NRC8	P62753	1
P03372	P82914	1
Q12952	Q8IZ69	1
Q0VG06	Q00597	1
Q12933	O76041	1
P01106	Q13485	1
P04629	P61221	1
P01106	Q9UNE7	1
Q15038	Q9Y6I3	1
Q9H244	P24539	1
Q9ULU8	O00499	1
Q9NR12	Q15149	1
Q9Y572	P06737	1
P51685	O00574	1
P55851	Q9UBG3	1
P49720	Q9BT73	1
Q9UGM1	Q5HYJ3	1
Q9NPJ6	P17707	1
Q9UHW5	P05423	1
Q99549	Q9HCD5	1
Q9UP83	P25054	1
O60216	Q14207	1
Q15042	Q9BSV6	1
Q9NZ81	Q08AM6	1
Q12906	P62249	1
Q9Y5B9	P55209	1
P04629	P33121	1
Q00987	P11310	1
P04629	Q9UJ41	1
Q86UV5	Q9Y6G9	1
Q9Y3E0	O75438	1
Q8N5N7	Q7Z2W9	1
O95817	P15880	1
O15205	Q9Y285	1
Q9NQW6	P98082	1
P17861	O14818	1
O75665	Q9Y266	1
Q86Y82	Q9UHD2	1
P63162	Q9P2D0	1
Q13387	Q5S007	1
P55072	Q8N668	1
O14777	Q9GZM8	1
Q9HAW0	O15260	1
O15121	P60228	1
Q92905	Q9Y2D5	1
Q9UJV3	Q5SQN1	1
Q13404	Q9C0C9	1
Q9UNL4	Q99848	1
Q6PD62	Q14738	1
O95503	Q12830	1
P11310	Q06210	1
Q8N3V7	Q14315	1
O95274	Q13395	1
P85299	Q8WWY3	1
O15439	Q96L92	1
O94992	Q05639	1
Q9HC98	Q86XI2	1
P19388	P0DPB6	1
Q9HAU5	Q8N5A5	1
P49639	O00560	1
Q504Q3	P50402	1
P38432	Q96RS0	1
Q15022	P55081	1
Q9HAT2	Q6UVY6	1
O15205	P23246	1
Q13618	Q8WWM7	1
P19532	P25788	1
O75496	Q7KZ85	1
Q9BRA0	Q9UK45	1
P62805	Q8WXX5	1
Q9H0W5	Q8WVX9	1
Q7Z6V5	P05067	1
P46934	P37231	1
P20036	Q13459	1
Q9UIF9	P62805	1
Q14999	O43390	1
Q6NUS6	Q9NRK6	1
P42704	P49257	1
P43246	P62847	1
Q8IY92	Q06190	1
P62913	P42766	1
P86479	Q14511	1
Q16531	Q9NQC3	1
Q9BVG8	Q96BZ8	1
Q9NR96	Q9H0E2	1
P15313	P53990	1
Q9UBW8	Q15139	1
P51532	Q8IZQ8	1
Q01844	P01871	1
P56945	P43405	1
Q8IYR6	Q12913	1
P19387	Q6P2C8	1
O75530	Q8WXI9	1
O14980	P37231	1
P49917	Q86WX3	1
O76038	Q12846	1
P40337	P62805	1
P68400	Q9NQB0	1
Q96HE9	O95625	1
Q16740	Q9Y2S7	1
Q96M32	Q9H3R2	1
Q9UBS4	P11117	1
P04629	Q14004	1
Q00987	Q96C36	1
O43889	O95139	1
Q9P0K8	P28370	1
Q9NWV8	P46459	1
Q9BV73	P62917	1
P27695	P27695	1
P57764	Q8NC69	1
P38919	Q14739	1
Q01844	P49006	1
Q9P0P0	Q13490	1
Q9P0N5	P49006	1
P00540	Q99614	1
Q00653	P54136	1
Q13616	P28066	1
O43847	P62851	1
P46379	P49643	1
Q9NQC3	Q07157	1
P07998	P07998	1
P15927	P29372	1
P40939	Q00653	1
P04629	P18074	1
Q13620	Q96EP5	1
P46778	P32969	1
O95619	Q8TEK3	1
O75663	Q8NDH3	1
Q96MW7	Q8IUH5	1
P54105	Q93052	1
Q9BSG5	Q14393	1
Q14676	P19387	1
P24752	P09622	1
Q7L014	P54317	1
P34897	Q8NHH1	1
Q99757	Q9H0F6	1
Q6ZYL4	Q14643	1
Q13286	P45880	1
Q9UHV9	O14802	1
P54105	Q04323	1
Q504Q3	Q96DG6	1
Q14197	P62841	1
Q8IXQ6	P09874	1
Q93034	P62906	1
P62917	Q9H6F5	1
O14980	O95197	1
Q9H0W5	P49916	1
Q9H944	Q9BRS2	1
Q00987	O00116	1
Q9Y4A5	P38936	1
P40337	P62805	1
Q96KP6	P23378	1
Q99519	P22459	1
P55072	Q92974	1
O14862	Q86T24	1
O15205	Q14254	1
Q9BZW8	Q9Y6A1	1
P27695	P30041	1
Q567U6	O94822	1
O00292	Q13387	1
Q5M775	Q12933	1
Q5TEU4	O43543	1
Q9Y570	P25205	1
Q02252	Q5TGI0	1
Q9Y5K5	P02794	1
Q96FF9	Q8IV48	1
Q9Y3C5	Q9C0C9	1
Q9BVS4	P41252	1
Q96RE7	O14682	1
P23588	P04792	1
Q7L2J0	Q13868	1
O75815	Q9GZV8	1
P46934	A0MZ66	1
P23508	Q8IYT4	1
O95059	P06576	1
O75478	P55884	1
Q9UBN7	P11182	1
O94868	P78371	1
P55769	O75494	1
P49407	Q9ULI4	1
Q2Q1W2	Q9UPY3	1
Q96SB8	Q9H061	1
Q9BVN2	Q8IZU0	1
P02751	P39748	1
O75503	Q13438	1
Q9NXV6	Q8WUX2	1
O75478	Q93074	1
Q9ULM3	P51610	1
Q96LA8	Q8WXG6	1
O14980	Q86TB9	1
Q9Y2X3	O43290	1
P38919	O43660	1
Q13286	O75964	1
Q96PZ0	Q04637	1
O75940	Q9BTD8	1
Q99459	Q8WWH5	1
Q9H0R8	Q9UM22	1
O95299	Q8TB22	1
P20674	P08574	1
Q8TAT5	Q13435	1
P06730	Q15382	1
O00560	Q96EV8	1
Q5JTV8	Q9H792	1
P61313	P36578	1
Q8TCJ0	Q13045	1
P06748	Q96EL3	1
Q92905	P78396	1
Q9Y2I8	P40227	1
Q9Y383	P49589	1
Q8N490	Q3T8J9	1
Q5SW79	Q9BV40	1
P38398	P62081	1
P49736	P49448	1
O43318	P62805	1
Q9NRC8	P46778	1
Q10589	Q10589	1
P25490	Q92504	1
P62805	P09874	1
Q8NCN4	Q9Y263	1
O95433	Q92888	1
P15735	O43823	1
P25786	Q9NPD3	1
Q96GX1	Q86UL3	1
Q9NVM4	P62805	1
Q99714	O95455	1
P82675	P82673	1
Q05655	Q16543	1
Q9H2C0	Q7Z460	1
P24752	Q96G46	1
Q8TDZ2	Q05397	1
Q13352	Q9BZI7	1
P19838	Q05655	1
O14980	Q8IYB5	1
O00124	Q8TAT6	1
Q9UKY7	Q92615	1
Q5JVS0	Q70Z53	1
P25963	Q9UDY8	1
P63279	Q9P1U0	1
Q02833	Q9NRD5	1
Q12906	P61513	1
Q15154	Q86V48	1
Q96RG2	Q6WKZ4	1
Q15542	Q9UM13	1
Q13131	P62847	1
P63208	P51172	1
P28702	P32780	1
Q9H0N5	Q8IUE0	1
O14796	P05067	1
P49755	P55085	1
P01213	P60903	1
Q86YW7	Q96T91	1
Q9H497	Q96E52	1
Q96HB5	Q2TAC2	1
Q99814	O14980	1
Q5T7N2	O75935	1
Q14781	P06748	1
Q13023	Q96CV9	1
Q13148	Q96KR1	1
P11308	P11387	1
Q9H0H5	Q86YS3	1
Q9NZN4	Q99832	1
P46940	Q14247	1
Q04637	Q9BZI7	1
P62136	O60245	1
O14964	Q8IYX8	1
P41161	P05067	1
P51571	Q9P2S5	1
P49736	P17987	1
O43482	Q9NWM3	1
Q9BVC4	Q99832	1
P04629	P22234	1
Q9H2F9	P08865	1
Q9P2S5	Q92733	1
P46087	P36578	1
P63279	Q96EE3	1
Q8NI35	P49815	1
Q15650	P24928	1
Q9NRC8	Q9Y5J1	1
P14635	O43488	1
P62805	P62805	1
O43175	Q12789	1
P09110	O00628	1
P78406	Q92945	1
Q9BVG8	Q9NYB9	1
P60568	P35568	1
Q01664	Q96B26	1
P35244	O75128	1
Q6ZWL3	Q96ST3	1
Q96B36	Q8IWE2	1
Q96FW1	P09622	1
P55345	Q7Z736	1
Q969L4	P62318	1
Q9GZV8	Q86YC2	1
P25942	P42336	1
Q96II8	Q8IUI8	1
Q8NBS9	Q969G2	1
P35222	Q92499	1
Q13426	Q2TB18	1
O75503	O14967	1
P06401	Q12830	1
Q6UXL0	P11362	1
Q9HB58	Q9ULW6	1
O00155	Q969F0	1
P49454	P57740	1
Q13702	Q15751	1
Q13190	Q5T8P6	1
Q9Y4K3	P20333	1
P15735	P61978	1
P55072	P40937	1
Q03933	Q9Y580	1
P15927	Q00610	1
P26012	P11047	1
P22304	P08236	1
Q6MZP7	P62805	1
P04629	Q13618	1
P23588	P52948	1
O60341	Q96N77	1
O95817	P25942	1
Q8IY92	Q99497	1
P32249	Q99442	1
P15036	Q9Y5B0	1
P62318	O43395	1
Q13131	Q7KZF4	1
Q8N5C7	P05067	1
Q8NBX0	Q13501	1
P49407	Q9Y6M1	1
Q96QH2	O75376	1
Q9HCE1	P28288	1
Q14676	Q15459	1
Q92841	Q15459	1
Q9NR55	Q8NCF5	1
P13984	P63272	1
Q13418	Q14847	1
O14958	Q14137	1
P51587	Q9UQE7	1
Q6ZW49	Q8WVV9	1
Q9BSJ2	P54136	1
Q8N0Z8	P05067	1
Q9UBF6	Q6UXB4	1
P56545	Q96MA1	1
O75815	P53396	1
Q9H0W5	Q9BWH6	1
O95295	Q03001	1
P54274	Q14318	1
Q9Y2K1	Q96JK9	1
P25686	Q6ZMK1	1
Q9Y6E7	P11498	1
Q9NVI1	Q8WYQ5	1
P38919	Q96MU7	1
O75419	Q53EZ4	1
P55345	Q6SPF0	1
P05161	O95831	1
P51149	P33897	1
Q9Y6E0	O43809	1
P15923	P51532	1
Q14203	Q96CT7	1
P52272	P49756	1
A8MVW5	Q969Z4	1
Q7L5N1	P35527	1
Q8N5N7	Q6P087	1
Q6ZU80	Q9H6U6	1
Q9NRC8	Q9H6F5	1
P45880	Q16795	1
O15259	P11182	1
Q9C009	Q15291	1
P40337	Q9UGP4	1
Q13618	Q12905	1
Q7Z7A1	Q15269	1
O75503	Q14697	1
Q7L2J0	Q86V81	1
P55854	P25490	1
Q13620	Q92804	1
O15169	P49815	1
P15927	Q13616	1
Q96AX9	O43318	1
Q9H0W5	Q13423	1
Q86VP1	Q96KP6	1
P36406	Q86TM6	1
Q9H9Y6	P41091	1
Q969G3	Q9NPJ6	1
Q9Y3E0	O95562	1
Q9NVH2	Q96N11	1
Q9P0N5	Q8N5G2	1
O43809	Q8N5V2	1
Q9UQB8	Q00987	1
P13489	Q15185	1
P03372	Q00653	1
P08708	P46781	1
Q13617	P01100	1
P01100	Q9Y4G6	1
P04629	Q9NVH1	1
P15313	P04062	1
Q9BV73	P62805	1
Q92552	Q7Z6G3	1
P01106	Q13950	1
Q9H0R8	P78527	1
Q9H9L3	P46108	1
Q01780	P05455	1
A1L4K1	Q8N8B7	1
Q01844	Q9UHA3	1
P00505	Q6YP21	1
Q66K64	Q6XUX3	1
P78380	P17987	1
P06748	P15880	1
P52948	Q13772	1
Q9UMS4	Q05519	1
Q16513	P26640	1
Q9Y5Y6	P42773	1
P01350	P32239	1
P0CAP1	B2RTY4	1
P28838	P05067	1
O00625	Q9NR45	1
O75475	O00422	1
Q9Y6H6	Q14181	1
Q96B97	P07858	1
Q9HCK5	P26641	1
P60484	P13639	1
Q9BZV1	Q96JH7	1
Q86X19	Q7Z3D4	1
Q96NY9	P53350	1
Q9Y5U2	Q2TBE0	1
Q8NA72	Q5T9S5	1
P57081	Q9Y4X5	1
Q9NQG5	P30876	1
Q13510	Q13554	1
P60033	Q9BRL6	1
Q14318	O96000	1
Q9BV73	Q8N0Z3	1
O43541	P37275	1
O60308	Q99871	1
Q9NZC7	Q13148	1
P12757	Q7L2E3	1
P25686	Q04656	1
P09619	Q96PV0	1
Q96S44	P62316	1
Q86UK5	Q92575	1
Q6NUS6	Q9BUN8	1
P49447	Q92838	1
Q8N0Z3	Q8IUZ0	1
Q96QS3	Q9H0B6	1
Q9UBL3	Q9Y5J1	1
Q16666	Q13895	1
P19338	O14744	1
O95363	Q96DZ9	1
P28702	P14625	1
O75147	Q9NQH7	1
Q9UM73	P56945	1
Q9HC52	Q9NYF8	1
Q15022	Q16531	1
Q92542	Q9Y2W1	1
Q13352	Q96H22	1
P83731	Q02878	1
P98161	P98161	1
P19388	Q9BUI4	1
Q12952	O95985	1
Q86WV1	Q9NZ71	1
Q11206	P10966	1
Q00987	P13667	1
Q9NX58	O76021	1
Q8NCP5	Q9NXF7	1
Q00987	O94992	1
Q92995	Q7L5D6	1
P62424	Q9UNX3	1
Q04837	P51649	1
P30050	P62829	1
O95402	Q16637	1
Q13131	Q9Y5B9	1
P0DPB3	Q9UKU6	1
P62913	P63173	1
P40879	P26641	1
P29692	P52948	1
Q9Y2Z4	Q8IZU0	1
Q9HB71	P55327	1
Q12905	P50914	1
Q9UI95	P45973	1
P04629	Q14444	1
P06401	O43791	1
Q9NZC7	Q9BWU0	1
O14492	O14492	1
P06730	P05067	1
Q8N653	Q9H9Y6	1
O75592	Q05209	1
Q16659	O94818	1
O14980	Q96IF1	1
Q13368	Q6P995	1
Q9H0W5	P40938	1
Q16666	O76021	1
Q8NHV4	Q6PKC3	1
P52788	P98170	1
P40337	P99999	1
P42768	P50570	1
Q7Z6Z7	P04075	1
P35222	P20290	1
P25445	Q658Y4	1
Q13418	Q9NTJ3	1
Q86Y39	O75306	1
P36941	P0CJ78	1
Q9Y2I6	Q5VT06	1
O14733	Q9Y6R4	1
Q16659	Q8NAV1	1
O75116	P11831	1
P18754	P62805	1
Q96QZ7	P08588	1
P54278	P78527	1
P33993	P50991	1
P62805	P83731	1
P04629	O60832	1
P78362	P42166	1
Q13148	Q09161	1
P13798	Q4J6C6	1
P01375	Q8N442	1
Q9BVT8	P06748	1
Q01664	Q14008	1
Q14738	P15927	1
Q13618	O43290	1
Q99801	P61513	1
Q9P287	Q9BVP2	1
P54727	O00232	1
O75323	Q14697	1
Q05519	Q9BSE5	1
P14927	P60903	1
Q00653	P55084	1
P13639	Q9BWF3	1
Q13616	Q86V81	1
O75553	P86479	1
O15372	P23588	1
P34947	Q13427	1
Q99750	A7KAX9	1
Q15459	Q7L014	1
Q9H0G5	P78362	1
P04629	O94979	1
Q9NQR4	Q15818	1
O43402	Q5J8M3	1
P51948	O00267	1
P63279	Q14789	1
P42858	Q16653	1
P06213	Q13131	1
P39019	Q6PKC3	1
P10827	Q13404	1
Q86VQ0	P62258	1
Q13148	Q9Y383	1
Q99523	Q8IXK0	1
P15313	Q8IY95	1
Q16082	P00395	1
Q9H2V7	P99999	1
O75083	P27797	1
P14373	P18615	1
P53355	P13639	1
P25398	Q71UM5	1
O00214	P17301	1
O15205	Q96LD4	1
P62249	P18077	1
Q13418	Q8WWM7	1
P78396	Q96AG4	1
Q5S007	Q96JN8	1
P19525	Q8N5Z5	1
Q02930	P17535	1
Q9Y6K9	Q9H0M0	1
P23396	P16871	1
Q9NW38	P35222	1
O75530	O60832	1
Q14203	Q96GA3	1
Q9NQP4	O15355	1
P37231	Q15942	1
Q9Y6K1	Q03060	1
O60739	P62263	1
Q5T7N2	Q9BZL4	1
Q9NUQ6	P39880	1
Q8N5N7	P09001	1
Q8TC92	P26641	1
P11387	Q13216	1
P34947	Q86V81	1
Q9H0A8	Q13868	1
Q15796	Q9UPQ9	1
P15374	Q17RB8	1
Q9NZC4	Q15828	1
Q96T76	Q5VUA4	1
Q9H7B4	Q8WVX9	1
Q12906	Q9NQ50	1
P10155	P49589	1
P05067	Q6NTF7	1
Q5RI15	P00403	1
P42704	Q9P2K8	1
Q9UHB6	O95373	1
P38936	P05067	1
P42694	P42229	1
Q5T6F2	Q6PJT7	1
O14980	Q53LP3	1
O75410	Q9UHR4	1
P32249	Q8IYR6	1
Q99728	Q92547	1
P49407	O75688	1
P26842	O60779	1
Q9H3R0	Q9H3R0	1
Q15154	O75964	1
Q9C0J9	P25789	1
Q9NUL7	O60245	1
Q96CV9	Q8N3K9	1
P01876	Q6PD62	1
Q9Y297	Q9Y2D8	1
Q9H0W5	P27708	1
P55854	Q9BYG3	1
P51617	P48643	1
Q13616	Q9UNX3	1
Q96G46	Q16543	1
Q8TDB6	O60674	1
Q96EY7	P82914	1
Q15811	Q9Y2W2	1
Q9H944	P01024	1
P04629	Q9BQA1	1
Q8TEP8	Q9BY89	1
Q9BWF2	P36406	1
Q96I15	P61970	1
Q6NUS6	Q9H490	1
Q14135	Q8IU81	1
Q5TBB1	Q5VWQ8	1
Q9H8Y8	Q8IZ73	1
Q13635	Q9UIW2	1
Q9UL46	Q15008	1
Q13617	P50402	1
Q01844	Q6FI81	1
P01106	Q15393	1
O43427	P0C7M8	1
Q9NX14	Q9BU61	1
P06576	P28331	1
Q86X19	Q9H490	1
Q86Y78	O15031	1
O14980	O15534	1
P01133	P35916	1
P42566	P62805	1
Q9UP52	P60033	1
P29692	Q9Y572	1
Q14155	P06213	1
Q08945	P62805	1
Q15021	Q14315	1
Q13618	P15880	1
P61353	P47897	1
O75365	P12004	1
Q13573	Q16514	1
Q9Y5J5	Q9UGP8	1
P01106	Q9BXF6	1
P62805	Q92804	1
O15013	Q96EP0	1
P01106	Q96FN5	1
O95352	P49321	1
P16871	O75159	1
Q9BUG6	Q8N8U2	1
Q86TG1	P25490	1
Q9BZV1	P78527	1
P05387	P62847	1
Q460N5	P06734	1
Q49A88	Q6EMB2	1
O15205	O15269	1
Q5JR59	Q8IVW4	1
Q13347	Q5JSZ5	1
Q9UGY1	P05067	1
Q13188	Q16543	1
Q9Y2I6	Q13554	1
P18509	P54105	1
P03372	Q9UNH7	1
Q13573	P40938	1
P17980	P04843	1
Q9NRC8	Q14137	1
O14958	Q9Y576	1
Q9H0R8	P36542	1
Q96RR1	Q9UBV7	1
O43542	Q07065	1
P49448	P01106	1
P62805	P62805	1
Q13617	Q00325	1
Q99459	Q15149	1
P12755	P25705	1
Q9P0N5	Q658Y4	1
P46778	Q71UM5	1
P41182	P26196	1
Q8N684	Q8WUM0	1
P20851	Q9UJW0	1
Q92614	Q8WWI1	1
Q9BXY8	P42336	1
Q13131	P62805	1
P17980	Q8IWI9	1
Q14676	O95639	1
Q99459	P58107	1
P15502	P14780	1
O75530	Q9BW27	1
P62888	P62269	1
A7E2Y1	Q99442	1
P07359	P07359	1
Q9UQ13	P05067	1
O95613	O75665	1
Q9BQ90	Q8IVD9	1
Q13618	Q14974	1
P25098	Q8WWM7	1
P21145	Q5T700	1
O75477	Q8N511	1
Q96KN7	Q86X83	1
P43308	P04843	1
Q14781	Q5M9N0	1
Q13535	P49917	1
Q92813	Q9Y385	1
Q7Z2X4	Q9HD26	1
P43243	P06702	1
Q6PJQ5	Q14232	1
Q16666	Q63HN8	1
P25205	P40938	1
Q9Y6Q9	Q9Y6X9	1
Q13200	Q9Y285	1
P30084	P19532	1
O95400	Q96L91	1
Q16643	O15145	1
Q9UKN8	Q9NQW7	1
O75344	Q13404	1
O00203	Q6UWE0	1
Q14999	P67870	1
Q9NZZ3	Q8TEL6	1
Q15393	Q8IX12	1
P15735	Q9Y295	1
Q9Y297	P57078	1
Q15678	Q6AWC2	1
P36578	P18077	1
O75964	O95169	1
Q86U86	P62805	1
O60566	Q92769	1
Q9Y3U8	Q15287	1
Q08379	P25789	1
Q9BVS4	P48643	1
O75190	O75155	1
Q6PD62	P41208	1
Q99944	Q96TC7	1
P04629	P23378	1
P02794	Q96HA8	1
Q92541	Q7Z2W7	1
P21246	P35222	1
P52948	Q7Z589	1
Q99547	Q5RKV6	1
Q9BRK4	Q56P03	1
Q00597	O14776	1
Q15637	P08621	1
Q9Y2K1	P63162	1
P38398	Q9Y385	1
Q9UHD8	P0C7P4	1
Q92805	Q9NUW8	1
O75390	P17812	1
Q16254	Q9UBL3	1
Q15050	P26368	1
P04629	Q9P0L0	1
Q93052	Q9Y570	1
Q96FW1	P45880	1
Q9P0U3	O75626	1
O94972	Q92993	1
Q96T76	O94822	1
Q13895	Q8NEF9	1
Q8N4L4	P13727	1
Q12792	P55060	1
P08581	P43403	1
P62424	P52815	1
Q9Y279	Q8NCG7	1
O60346	Q9UNH7	1
Q14999	Q14684	1
Q16637	P06576	1
Q96EB6	P40763	1
P14373	Q9BWG6	1
Q8IY92	Q9UDV7	1
Q93009	Q9UPY3	1
O75674	Q9GZT8	1
P46379	Q9UMF0	1
Q9UGY1	O95793	1
Q12996	Q9H0L4	1
Q13200	P25398	1
P28340	Q8TEP8	1
Q86X19	Q15043	1
Q9H4L4	P62269	1
O00214	Q13683	1
Q08945	P62805	1
Q13616	P38936	1
Q5JR59	Q9NQL9	1
P19320	P59998	1
Q9NS91	Q5TC12	1
O00459	P08581	1
P55061	Q92934	1
O14974	Q9BTE6	1
Q9BYV6	P19429	1
P61221	Q9UHV9	1
Q16719	Q92925	1
P33241	Q13007	1
Q14153	P26641	1
Q99853	P35222	1
Q969H0	O75592	1
Q13137	Q92567	1
P54105	Q9UHV9	1
P14927	P15880	1
Q16795	O95168	1
Q13421	Q9NX20	1
O95817	Q8TBE9	1
P46776	P62861	1
Q15796	Q99967	1
P27695	P08865	1
P43246	O60216	1
Q7Z4S6	Q6UN15	1
P06748	Q14694	1
P01106	Q9BXW9	1
P38398	Q7Z2W4	1
Q9NRC8	O75152	1
P55769	P55769	1
Q96QD9	Q13838	1
P13232	P05067	1
Q13084	Q9BRJ2	1
Q9NR96	Q9UHD2	1
O00567	O60524	1
Q13322	Q8NC60	1
P09917	P05067	1
Q32NC0	P05067	1
Q8NI27	Q9UL40	1
Q9Y2X0	Q13503	1
Q13131	P10809	1
P13727	Q9UL63	1
Q93034	Q86X55	1
Q93009	Q9NPC7	1
Q9NS86	P05067	1
O95714	Q8NG66	1
Q15393	O43395	1
P04629	O94964	1
Q9H469	P51449	1
P78362	Q5T5Y3	1
Q9BQG0	P62847	1
P04181	O00764	1
Q15058	P56385	1
P19320	Q53FZ2	1
Q8N6T7	O75717	1
Q13148	Q9HCE1	1
Q9UGJ1	Q9NTX7	1
O95273	Q9BQ89	1
Q9H270	Q6UWE0	1
Q9BVS4	Q14498	1
Q9NZJ4	Q05086	1
P04629	Q9BZD4	1
Q99497	P46940	1
P17812	P53041	1
P49736	O95628	1
P02545	Q8WYP5	1
Q13573	Q9P2D1	1
Q9C0J8	Q969S3	1
Q92506	Q8N4T8	1
O14920	O94885	1
Q96EP1	Q13257	1
Q9BU02	Q9UNQ2	1
O95163	P51813	1
Q86X19	Q16864	1
Q07020	P40429	1
Q6P3W7	P22061	1
O94888	Q16531	1
Q8N3D4	Q92734	1
Q9P0P0	P62324	1
P31150	P36915	1
P24539	Q08378	1
Q03933	Q5JR59	1
P25963	Q9NWT6	1
P46934	Q7L2E3	1
Q9ULK4	P56545	1
Q7Z7A1	Q14008	1
Q14498	Q53GS9	1
Q8IUR6	Q8IUR6	1
Q8N3L3	Q8IYX8	1
Q9Y2H0	Q9NYY3	1
P49407	P62805	1
P03372	Q07617	1
Q7L5Y6	Q9UBS8	1
Q96PD2	Q9Y4K3	1
Q15554	O60884	1
Q93009	Q16543	1
Q9BRX2	Q9H583	1
P62847	P26368	1
Q96PU8	P57052	1
Q8TD55	Q8IWZ6	1
Q9NS75	Q12959	1
Q9H0W5	Q02878	1
Q13546	Q16543	1
P54253	O75925	1
Q15047	Q96HS1	1
Q9BSB4	P40939	1
Q9HBL6	Q9GZP4	1
Q8IZQ1	Q9Y4K3	1
Q9BVV7	Q3ZCQ8	1
Q66GS9	Q15058	1
P46087	Q07020	1
Q6ZMR5	P17152	1
Q16659	P55290	1
Q02410	P46531	1
O75665	Q8IVD9	1
Q969G2	Q86U70	1
P06576	P30049	1
P10827	Q15596	1
Q6PJQ5	Q9NV56	1
Q9UKG1	Q18PE1	1
P15735	P11047	1
P04629	P35658	1
Q7Z7A1	P08559	1
Q8N1B4	Q9H5N1	1
P61927	Q00987	1
O60337	P37231	1
Q9H2C0	Q8IVH8	1
Q49AN0	P15880	1
P43246	P08133	1
Q9Y587	P19634	1
O75752	Q9HCY8	1
Q9BWF2	Q15555	1
O75365	O43264	1
Q9UPP1	P62805	1
P04629	P11274	1
P56556	O95139	1
Q13418	Q8IY17	1
Q4VCS5	O00443	1
Q86UU1	Q8IVE3	1
Q9NPJ6	Q9C0J8	1
Q9NQG6	Q6RW13	1
P28066	O00762	1
P04818	P04818	1
Q86X19	O60245	1
O95793	P07814	1
O14543	P40763	1
Q8IXZ2	O75616	1
P54219	Q8TD22	1
Q96S44	P61513	1
O95602	O94763	1
Q504Q3	P62899	1
Q9C0B0	P62304	1
P15927	Q15554	1
Q9NWV8	O76031	1
Q13427	Q96CD2	1
Q8WTW3	Q96MW5	1
Q9P267	Q9BXJ9	1
O75691	Q9P253	1
Q9P021	Q8NI35	1
P84098	P62244	1
P50222	O75716	1
Q05048	Q96QU8	1
Q96EE3	Q99832	1
Q01581	P35080	1
P04629	Q16630	1
Q01844	Q9H2G9	1
Q13418	Q08380	1
Q12965	P31939	1
P49917	P23381	1
O75365	Q15029	1
O15146	Q16543	1
Q99675	Q8TEY7	1
Q9H4B6	Q96M89	1
Q13112	Q13263	1
P62805	O15355	1
Q9Y2D4	Q8IYI6	1
P68036	Q13064	1
P61073	P61769	1
P06400	Q08999	1
Q9Y2Q3	Q9H2M9	1
Q9HCE7	O15294	1
Q68CZ1	Q96SN8	1
Q92466	P10809	1
P38398	Q7Z5K2	1
P25788	P48200	1
O75953	Q9Y4L1	1
O43291	Q6ZT12	1
P61978	Q6XQN6	1
P55854	P62136	1
Q9Y2Y4	P49639	1
Q969P0	Q9UBQ5	1
Q9BV86	P19174	1
O75940	P09661	1
P20036	Q9UIQ6	1
Q9BZR9	Q9H270	1
P19320	Q13155	1
P39019	P40429	1
Q9ULK4	P61011	1
P38919	Q9BV38	1
Q9UHV2	Q14CW9	1
Q9UKX7	Q15149	1
O95758	Q8WUZ0	1
Q8WUZ0	Q92925	1
P78345	P20618	1
P49736	P23368	1
P62913	P62861	1
P16455	P62805	1
Q14781	Q9UN30	1
Q02080	Q02080	1
Q15118	Q6ZRS2	1
Q14696	P40938	1
Q13838	Q13310	1
Q15468	Q8IZH2	1
P61221	Q9NR28	1
Q9BPY8	P11831	1
P18615	Q9Y2L1	1
Q86TB9	O43172	1
Q96DB2	Q6RFH5	1
Q14999	O75400	1
O75150	Q9Y2J4	1
Q9HCE1	O95427	1
Q9HAW0	P35606	1
O15205	Q9H4A4	1
O60573	Q9GZV8	1
Q9UM73	Q14896	1
Q9BXL7	P27487	1
P30260	Q9UPN9	1
Q15637	Q92567	1
Q9Y6K9	O94885	1
Q9H9F9	Q8N0Z3	1
P49736	Q9Y262	1
P38646	Q5HYC2	1
O75665	Q5T0W9	1
Q96QH2	O43463	1
Q08AM6	Q8N9R6	1
Q9Y2T5	P81408	1
Q9HCE1	Q12770	1
Q9NX70	O95831	1
P12757	P78317	1
P09001	Q9BYD1	1
P19438	P62805	1
P60228	Q6PKG0	1
Q9NXV6	Q8IYD8	1
O75530	P51991	1
Q9H8E8	P62805	1
Q9BY49	Q03154	1
O15259	Q9ULH1	1
Q96BK5	P53999	1
Q8TD55	Q9Y6A5	1
Q16666	O94880	1
P36551	Q96Q11	1
Q9BWH6	P19387	1
O94986	Q8TCU4	1
Q9HCE1	Q96QD9	1
O14980	O75901	1
Q86X19	O00559	1
P01258	P01258	1
Q6NUS6	Q86YN1	1
P34969	P62277	1
P53701	P08574	1
O00762	Q8WWK9	1
Q13554	Q8N0Z6	1
P04629	Q12906	1
Q99436	Q9BT73	1
O60637	Q6P1N0	1
Q15051	P31150	1
P51116	Q96C24	1
O95376	Q8IY17	1
P12956	Q13416	1
Q9H1Y3	Q13144	1
Q12952	Q14139	1
Q9Y6T7	Q8N3E9	1
P05231	P42702	1
A2RU30	P19174	1
Q9NX47	P14635	1
P07948	Q13480	1
O60921	P43246	1
P03372	P54886	1
Q13618	Q9Y5M8	1
Q92560	P25490	1
P06748	P18621	1
O75147	Q9HCS7	1
Q7Z6G3	Q96BZ8	1
P35520	P48200	1
P40818	Q9NZZ3	1
P31629	P62258	1
Q5T200	Q6P2C8	1
P05198	Q9HCD5	1
P02751	Q13310	1
Q8NCP5	Q86V42	1
P47755	P62136	1
Q15154	Q92540	1
Q00987	O14556	1
P55957	P15927	1
Q13291	Q9H6X2	1
Q93034	P61247	1
P42331	P28340	1
Q9BYG3	Q9NWB6	1
P42704	Q9HBM1	1
Q93074	O75528	1
Q8N1B4	Q8IYE0	1
Q96KG7	Q9BY12	1
Q9Y5K5	P62805	1
Q15022	Q9UKV3	1
Q14999	P16615	1
Q14676	O43660	1
Q5BJF6	P33981	1
Q9H0W5	O94964	1
O60934	Q13426	1
Q96R06	Q96IZ5	1
P11532	P29475	1
Q01844	Q92841	1
Q9Y3E0	P02786	1
P50222	Q8IZF0	1
Q86XT4	Q13501	1
P21579	Q96ST3	1
O43639	Q6ZRV2	1
O75901	O75223	1
Q5VWG9	P62805	1
P12956	P12956	1
Q13573	P36578	1
Q9H4I3	Q01814	1
Q9Y296	Q9Y2L5	1
P10275	O60828	1
Q9HCE1	Q9UPT5	1
Q96DI7	Q8WXA9	1
O14980	O14730	1
Q14966	Q8IXH7	1
P49848	Q8TAQ2	1
Q9ULW0	Q86UK7	1
Q6P2Q9	P80404	1
Q9H668	P49643	1
P51398	Q96TA2	1
Q14627	O14512	1
Q9BV10	Q13162	1
Q99675	Q5VVX9	1
Q6GTX8	Q6GTX8	1
Q9NWB7	Q9Y2V7	1
Q9BVG8	Q13561	1
Q16543	Q9NW82	1
A8MW92	P62805	1
P13569	Q9NZJ0	1
Q9Y4Y9	A9UHW6	1
P17947	P78527	1
Q6ZW49	Q9Y295	1
P18754	P62805	1
P46781	P52948	1
Q9UBB9	Q96NC0	1
Q86UK5	Q86Y07	1
Q9BV73	P61247	1
Q13263	P36406	1
Q68CZ1	Q14204	1
O60356	Q01105	1
P25490	P62805	1
P13569	Q9P035	1
Q9BV68	O14828	1
Q9Y266	Q9UMS4	1
P10721	Q9HCE7	1
P30084	P30084	1
Q13227	O75935	1
O15205	Q96JH7	1
O75460	Q9UBV2	1
Q9Y6Y0	Q9UN86	1
P37840	Q5VU43	1
Q96GX1	Q86Y07	1
P49411	O60783	1
P10275	O15357	1
O95274	Q15021	1
O00574	P02775	1
Q9BW61	Q9BW61	1
P31785	P78552	1
Q13418	Q96A33	1
Q9C0C7	Q15370	1
Q14999	Q8NBS9	1
O14617	Q13200	1
Q8N122	Q16531	1
P20042	Q9NVM4	1
Q9H1E3	Q13416	1
P13569	P38646	1
Q9UPP1	P62805	1
P55786	O14562	1
P46108	O60496	1
Q9UK41	Q0VD86	1
Q8TES7	P51149	1
Q8NCW5	Q9H6S3	1
P61513	P61247	1
Q9UPP1	Q15149	1
Q13618	Q9Y6G9	1
Q9NRG0	Q8IZU0	1
P55198	O14936	1
P18847	Q9HD15	1
Q7Z6Z7	P23396	1
P49591	P53367	1
Q9UQ80	Q9UNQ2	1
P56556	O75438	1
Q8N6T7	Q15054	1
Q16864	O95218	1
Q99750	Q9Y5Q8	1
Q96GF1	O00232	1
P33992	Q9BTE6	1
Q8IX12	P12004	1
O43318	P62805	1
Q13620	Q9H0D6	1
Q13404	Q9UBS8	1
P40933	Q13114	1
Q9HCE1	O00468	1
Q5VT06	P37231	1
O43639	P49023	1
P02751	Q9NTZ6	1
O95503	Q9NSI6	1
Q9HB71	P63279	1
Q66GS9	P15313	1
Q8N5N7	Q53S58	1
P02751	Q53GS9	1
O95402	Q15543	1
O14974	Q96LD4	1
P49407	P46821	1
Q92793	P53779	1
Q6FI81	Q12904	1
P03372	Q32MZ4	1
Q9HCE1	Q9BTM9	1
P01106	P63220	1
Q14999	Q13423	1
O00716	P13010	1
O95793	O95573	1
P22314	P17812	1
Q9NPF4	Q7Z699	1
Q14315	Q9NS15	1
O15205	O43502	1
Q13490	O14763	1
P52434	Q9NW08	1
P12757	Q14789	1
Q9H1K1	Q8TBB1	1
P18031	Q14764	1
Q7Z6Z7	P08708	1
Q9HD33	Q9NWU5	1
Q70CQ2	P15374	1
Q9HBV2	Q9BSJ5	1
Q03405	Q8N3Y3	1
Q14190	P31948	1
Q13573	P48444	1
Q9BRK4	Q2TBE0	1
P05161	P49368	1
P22102	O75146	1
Q05086	Q03701	1
P23508	P22061	1
P31323	Q15154	1
Q96TC7	P18031	1
P61769	Q15113	1
P06748	Q9Y3U8	1
Q9NX58	P62263	1
Q15154	Q8NBT2	1
Q9NWM3	Q13404	1
P49207	P62241	1
Q9UNS2	P63208	1
O60343	Q6N021	1
P04183	Q15572	1
O00585	O00574	1
Q7Z4S6	Q76FK4	1
Q12952	Q14C86	1
P25789	P02753	1
P49736	Q9UHB9	1
Q8TBK6	Q8NC69	1
Q86X19	P43121	1
Q8N8X9	Q9BRK4	1
P14373	Q6PCT2	1
Q8WYA6	P41223	1
O95376	A4D1P6	1
P22674	P22674	1
Q8IX12	Q14151	1
Q13616	Q9BQ67	1
O95561	P05067	1
Q6UN15	O94913	1
O15078	Q86V48	1
O00217	Q15526	1
P09234	Q12906	1
P05067	P01106	1
Q13617	P12004	1
Q02543	P18077	1
P10746	O95352	1
Q5BJF6	O75794	1
Q13769	Q96P63	1
Q99759	P0CG47	1
Q8N6T7	O14744	1
O75376	P62805	1
P17480	Q9NW82	1
P46778	P36578	1
O75665	Q9UPU7	1
Q86TM6	Q99436	1
Q6NUS6	Q5UCC4	1
P62805	O60884	1
P42345	Q8NHX9	1
O60341	Q6PID6	1
Q02446	P86479	1
P60033	O43707	1
Q6NUS6	Q5BJH7	1
P52655	P49848	1
Q8TBE9	P14174	1
Q14790	P09874	1
P24522	Q9UKR5	1
P49411	P62280	1
P55055	P17405	1
O95229	Q96PV6	1
P34897	O75970	1
P49761	Q9NYF8	1
O75477	Q7L5A8	1
Q7Z5B4	O14965	1
Q96G27	Q9ULF5	1
Q08211	Q14764	1
Q9NPF8	P05067	1
P37108	Q9UNZ2	1
Q12906	Q02127	1
Q9HCE1	Q96KR1	1
Q96GG9	Q9Y575	1
P0CAP1	Q9P298	1
P41223	Q96ES7	1
O14980	P61011	1
P43246	P23025	1
O43491	P68400	1
P04792	O75400	1
P19320	Q7L2E3	1
Q9UBX7	Q96EN8	1
Q6NUS6	P01040	1
Q15262	Q8WTV0	1
P62258	Q0VF96	1
Q15022	Q9BRL6	1
P58340	P62495	1
P62805	P49589	1
Q8NI27	P84996	1
Q9HC52	P46087	1
O75530	P02746	1
Q9BW61	P53621	1
Q12905	P54886	1
O75593	P18754	1
P04629	Q7Z460	1
Q8N1G4	Q14CB8	1
P35659	Q7Z5L9	1
Q8NHQ1	O60293	1
P10275	Q969G3	1
Q9GZU5	Q9P0S2	1
P02545	Q96RG2	1
Q9P2S5	P11177	1
Q8IZL9	Q99460	1
P21359	Q9UNZ2	1
Q96CS3	Q12816	1
Q8NI27	Q9Y3X0	1
P26373	Q9Y6G3	1
Q8IWE4	Q13620	1
Q9UER7	P49959	1
P34897	Q14814	1
P04629	P27816	1
O60566	P31350	1
Q8TAU0	Q9UDV6	1
Q9HD33	Q6P1L8	1
Q6PD62	Q969X5	1
Q9HCE7	P62829	1
Q96L21	P60903	1
Q9NQW6	Q69YQ0	1
Q9BYZ2	P46199	1
Q16666	P08621	1
Q14197	P57105	1
P62258	Q5EBL8	1
Q08050	P47897	1
Q9NPJ6	O14641	1
Q16763	Q9UKT4	1
P02751	Q96AK3	1
P38646	Q5SXM8	1
Q99459	Q9UJX3	1
O00232	Q00341	1
Q9HCE1	Q96DI7	1
Q8TCT0	Q15061	1
O75791	Q9ULH1	1
Q9H0Y0	P51784	1
P01106	Q9UBS4	1
Q5TGY3	P05067	1
P19438	P58107	1
Q16836	P05067	1
Q8NI77	Q5VSY0	1
P60006	P51955	1
P34969	P78347	1
P29597	P48643	1
Q9BVI0	Q9NRF9	1
O15205	Q15149	1
P15923	P61244	1
Q9BRX9	Q96PE2	1
P62899	Q96GQ7	1
O95273	P04792	1
Q9UNN5	Q9H6Z4	1
O95782	Q0JRZ9	1
P21554	P29274	1
Q9Y2T3	Q96NU7	1
Q7L775	Q7L775	1
P01730	O14964	1
Q13568	P49796	1
P34897	Q8TBB5	1
P04629	Q9Y5B9	1
Q15427	Q9Y5M8	1
Q13501	Q92896	1
O15027	Q99700	1
Q9Y3A2	Q9UBG3	1
O76071	Q9NZ71	1
Q96G27	Q13433	1
Q8NHH9	Q9H0F7	1
P01871	P11836	1
Q9Y6H6	Q8NBJ4	1
P60033	P46777	1
Q7L2J0	Q9BUQ8	1
P03372	Q5VYK3	1
Q9NV96	Q96S66	1
Q13418	Q9P031	1
O00303	Q92574	1
Q9H1Y0	Q8TD31	1
O95274	Q7Z4Q2	1
P25705	P38606	1
Q8WWY3	Q15428	1
Q8NG11	Q9NQ11	1
P61353	P62280	1
Q03403	Q03403	1
Q14999	P26641	1
O43638	Q96T76	1
Q00987	P49736	1
P01876	P35527	1
Q5BJF6	O14641	1
Q8IYI6	Q9Y4G6	1
Q08AG7	Q9BY12	1
Q9C0J9	P49715	1
P61218	Q14145	1
O14980	O95235	1
O75147	P14625	1
Q6NUQ1	Q5TEC3	1
P37840	Q02040	1
Q13123	P26368	1
P04629	Q9H9E3	1
P13489	Q12834	1
Q14653	Q13526	1
Q15047	Q56NI9	1
Q92585	Q86U86	1
O76071	Q8WUA2	1
Q93034	P62805	1
Q99816	Q96B97	1
Q9P086	P05067	1
Q8IXW5	P50570	1
Q13188	P62266	1
P04629	P48444	1
Q86VU5	Q7Z5K2	1
Q14974	O60518	1
Q9NY15	Q9NZ52	1
Q96S44	P50990	1
Q5VYK3	O14576	1
O43741	O00231	1
Q68DK7	Q8N7H5	1
P49736	Q8IUR0	1
P13569	O94966	1
Q9H3D4	Q13439	1
Q9Y3A2	Q9Y3B9	1
Q8TAP6	Q96NC0	1
Q14197	P82932	1
Q9HC77	Q9BY89	1
Q76L83	Q9P267	1
Q15911	Q14258	1
Q9HCK5	Q9NXS2	1
Q8NFH3	Q9H0B6	1
Q03468	Q04837	1
P48634	Q13099	1
O75787	Q9UQN3	1
P15735	P50402	1
O00193	P21246	1
Q9NQW7	Q02818	1
Q9NQ66	P16298	1
Q969F2	P12830	1
Q86X19	Q8WUY9	1
P06730	O95433	1
Q9UBQ0	Q9UNH7	1
P37840	Q13627	1
O14757	P31751	1
O95503	P19338	1
Q9BSG5	Q7Z7L7	1
Q8NBM4	Q9P0L0	1
Q96FW1	P13010	1
Q92769	Q9Y6J0	1
P55072	P33981	1
O00422	Q01081	1
P62857	P62847	1
O75964	Q9NZJ7	1
Q9UQ80	P05388	1
Q9HC97	Q96EK9	1
Q5T8P6	O75575	1
P11308	P17600	1
Q96NS5	P02794	1
O14543	P41212	1
Q96GX1	Q96S66	1
P49736	P14174	1
P62258	O60256	1
A7KAX9	Q9NYB9	1
Q14999	Q16630	1
O75116	Q9H0H5	1
O60508	Q13573	1
P04629	Q92973	1
P56282	Q04864	1
Q96SD1	O75170	1
Q00325	P56181	1
Q8N5Z5	P47813	1
Q8NCN4	Q8WXI9	1
Q16666	O75844	1
Q92542	Q9UJA5	1
Q8IWZ8	P63279	1
Q9C009	Q9GZR7	1
P52701	O75179	1
Q9H0R8	Q02487	1
Q9BRX9	O60508	1
Q9HBG6	Q9NWS0	1
Q9HAT2	O15031	1
Q99848	Q969H0	1
P08151	Q96LB3	1
O00560	O95379	1
Q07820	Q9Y4K3	1
P16070	P01133	1
Q99731	O00585	1
Q13651	O75159	1
P56945	P09619	1
P46777	P23396	1
P78334	O43292	1
O75147	P08621	1
Q2M3C7	Q2M3C7	1
Q9UKT4	Q9UJX3	1
Q96AX9	Q86YT6	1
O43312	O43312	1
Q08379	Q9HC52	1
P26373	Q14197	1
Q9UL46	P28062	1
Q03154	Q9BXC9	1
P26641	O14639	1
Q13188	P13639	1
Q9HCE7	Q9BQA1	1
Q99549	Q14966	1
Q00987	Q8NFV4	1
Q92890	Q9UJX6	1
Q99081	Q9NZD8	1
P07919	P36578	1
Q99750	Q9Y5V3	1
Q2M1P5	O96019	1
O00560	Q8N9N8	1
Q14980	Q14974	1
Q15022	Q9NWH9	1
Q86TL0	Q9H0R8	1
P62899	P08708	1
P51168	Q76N89	1
Q12931	P30044	1
Q96IQ7	Q96ER3	1
Q96CW5	Q9H0B6	1
P09234	Q9BUJ2	1
Q99426	P62258	1
P27694	P53621	1
Q9H3U1	P61964	1
Q9H0W5	Q86XJ1	1
Q9P2K1	O76094	1
P25098	P62805	1
Q9Y2W1	Q9Y5S9	1
P52298	Q96BZ8	1
O60216	P16871	1
O15145	Q96P48	1
Q15884	Q99758	1
Q6ZRQ5	P25205	1
Q9ULJ8	Q9ULJ8	1
Q16643	P06396	1
Q12959	Q9P1A6	1
P46937	Q8NFD5	1
Q9Y262	P46782	1
Q9NZS2	O96008	1
P26842	Q96HD1	1
P60006	Q96E11	1
P04629	Q8TER5	1
Q14203	Q00610	1
P37231	O15062	1
Q13191	Q8IUC6	1
P62241	Q6PKG0	1
P20936	P07949	1
Q9Y3E0	P51798	1
Q9P2D0	P83111	1
P04629	Q5T3I0	1
Q8IXI1	Q15070	1
Q01201	P0CG47	1
P09017	O43639	1
Q9H9T3	P62805	1
Q7Z7A1	Q8IXW5	1
Q9UQL6	P00505	1
Q9H609	P51687	1
Q12805	P46379	1
P13598	Q5BJH7	1
O95218	O96019	1
P11498	P61247	1
P11362	Q13239	1
Q92905	Q00341	1
O95758	O15294	1
Q9BYD3	Q7L5Y9	1
P06748	Q96A35	1
P30519	Q6IE81	1
Q86X19	Q99959	1
Q9P275	P04179	1
Q8TES7	O95487	1
Q9Y3C5	Q9NWF9	1
P63208	O60826	1
Q9Y5P6	O60678	1
P04629	P31350	1
Q9Y234	Q9UMX1	1
Q9NY74	A2RTX5	1
Q5S007	P11308	1
Q93074	Q8N6T7	1
Q9P0L0	O00562	1
P18621	P62266	1
Q7Z6Z7	O43324	1
Q12962	P51532	1
Q99728	Q92878	1
Q9Y6E7	Q9UHQ9	1
Q96GG9	Q15369	1
Q96GF1	P42166	1
Q9H8T0	P41252	1
Q9BWW4	Q9NPJ8	1
Q9UDV6	Q9UDV6	1
O95365	Q8IX15	1
Q86WV1	Q9GZS1	1
Q9Y5K5	P62805	1
Q16531	Q13610	1
Q9HC77	Q8TEQ6	1
Q13421	O43674	1
P14868	P62750	1
Q16864	Q9Y4L1	1
P34925	Q14126	1
O95613	Q96G21	1
P43115	O00203	1
Q8NI27	Q3T906	1
P01871	P02751	1
Q96EB6	P61978	1
P61964	P62805	1
Q15080	P19320	1
Q92925	Q8NFD5	1
P01106	P62306	1
P35523	Q16531	1
Q96CW5	O75190	1
O15205	Q9UKF6	1
Q5TAQ9	Q9NVV9	1
O94972	P32969	1
Q9Y6K9	Q00610	1
O60216	Q08211	1
O75534	Q9NXH9	1
O43752	O94766	1
P05388	P46779	1
O75792	Q8N9M1	1
O95602	Q9BUI4	1
Q9H668	Q96SB8	1
O43187	P41273	1
Q02930	O14867	1
P49917	Q6NTF9	1
Q9Y4K3	P12004	1
Q9NRC8	Q9NVI1	1
P27694	Q14566	1
Q96GY3	P62805	1
P02751	P30041	1
Q96B97	Q8IU81	1
Q9P270	Q9Y6R9	1
Q6PCD5	P14625	1
Q9NZC4	P13010	1
Q15645	Q13148	1
Q5GAN3	Q96DR8	1
P01100	Q8NCF5	1
Q14315	Q99567	1
P40337	P47914	1
P54274	Q6ZSZ5	1
P54274	Q8WXH0	1
P18621	P62899	1
P62280	P62249	1
O75553	Q7Z3K3	1
Q9Y2D8	Q9BT25	1
P63173	P35268	1
O95235	Q14980	1
P04629	Q9H270	1
Q9Y3T9	P62805	1
O14980	Q96PY6	1
P78362	O43719	1
P16070	Q9P1Y6	1
Q9H4E7	O75592	1
Q15118	Q96LD4	1
Q9UGY1	Q13601	1
P34897	Q99081	1
Q6ZW49	Q14676	1
P38432	Q9UJX2	1
Q99459	Q9NVU0	1
Q9BXM7	Q9H0E2	1
P51116	Q8N684	1
Q13490	Q13155	1
Q9UQL6	Q99519	1
Q03431	Q96N66	1
P43351	P39019	1
Q16540	O60783	1
Q15075	P46459	1
Q9Y679	Q96CS3	1
P49407	P62258	1
P15735	O43242	1
Q13148	P62917	1
Q8NA56	P18615	1
Q9H213	P05067	1
Q5T7B8	O43303	1
Q9Y6X8	Q9Y6X8	1
Q8TEQ8	P05067	1
Q6NUQ1	Q7L4I2	1
Q5VVJ2	Q9BQA1	1
Q9NRC8	Q9Y2A7	1
Q9UNE0	Q15628	1
Q5SW79	Q96LB3	1
Q86X19	Q14160	1
Q12905	Q8N5N7	1
Q6ZWI9	Q496Y0	1
P63279	P21675	1
P04629	Q9P2N7	1
O75449	O95835	1
Q9NX58	Q9NX24	1
O75791	Q13905	1
Q9Y4K3	Q9P031	1
P43243	Q86V81	1
Q96JC9	Q15572	1
O75530	Q96GQ7	1
Q7Z406	Q96JB2	1
Q5VVX9	Q9BWF2	1
Q96CS3	Q8NBU5	1
Q15428	O94906	1
Q9BQS8	Q8IX12	1
P49736	Q9P0L0	1
Q9BZE1	Q8TCC3	1
P27695	Q9UPR6	1
P30084	Q15751	1
P61244	Q9H0E3	1
Q96CS3	Q9UBH6	1
P39905	Q9UL63	1
Q96GG9	P62753	1
Q16666	Q9UBB4	1
O15169	P12755	1
Q9NZ01	Q8N5M9	1
Q7Z6Z7	Q13162	1
Q9NUI1	Q86VW0	1
Q2KJY2	P46934	1
Q9H2C0	Q03701	1
Q92905	P08708	1
Q9P2S5	O14832	1
P27694	Q8WWI1	1
Q9Y2Q3	P49755	1
P35228	P63208	1
P49720	P20810	1
O00567	P62249	1
P26951	P29350	1
P52732	Q5VT06	1
Q99459	P41212	1
Q9Y4K3	Q9NYY8	1
P25788	O43752	1
O00459	Q9UQC2	1
Q86V85	P10909	1
Q9UK80	Q92560	1
O00567	Q8IY37	1
Q9NRD5	P55196	1
P18206	Q969V4	1
P19320	Q99848	1
P05090	P0CAP2	1
Q9H2A2	P05067	1
Q6AZY7	Q6PKC3	1
Q00987	O94826	1
Q9H0A6	P36406	1
P46734	Q9UPT6	1
Q7L2Z9	P62906	1
P19338	P62241	1
P04150	P0DPB6	1
Q13158	Q9NZH6	1
P13667	P49411	1
P46063	P43246	1
Q96B02	Q8N5U6	1
Q9Y2R4	Q9BSC4	1
P78362	Q9NTU7	1
P42226	Q9NVW2	1
Q9NY15	O00459	1
P63211	P48736	1
O43586	Q9H788	1
Q9H244	Q6ZT21	1
P46776	P47897	1
O75940	Q15811	1
Q01844	Q9NZ81	1
O95600	O00499	1
O96017	Q9Y5Y6	1
Q99615	P84996	1
Q14999	Q92499	1
Q9UMS4	O43290	1
Q13418	Q9UGP8	1
Q13620	Q08170	1
O96017	P05067	1
Q00610	Q9UHF1	1
P20036	Q8IY17	1
Q9HAW0	Q8IYB5	1
Q8N157	Q96M89	1
Q00341	Q9BY44	1
Q13610	Q04837	1
P08133	P43490	1
P51808	P23396	1
Q13131	P62899	1
Q92838	Q9HCG8	1
P11387	Q13049	1
P04629	P13489	1
O60216	O15018	1
Q92905	P82912	1
Q13114	P61962	1
P61221	Q8WWM7	1
Q13573	O14965	1
Q99598	P83876	1
Q68CZ1	P0CAP1	1
P62805	Q14997	1
Q9UPP1	Q9UJX5	1
Q02880	Q9NRF9	1
Q96EP1	Q12834	1
P04629	O43592	1
P01133	Q07157	1
Q13404	Q16763	1
Q9BXC9	Q99750	1
A2A2Y4	P30049	1
O94955	O94955	1
P78527	P13639	1
P21580	P28331	1
Q8IW19	Q8IW19	1
Q9NYU2	Q92785	1
Q9NX47	Q969F0	1
Q7Z7A1	Q8NDV7	1
P51610	O00716	1
P61221	Q6PGP7	1
P46934	P31785	1
P62136	Q05519	1
Q9H0W5	O75665	1
O60216	Q07021	1
Q8TDB6	P62805	1
Q13057	Q96C19	1
P13929	P13929	1
Q9NYF3	P53350	1
P62805	P05067	1
P20839	P55769	1
Q7L5N1	O75110	1
Q9NNZ3	Q8IZU0	1
Q68CZ1	Q02241	1
Q13616	P61978	1
Q9BVS4	Q6UXN9	1
O14980	O60832	1
O75147	Q9P2I0	1
Q5T7W7	Q13485	1
Q03135	P37840	1
Q13617	Q13309	1
P49959	P43246	1
P06748	P67870	1
O95619	P55198	1
Q96T91	Q9UIQ6	1
P61599	Q9H9Q4	1
Q9UPT5	Q8IYI6	1
Q13573	Q9Y5Q9	1
Q99757	P08133	1
Q5SSJ5	P62847	1
Q12952	Q01826	1
P41252	O75663	1
Q99558	P61247	1
Q9C009	P41252	1
P62917	P35268	1
Q86X19	Q5JTV8	1
Q96CS3	Q9Y263	1
Q9C009	P78316	1
P03372	P52739	1
O75147	Q9H7B2	1
Q13286	Q14697	1
P55854	P50990	1
O60315	Q96DY7	1
Q15363	O95487	1
P14598	P19838	1
O00567	Q99714	1
P25786	Q9H2G9	1
P00505	P38646	1
Q92905	P61513	1
Q9NX70	Q9Y2R4	1
P50914	Q71UM5	1
O76094	Q9NVN8	1
O15357	P78346	1
O43513	Q9ULK4	1
Q96Q45	O43402	1
Q16821	P41236	1
Q9BQG2	Q9UDY2	1
P41182	O15156	1
Q9H211	P24864	1
Q9NZZ3	Q92664	1
Q13404	O94888	1
Q00325	P28331	1
Q13868	Q96GC5	1
Q16643	Q9NSC5	1
P18031	Q92925	1
Q9BWF2	P14373	1
Q14203	O76041	1
Q96NE9	Q13625	1
Q9P2R7	Q96DZ9	1
O75147	P50914	1
Q15080	P12956	1
Q9UMX5	O95758	1
P39656	P04843	1
Q96DV4	Q9H9J2	1
Q9ULR0	P41223	1
Q9HCE1	Q96QZ7	1
P05067	P07332	1
P04629	Q5VUB5	1
O75530	Q5SSJ5	1
Q92786	P20823	1
O14980	Q9BRP1	1
P61313	Q71UM5	1
Q96H55	P50991	1
O76038	Q9BX95	1
P23508	Q9NR31	1
P49768	P14778	1
Q9NWB7	Q12766	1
Q9NRI5	Q02833	1
Q9Y6E0	P62316	1
Q05048	Q96GG9	1
P47755	P98082	1
P04629	Q9NR45	1
P42858	Q9Y6K9	1
Q9NS15	Q9H8Y8	1
Q13233	P62805	1
Q9HB71	Q92925	1
Q9H9B1	P26641	1
P27815	P27815	1
P23588	P78344	1
Q12834	Q8NI77	1
Q13616	Q02543	1
Q13098	P35240	1
Q8N653	Q8TC84	1
Q96SD1	Q8NB46	1
Q96RY5	P12956	1
Q9HBD1	Q969T4	1
Q6ZU80	Q9UPQ9	1
O75934	Q15029	1
Q96S21	Q15370	1
Q15274	Q8NFD5	1
Q9H2F3	P06737	1
P31751	P41279	1
O75143	O75143	1
P30519	Q16880	1
P61313	P61513	1
P37173	Q13332	1
O75489	P17568	1
O60573	O75069	1
O95817	Q13057	1
P53350	Q9UBC2	1
O15013	Q15020	1
Q8N9F0	Q92628	1
Q8N5I2	Q9H0M0	1
Q9UBB9	Q86XK3	1
Q9NRR4	Q86X55	1
Q38SD2	P53355	1
Q9UI38	Q15005	1
P12645	O60341	1
O60216	P00403	1
Q8NBB4	Q8IYS1	1
Q13618	P04053	1
Q9P0N5	Q14126	1
P24522	P40763	1
Q92506	Q96EN8	1
Q9BZW8	P42356	1
Q969H6	Q969H6	1
Q8N4C7	Q9BV40	1
Q7KZN9	Q3ZCQ8	1
Q96NC0	P62310	1
P55072	O75506	1
P08621	Q14315	1
Q9C0F1	Q96GY0	1
Q15024	Q9Y450	1
P49327	Q9NZL4	1
P29372	Q9Y237	1
P46531	Q9ULK4	1
P21980	P05067	1
Q9BQS8	P49368	1
P47755	Q15390	1
P03372	P35568	1
P55854	P05388	1
Q8TDY2	Q99961	1
P37840	Q96HU1	1
O14980	Q8IWZ8	1
O94986	Q07157	1
Q9NRC8	P46777	1
O43765	Q96DA0	1
Q9H816	P78527	1
P62241	Q9P015	1
Q969X5	P53990	1
P62888	P54578	1
Q03405	Q6P087	1
Q9BYN0	O75312	1
Q9Y2J2	P67870	1
P46379	Q9NRX2	1
Q9H944	Q13503	1
O14980	Q10567	1
Q8IY92	P82912	1
Q9Y239	O15519	1
Q6FI81	P22314	1
Q8N3V7	P06396	1
P24752	O75027	1
P06753	P08574	1
Q9BSJ2	Q16531	1
Q96S44	Q9BTE6	1
P33993	O75533	1
P62805	P09874	1
Q7Z7E8	Q5VYK3	1
Q6R327	P62269	1
Q9H6Z4	Q06203	1
O75530	Q1KMD3	1
O60381	Q8WWW0	1
Q9H0R8	P00558	1
Q9UPU9	Q13099	1
Q9NRW7	O75815	1
P04629	O95487	1
P51946	Q92759	1
Q9UBS8	Q5VVX9	1
P25963	Q9UDV6	1
P0DI81	Q8NAP3	1
Q13617	P62805	1
Q99961	O15144	1
Q9NRC8	O75694	1
P61221	Q9NQG5	1
P49821	P03886	1
P46934	Q9UKE5	1
Q9NV56	Q96L91	1
P06748	Q9H0U6	1
P48556	Q99471	1
Q13797	P11047	1
Q13618	O95831	1
P62241	P51398	1
Q92748	Q13485	1
P04629	Q9Y2A7	1
Q13387	Q9UKR5	1
O15205	Q9BXC9	1
Q9Y2X3	P62081	1
P35219	Q9UJY4	1
P78563	Q96CT7	1
Q6PKC3	P09110	1
O75530	P15924	1
P10747	P42338	1
P14317	Q14134	1
Q14197	P06576	1
P19838	Q8TF21	1
P86479	Q9NVV9	1
Q9UIF7	Q8NHU6	1
P11310	P30154	1
P62805	O60678	1
O43291	Q7Z4F1	1
Q9UN86	Q9H7B2	1
P08151	Q9NSD9	1
Q9HCE1	O60239	1
O00233	Q9NZQ3	1
Q96T76	Q96EB1	1
Q9NYS0	P05067	1
Q9BYG3	Q7Z2W4	1
Q9P270	O75592	1
O14832	O75674	1
Q14190	Q8IVD9	1
Q13573	O00255	1
P51168	Q9Y6X1	1
P49736	Q86TC9	1
P20333	Q13257	1
Q9NPD8	Q9Y675	1
P05161	Q16851	1
Q9UQL6	P14866	1
O14980	O95999	1
P49736	Q6MZT1	1
Q9HBH9	Q5VYS8	1
P42345	Q9NP71	1
P49736	O00303	1
Q9UBT6	P52701	1
P54709	Q99714	1
Q14999	P28799	1
O43561	P48736	1
Q969P0	Q13428	1
Q01844	Q8IVS2	1
Q92905	O15085	1
P40337	Q9BQ67	1
Q96EB6	Q15831	1
P46531	O43719	1
Q8NAP3	O60841	1
P25098	P62805	1
O60216	P39748	1
P54277	Q96S59	1
Q99459	O43175	1
Q9H0W5	Q15773	1
Q9HCD5	Q17RD7	1
Q9GZS1	Q16543	1
P22314	Q712K3	1
Q9H2U2	Q16740	1
P46060	Q15029	1
O14965	Q9BYW2	1
Q9Y2I6	Q14687	1
P27694	Q9NQC3	1
Q13131	P62805	1
O14958	Q12789	1
P25098	P08708	1
Q9HCE1	P23511	1
Q8N0Z3	Q8WWK9	1
P34897	Q9Y2Y0	1
Q99871	Q9Y4X5	1
P04629	O00471	1
Q8IZL9	O14545	1
P49257	P09382	1
P51608	P62805	1
P25787	P48728	1
O14745	Q8IXS6	1
P35914	P13196	1
Q96FW1	O95861	1
Q9Y3U8	P62269	1
Q99459	Q08379	1
P38919	Q9UKV3	1
Q96H55	Q8IXI1	1
P62314	Q96I15	1
Q9UBY8	Q9BVK8	1
Q13191	Q13905	1
Q6ZU80	Q9NQC7	1
Q15554	Q9UPW0	1
P25398	P40429	1
O43765	Q5JXX7	1
Q9NPJ6	Q49A88	1
Q92633	P62341	1
Q8N490	Q9C0E2	1
Q6ZW49	P84090	1
Q9NYF8	Q86V81	1
O75147	P49790	1
Q13618	Q15287	1
Q15645	P43246	1
P61011	P37108	1
P54274	P25787	1
O95988	Q9Y6D6	1
Q9HC98	P62081	1
P33076	P25208	1
O60921	P27694	1
O15360	P04075	1
Q96L73	P16401	1
Q9NRX1	Q86VU5	1
P62318	Q9P258	1
P40855	Q9NZV5	1
Q86UK5	Q9BSJ8	1
Q13627	Q08999	1
Q9Y6F1	Q9Y6F1	1
Q12834	Q9Y6D9	1
P46459	O43752	1
Q9NYZ3	O15534	1
P46379	P46087	1
Q14315	P18084	1
Q96ST8	Q9UPU7	1
Q16666	Q13310	1
P00491	Q16401	1
Q8N1B4	Q9P1Q0	1
Q9H9T3	P12004	1
P46934	Q8NEA6	1
Q96SW2	P13984	1
Q4G0F5	Q96L92	1
P52272	Q96PK6	1
Q15527	Q13310	1
O75665	Q86T90	1
P13056	P23246	1
P78537	P62805	1
P35568	Q08345	1
Q8TDM0	Q13563	1
Q96S44	O95831	1
P49458	Q16637	1
Q9UGY1	Q96ME7	1
Q9Y383	Q8WVK2	1
Q6UWE0	Q01658	1
P49591	Q15029	1
P26006	Q9NVD7	1
Q13554	Q9UI95	1
O75147	Q8N1F7	1
Q96PV0	O75970	1
P03372	P33981	1
Q9BRV8	Q14197	1
Q8N6T7	Q13428	1
Q5VU43	Q9BQ24	1
Q9Y619	Q96DA0	1
Q9NXK8	Q6P3X3	1
Q9UJZ1	Q9NQ50	1
O75604	Q7Z419	1
O94986	Q9UPR3	1
Q13233	P62805	1
P21980	Q15427	1
Q9HD33	Q13405	1
P42345	P25963	1
O60674	Q15257	1
Q13616	Q8WTV0	1
P26651	Q8IU60	1
Q9Y2D8	Q9UPQ9	1
Q6P5W5	Q96FL8	1
P21589	P48029	1
P41597	P02778	1
O95817	Q9NZH7	1
Q96GC5	Q7Z7F7	1
P04792	Q16222	1
P98082	P14866	1
Q07020	P84098	1
Q99759	Q9UM54	1
Q8WTS6	P62805	1
P04629	O76031	1
P68543	Q9H814	1
P04629	P13807	1
Q16854	Q8NCB2	1
Q8IXZ2	Q96EY7	1
Q9P2E3	Q96GQ7	1
P0DPB6	Q9H1D9	1
