O15247	P06492	0
Q6MZZ7	Q1HVG4	0
Q8IUI4	P0C701	0
Q9UJH8	Q1XBR6	0
Q8WWI1	E7DBL9	0
Q8MH63	B9VQD3	0
O60858	Q5NTY3	0
Q9UKL3	P10185	0
P43378	P12977	0
O43175	P06725	0
Q9BPZ3	Q3KSU8	0
P22626	P04288	0
Q8IVC4	P88935	0
P10619	Q9WRJ7	1
Q96FW1	D3YRZ7	0
Q9H4L7	P0CK48	0
Q96A33	F5HC97	0
A4D2G3	G3G960	0
P01375	Q9WSZ6	0
Q9HA64	P17589	0
Q9Y2G9	Q1HVJ0	0
Q16254	O41932	0
Q15049	P03219	0
Q68CJ9	G8HBH4	0
Q15726	P03224	0
Q15818	P10233	0
Q9H9B1	O41969	0
Q9UL17	P88912	0
Q92608	W6AVY5	0
Q15834	P08393	0
Q7Z4G1	Q69113	0
Q9BSQ5	Q9QAI2	0
P06126	P03231	0
Q8N6N6	V5KU41	0
Q0VAQ4	E5LBX2	0
O43247	O40918	0
A0A0K0K1C4	Q8V2D1	0
Q3I5F7	Q2HR71	0
P17813	P03179	0
P55212	O41925	0
Q6NXE6	P0C701	0
Q3KR16	P06484	0
Q96D21	P88925	0
Q8NCS7	Q3KSS8	0
Q9Y281	Q1HVH2	0
Q9Y3D9	P88981	0
Q16543	Q1HVH2	0
Q9UGI6	P28282	0
A0A087WX78	Q69022	0
Q0D2J5	P69332	0
Q6PII3	P04488	0
P19256	P10219	0
P68366	Q8AZJ7	0
Q8TAX9	Q05906	0
Q9H257	Q2HRA7	0
Q5TCQ9	Q2HRC6	0
Q658Y4	P88970	0
Q6UXB4	Q1HVG0	0
A6NDL8	P03179	0
P0C7X0	P10240	0
P22607	P06480	0
Q7Z7H3	Q66677	0
A6NER3	Q9QAI2	0
O14917	O41952	0
Q9UH17	P0C732	0
Q15878	P0C705	0
Q96BW5	P10240	0
Q9C073	P04294	0
Q502W6	P16749	0
P02746	Q77Q36	0
Q9BWD3	F5HBC6	0
A8MYV0	P04294	0
Q16890	Q3KSR4	0
Q9H1C4	P03217	0
P09382	A1Z0Q5	0
O95076	P36313	0
Q9H0A0	Q2HRC9	0
Q16819	P08393	0
Q96NT3	Q66674	0
O00219	W6AVY5	0
Q8IWN7	P10238	0
Q8IYX4	P03215	0
O75528	Q6SW59	0
Q9P215	Q9WNA9	0
O75072	P0C726	0
Q6P9G0	P0C737	0
Q9UNW1	Q3KSQ2	0
Q9Y3R0	G3CKS7	0
O14782	P0C736	0
P23458	Q2MG95	1
P42263	P03228	0
P61769	P09713	1
P01706	O40913	0
P04201	O41962	0
O96024	P88970	0
P35268	Q1HVI8	1
P23458	Q69117	1
O95747	P88991	0
Q9Y619	P03199	0
Q9BUH6	P10212	0
P02545	O41970	1
O00566	P03209	0
P02794	P0CK48	1
Q02985	Q1HVG0	0
Q8N688	A8CSJ8	0
Q07699	Q9QAI1	0
Q9Y2B5	P12978	0
Q9Y6J0	Q1HVH8	0
Q6XXX2	V5KU41	0
Q8TCY0	Q2HRA7	0
O75063	P0C705	0
Q9C0J9	Q98146	0
Q8NGS3	Q06093	0
O75688	Q69117	1
O43612	Q1HVB5	0
Q9H6P5	P0C729	0
P43366	G8HBD2	0
Q8IZQ1	D3YRZ7	0
Q9UBX1	P88983	0
Q9BYD3	P88970	0
O95990	P10204	1
Q6AW86	P10211	0
Q8NI17	F5HAD1	0
Q6P4F7	P19893	0
P13995	P10235	0
P15259	P03215	0
C9JVW0	P03224	0
Q92947	Q9QNF3	0
P04196	O41947	1
Q6L8H1	Q91LX9	0
P09619	P0C737	1
Q58DX5	P0C6Z1	1
Q6ICB0	P88995	0
Q86V97	Q3KSU8	0
Q495A1	P03222	0
O60287	Q6QCM6	0
Q9BYG3	Q3KSS8	0
Q9BZV1	P88912	0
Q68CQ4	P10233	0
Q9Y394	P0C737	1
Q6ZWK4	P10227	0
P0C7P0	Q1HVH2	0
Q9HAU0	Q5PP90	0
P62993	D0UZU1	0
Q8WTR8	Q05906	0
Q9Y6T7	P0C6Z6	0
Q9NP55	P0C732	0
Q96N06	Q9DUM9	0
Q9BYV6	Q69022	0
P01100	Q05906	0
Q8N365	Q8AZJ5	0
P19388	P28282	0
Q9Y5A6	P08393	1
Q13561	G3G960	1
P21675	F5HCV3	0
A0PJX2	Q4VW77	0
Q6A1A2	Q07275	0
Q9Y328	Q2HRD3	0
Q9Y5K8	O41931	0
Q9GZK7	Q2HR85	0
P62834	P0C6Z1	1
P08582	P88951	0
Q14236	P03225	0
Q17RN3	P03179	0
Q96NS1	Q66677	0
Q96RI1	B9VQD4	0
O43615	P0C788	1
O14793	F5HBL8	0
Q6W3E5	P0C732	0
Q9UND3	P09708	0
Q8NBA8	Q9DGW5	0
O60242	P88959	0
O60568	P03172	0
Q7RTR0	Q76RF6	0
Q13310	F5HEZ4	0
P35414	Q05906	0
O43427	F5HDA4	0
Q8N4S0	Q3KSR7	0
Q8NI28	Q3KSU7	0
Q9H6D7	Q2HRA7	0
Q9NZM1	P03209	1
P13805	Q9DGW5	0
A0A075B6R9	A8CSJ8	0
P25789	G3CKS7	1
Q9BQG1	P0C705	0
Q6V0L0	P03193	0
Q8N8N7	P88926	0
Q9H3H5	P03224	0
Q12882	P68343	0
Q12840	Q9DGW5	0
O15211	O92597	1
P07101	P0C737	0
Q96D09	I1YP38	0
P34913	O41946	0
Q9P273	P32888	0
O60716	Q2MG95	1
A8MT66	P68343	0
P41250	P88986	0
Q9Y2H0	Q2MG95	0
P0DMU2	Q1HVF7	0
Q92673	D3YPE9	0
P20339	P13201	0
O60825	Q91LX9	0
P13861	P04296	0
P15260	Q9Q2P0	0
Q13153	Q3KSS4	0
Q9HC57	P19893	0
P38159	P10228	0
Q9H0X4	A8T7D5	0
Q17RY6	Q69549	0
Q99873	Q9QR71	1
Q9NZN8	P03227	0
P50607	P0CK53	0
Q13432	P90463	0
Q5TGU0	Q1HVG0	0
P55084	O36551	1
Q8WUI4	P08393	1
Q8NFT6	Q69018	0
Q6ZMG9	P04291	0
Q9NPI6	F5HFA1	0
P49961	Q4JR05	0
Q8NFH8	E5LBS6	0
Q9UHK0	P03222	0
Q969S3	Q76RI8	1
P0DMR3	Q9DUM3	0
Q8NFR3	P10234	0
Q8N1G2	P03215	0
Q9UHQ9	Q9DGW5	0
Q9NTM9	Q9YRL3	0
Q6N043	P10226	0
Q9Y3B2	P0C737	0
Q8WWV3	Q9QAI1	0
Q6ZMV5	Q2HR85	0
P51810	P10230	0
P0DO92	Q9YRL3	0
Q13875	A1Z0Q5	0
Q8IUH5	P04487	0
Q92973	P03211	1
Q92752	F5HHZ3	0
Q8N7I0	P29128	0
Q9Y471	P06477	0
A1L190	O41966	0
Q6XYB7	P03197	0
Q9UMF0	Q9DGW5	0
Q5SRD1	P0C723	0
P41134	Q9QR71	1
Q92730	Q2HRC7	0
O75715	P36313	0
Q9NX94	O41964	0
Q9Y5H5	O41925	0
Q6NUK4	Q1HVF6	0
Q9H492	P68345	0
Q9NTJ5	Q76SF8	1
P23760	Q1HVB5	0
Q9NZU7	Q6SW66	0
Q9BRK5	F5HDD0	0
P0CG24	Q8AZJ3	0
P78330	P10233	0
P15976	Q1HVD6	0
P13535	P88947	0
Q9BZJ7	Q9QJ12	0
Q96NI8	Q6SWB7	0
P20585	P04296	1
Q5JST6	P88987	0
Q9UDY2	E5LBS6	0
A6NJ08	Q69114	0
Q6DKI2	P69332	0
P0CF97	V5KU41	0
Q8TDW7	Q6SW29	0
Q9BQQ3	Q69117	0
O60506	P04413	0
E7EU14	Q3KSS4	0
P27707	Q991M3	0
Q15024	Q98146	0
P20749	Q9QAI1	0
Q4G0G5	P03200	0
Q05397	O41962	0
Q9Y294	P0CK58	0
Q02575	Q2HR85	0
P17509	P03227	0
Q96IR2	P68343	0
Q9UII4	Q6F4H9	0
P50607	P04296	0
Q63ZY3	Q1HVI8	1
P06133	O41966	0
Q86UN2	U5TQE9	0
Q9H853	F5HC97	0
Q6NXT2	Q69132	0
P42575	P22575	0
Q2M2E5	P88995	0
Q9GZM8	Q76RF6	0
O95050	Q98136	0
A8MT70	Q76RH0	0
Q5VZI3	B9VQD3	0
A0A0C4DH41	P88980	0
Q8NGF1	E5LBX0	0
Q9BTU6	Q69091	0
Q9HBW1	P28939	0
O95071	Q3KSU7	0
Q49A26	P68331	1
O75078	Q1HVD3	0
Q9BQB4	Q2HR64	0
P15382	Q69114	0
Q96T68	P06437	0
Q86T65	Q9WNA9	0
Q7Z434	Q81013	0
P82914	B9VQD4	0
P13798	P10233	0
Q8N8U9	P03185	0
A0A0G2JMD5	P03230	0
O60353	Q77PU6	0
Q9NRD5	P06481	0
Q14678	P0C6Z9	0
Q9ULH0	Q0QI92	0
Q2NL68	P03208	0
P09972	P06725	0
Q14181	W6AVY5	0
Q5SGD2	Q1HVG2	0
P12236	P88924	0
Q147U1	Q18LE1	0
O60494	P04413	0
Q9H3S1	A0A0C7TA99	0
Q96AA3	P03185	0
P22087	P13198	0
P19875	P10234	0
Q9P265	P10208	0
Q96LW9	Q1XBR6	0
O00165	Q3KSS3	0
P0C7X0	P88937	0
P14207	P06480	0
Q9UII5	P0CK50	0
Q5NDL2	K9UT94	0
Q8N9Z2	Q69549	0
Q9H7C4	Q76SK3	0
Q7RTY3	P06486	0
P31939	F5HCV3	0
Q6UXV3	F5HBC6	0
P63173	Q98143	0
P61006	P17473	0
P62699	F5HCV3	0
Q92914	F5HDA4	0
Q9UKX7	Q1XBR6	0
C9JJH3	P03200	0
Q9BTV5	A8T7D5	0
Q71U36	H2A1D8	1
Q9NZM1	Q1HVG0	1
O43294	P08543	0
Q9H598	H2A1D8	0
Q6P5S2	F5HE15	0
O14817	P0C737	0
P15822	P03200	0
A6NN73	P17473	0
Q8IZC4	A0A0C7TA99	0
P60880	Q69022	0
O43602	P04296	0
Q5VWQ0	P03219	0
Q93096	P88925	0
Q9HAZ2	P03212	0
Q9Y5R5	E7DBL9	0
Q8WUZ0	Q9WSZ6	0
P56545	P10186	1
P0DMU9	P10212	0
Q96P47	O36551	1
O60427	F5HAM0	0
Q8NGL6	F5HBC6	0
Q7Z698	Q69138	0
Q9H061	Q8AZJ7	0
P78414	D3YP88	0
P30550	K4P3M7	0
Q9H6U8	F5HAM0	0
O14967	B9VQD4	0
Q8IWU9	O41949	0
P0CG35	O41939	0
Q8N3T1	P88911	0
Q13405	K9UT94	0
Q9Y5G7	Q98157	0
P78348	P04288	0
Q86YZ3	P10204	0
Q9NZN1	Q6F4H9	0
B2RU33	P06477	0
Q6UX73	Q98147	0
P24723	Q81013	0
P04003	Q2HR75	0
Q14112	P10189	0
P48995	P03188	0
P30622-1	P89654	0
Q9BXF9	P88957	0
Q13510	C7E5A9	0
Q9C098	Q1HVI8	0
Q96G79	O40913	0
Q96AQ8	P03232	0
O95760	O41951	0
Q9NVL8	P88957	0
Q9UPN7	P03172	0
Q9BQP7	P06480	0
Q86T03	Q8AZJ3	1
Q9H0Y0	P10219	0
P14316	Q9WNA9	0
Q9NQ75	P29128	0
Q8NDL9	P10227	0
Q8N6I1	Q1HVD6	0
P20336	G3G922	0
Q8NGP2	P10230	0
Q6PIV7	A0A0C7TUY8	0
Q7Z6J0	D2XQB9	0
Q99426	F5HFG5	0
Q96N76	P06437	0
Q6ZVK8	P03222	0
Q8TCE6	P88980	0
Q9BRT8	Q2HRA7	0
Q8IWZ4	P06491	0
P01877	Q2HRC7	0
Q8NG95	Q76RI2	0
Q05519	P04291	0
Q9Y5H4	Q3KSS7	0
O14603	Q4VW77	0
Q8NDZ6	Q2HR64	0
Q5TA77	Q76SK3	0
Q6ZN03	Q1HVH8	0
Q86VE0	P87662	0
Q9BRK4	P0CK48	1
O15350	P0C6Z1	0
Q5VSP4	Q2HRC7	0
Q6UXT8	O41966	0
P53677	O92597	0
P52735	P89654	1
Q8IZ07	P0CK58	1
P04435	O40917	0
O15498	P08543	0
P54108	O41962	0
Q8TBZ2	P88926	0
Q9H5L6	Q9QNF3	0
P01700	Q3KSV2	0
Q05048	P03177	0
Q96ES6	Q1HVH9	0
A0A1B0GVH4	P03230	0
Q8TDD5	Q6SVZ5	0
Q9H7T9	Q4JR05	0
Q9BXU7	P89432	0
Q9NYJ1	P0C788	0
Q16280	Q76RH5	0
Q9HCL3	Q69018	0
O75400	P36313	0
Q6ZMQ8	P10240	0
Q7Z7J7	P88937	0
Q9C056	Q69091	0
P08582	P88995	0
A6NCS4	P90489	0
O60506	L8B1Q7	0
Q9H7Z7	F5HEU0	0
O43464	P06485	0
O43521	P03206	0
P20711	P04294	0
Q6ZN18	Q76SB6	0
Q9H8G1	Q9WRJ7	0
P28907	Q9QNF3	0
Q86V85	Q98157	0
O94844	Q69018	0
Q9Y572	P88996	0
Q14957	P10215	0
Q6P4H8	P57083	0
Q9NP73	Q8AZM1	0
Q9P1Z3	P08393	1
P08729	P10219	0
Q6SZW1	P0C6Z3	0
Q7Z4F1	P0C737	1
Q9Y6X6	G8HBD9	0
Q9H1A3	P90463	0
P20591	Q3KSN9	0
P26583	P88935	0
Q99965	Q1HVG4	0
Q9BSK1	Q9YRL8	0
Q9BTT6	Q9QAI1	0
P62913	O41927	0
P24001	D0UZL9	0
P07305	P88991	0
Q9BPZ3	P16757	0
Q9BYV9	A0A140GKJ0	0
Q5JR59	P32888	1
Q9P296	P28939	0
Q8N8I0	Q77CE4	0
O60774	P89654	0
Q2VPA4	P88944	0
P0DPD5	Q9DGW5	0
Q12794	P88970	0
Q3LI81	P10236	0
P03973	Q9QJ12	0
Q9P0K9	P30020	0
A0A0B4J1V7	Q77CE4	0
Q9Y6I0	P10238	0
P49459	P0C788	0
Q96DB2	Q1HVJ2	0
O43390	Q76SK3	0
Q9C0C7	P0C6Z9	0
O43610	Q9DUM3	0
Q6ZWJ8	P0CK58	0
P01298	P03215	0
Q76KX8	P10208	0
P58180	P16780	0
Q5TAT6	D0UZS3	0
Q08AF3	O36551	0
P42768	Q69559	0
Q9P031	P03185	0
O14975	P88997	0
O60810	P09503	0
Q9P2H5	Q3KSQ1	0
Q7KZF4	Q69022	1
Q96CS2	P68323	0
Q04741	P0CK50	0
Q96C11	F5HDA4	0
Q15554	Q1HVF7	1
M0QZC1	Q1HVG1	0
Q68DY1	P0C736	0
Q8IXI2	G3CKS7	1
P49459	P0C736	0
P01023	Q2HRC7	0
O14763	Q6RJQ3	1
Q12864	G3G960	0
O76075	P03230	0
Q9HD90	P28939	0
Q96L50	Q76RH5	0
P50502	P69332	0
A0A0C4DH68	P04295	0
Q9HB96	P03170	0
P57076	P03200	0
Q9UL16	P12978	0
Q86YH6	O41969	0
P17858	G3CKS7	1
Q96DW6	P68343	0
Q6ZMU5	P03179	0
P35858	P68345	0
O14764	Q76RH0	0
Q9UM11	P03231	0
Q08AI6	P03215	0
Q5XG87	Q9QR71	0
P11047	Q4VW77	0
Q5SQQ9	P03203	0
Q9NYK6	O40917	0
Q56P42	Q1HVG4	0
P78509	P10204	0
Q8TAW3	P89432	0
Q15554	P0CK48	0
P55774	P10239	0
Q96PG8	Q6QCP6	0
O94804	P16757	0
Q8NH73	P16778	0
Q8WWV3	Q3KSS4	0
P56880	P10226	0
Q92796	P10185	0
O43805	P03217	0
A0A0C4DH38	Q1HVJ2	0
O43741	P03186	0
P16615	Q1HVJ2	1
Q5T011	P09708	0
Q156A1	Q9QAI2	0
Q9NQW5	P03179	0
P11049	F5HBC6	0
Q13472	Q69117	0
Q8IY63	Q06093	0
Q8N6N3	P22575	0
Q7Z7E8	P22575	0
Q8TBB5	P16727	0
Q12836	W6AVY5	0
Q96L94	P10221	0
Q16798	Q8AZJ5	0
O00254	P03220	0
Q9Y5N1	P88990	0
P04275	Q69119	1
Q9P246	P0CK57	0
O00308	P0C723	1
Q15643	O41957	1
P62745	P06436	0
Q9H2D1	Q9QAI1	0
Q9H1Z9	Q2HR82	0
P0DSN7	Q1HVG1	0
P29966	P0C737	1
P35908	P10189	0
Q12756	P10236	0
Q96RK1	Q5MJ03	0
P31995	P04294	0
A6NFQ7	P10217	0
Q9UKL2	Q2HRA1	0
Q9BQB6	P03220	1
Q9Y303	P88924	0
P0DMW2	P10218	0
P00739	Q69113	0
P54274	Q9QR71	1
Q9Y520	Q2HRA1	0
Q96DE5	Q8AZJ7	0
Q92558	D3YP88	0
Q9UK76	P88983	0
P62820	Q6SWA4	1
Q8N423	Q91LX9	0
P09661	B9VQD4	0
Q6ZWI9	Q1HVH8	0
O60684	Q69549	0
P43004	Q2HR71	0
Q9BZM1	P03208	0
Q6PL24	P88944	0
Q8NFW1	P0C729	0
Q96N64	P03228	0
Q9NXZ1	P88986	0
O60264	P04296	1
A0A0C4DH24	E5LBX0	0
Q13113	Q9QAH9	0
Q96J01	P88997	0
Q6P2Q9	P03169	0
Q6FH22	P0C706	1
Q9ULG3	P03220	0
Q6ZQY2	Q69119	0
Q9H7C9	P88995	0
Q8N8A8	P10219	0
P82251	P06477	0
Q9UKF6	Q98143	1
P06331	Q9QR71	0
A0A183	Q91LX9	0
P0C7X3	Q9J0X9	0
Q86UV7	Q69115	0
Q969J5	Q3KSQ1	0
Q93079	D0UZS3	0
Q719H9	P25214	0
O00267	P04290	0
A8MZ26	Q2HR64	0
P28289	P68323	0
P02814	F5HE15	0
E5RHQ5	P0C729	0
Q8NH04	Q1XBR6	0
Q16763	A0A2H4PJV3	0
Q9UIG8	G3CKS7	0
Q8TAB7	F5HFD2	0
Q149M9	P88937	0
Q8WVE7	P16749	0
Q15542	Q1HVG0	0
P31271	K9UT94	0
Q86V59	P88951	0
Q15014	G8HBD9	0
O15372	Q69113	0
O95218	P0C788	0
Q58FF6	P03222	0
Q5THJ4	P10205	0
O94818	G8HBD9	0
Q7KZF4	Q1HVD1	1
Q13291	Q1HVG4	0
Q9HCC0	P04487	1
Q10713	Q66674	0
P55773	Q69091	0
P62847	F5HCV3	0
P09429	P0C763	0
Q9Y5Z4	P88935	0
Q2TAY7	P0C788	0
Q9ULW3	Q2HRC7	0
P48730	O41970	0
Q9Y5R4	P10226	0
Q8IVJ1	F5HB81	0
Q6ZV56	P03220	0
O95573	Q8AZJ5	0
P78371	P06484	1
Q9NR55	Q9DGW5	1
P50548	P03232	0
A8MXK9	Q9WSZ6	0
Q8IZC6	P03220	0
P15692	P0C701	0
Q9NZM6	Q6QCN2	0
Q69YQ0	P88925	0
P23083	P08393	0
Q8NHH9	Q1HVF7	0
Q9NT62	Q69113	0
O75508	P88944	0
Q9BWT1	G8HBD2	0
Q99547	O40913	0
O75121	P88988	0
Q6S9Z5	O41970	0
Q3MIS6	P06480	0
Q5T764	P09713	0
Q149M9	Q98147	0
Q8TBR4	Q3KSS3	0
Q8NGX8	V5KTY7	0
Q6I9Y2	B8YEH0	0
Q9NZ56	E5LBX2	0
Q6ZRU5	Q1HVD3	0
Q58A44	P10224	0
O75152	Q6F4H9	0
P55884	P19893	0
Q9BUM1	E5LBX2	0
Q9NXG2	Q9J3M8	0
P48728	P10191	0
F5H4A9	O41966	0
Q9Y2M2	Q1XBR6	0
Q8IXW5	Q9WRJ7	0
Q8WVH0	Q9WNA9	0
Q4L180	Q9QR69	0
Q9NUM3	Q66677	0
P10588	Q76RJ0	0
Q96AT1	B1A9Q8	0
P05198	Q04360	0
Q8NCQ7	P88995	0
P32249	Q9J0X9	0
P05108	Q1HVD6	0
P08240	P0C6Z1	1
Q9UIX4	Q1HVG2	0
P0C7V4	F5HBL8	0
P84074	Q76RI6	0
Q330K2	Q1HVB8	0
Q5T6C5	P10228	0
Q9BYQ3	Q9J4B7	0
Q6UXI7	Q76RI8	0
Q9NT62	P16778	0
Q9BZM6	P03208	0
Q9NYW7	G8HBH4	0
O00757	Q9QJ49	0
P63126	P0C737	0
A6NDY2	P88952	0
Q9BQ16	P88937	0
Q9UBX5	Q3KSN9	1
Q9H799	P12977	0
Q9HC16	P88926	0
P35606	P88988	1
Q8WXE0	P04294	0
Q6NSJ2	Q1HVI8	0
P24534	I1YP38	0
P61296	Q69114	0
Q96BN2	O41952	0
Q8N999	P10208	0
Q9Y5F0	Q77CE4	0
Q6P1R3	P0CK58	0
Q9HCE9	Q1HVJ0	0
P32927	P12978	0
Q14781	P10236	0
A6NG13	E5LBS6	0
P58215	P08393	0
Q12792	P03232	0
P27540	P88980	0
Q96IZ0	P03193	0
Q9Y5X2	Q9Q2P0	0
P31260	B1A9Q8	0
O15440	D3YP88	0
Q9H845	P03169	0
P37173	P13285	1
Q96T25	Q9QR71	0
Q9NYL5	Q3KSV2	0
P05161	P04488	0
P28067	P88947	0
Q9H2J1	Q9J0X9	0
Q9P2P1	E5LBU3	0
Q6ZVU0	P18139	0
Q96E93	Q3KSV2	0
Q6NUQ1	Q991M3	0
Q08257	P06480	0
O15393	P0CK57	0
Q0VFX4	O41951	0
Q8IWL1	I1YP38	0
Q8IZH2	A8E1H1	0
Q8WXC6	Q3KSU1	0
Q86UF1	D0UZN7	0
Q8N9Z9	P10235	0
P08708	B9VQD3	0
Q96HA1	Q8AZJ3	0
O60353	Q77Q36	0
P62195	P09713	0
Q96KT7	F5HH39	0
P20671	P03224	0
Q92530	P06436	0
P46108	Q69113	0
P41220	Q9QAH9	0
Q8WW24	O41951	0
P06126	Q2HRD3	0
P78545	P90495	0
Q8N4E7	P08543	0
P60323	Q2HRC6	0
P49588	P19893	0
O95785	P18139	0
Q6NT16	P10236	0
Q9UBS9	P16769	0
A5PLL7	F5HAD1	0
Q9UBP0	P06491	0
P17655	P30119	1
Q9HA64	P03225	0
Q8N4S0	P03211	0
Q9BVW6	F5HCV3	0
Q8TCH9	P10210	0
Q13066	Q3KSQ2	0
O75808	P10210	0
A6NNC1	E5LBU3	0
Q9NYW8	O41957	1
P50281	P0CK57	1
Q3BBV2	P03193	0
Q86SX3	P03192	0
Q9Y546	P16757	0
Q96PV4	O41946	0
Q99848	Q1HVF7	1
P20933	P03198	0
Q8N806	P0CK58	0
P14868	P0CK57	1
Q9Y4E8	Q8AZJ5	0
B2RC85	Q06093	0
P15622	P03227	1
O75373	P88951	0
Q8TB92	A8CSJ8	0
P08572	P03228	0
Q6P3S1	P88990	0
Q9BV79	Q1XBR6	0
P28222	Q9YRL8	0
Q9H1I8	P10225	0
P62952	Q69018	0
O43918	Q98157	0
Q9HBJ7	Q2HR64	0
P50402	P10239	0
Q5SYB0	Q66677	0
Q8N141	Q3KSS8	0
A8K7I4	P88970	0
P22362	Q6RJQ3	0
A0A096LP49	Q9QAI2	0
Q9Y5H1	Q6QCN2	0
E9PGG2	P03200	0
O00220	Q3KSQ1	0
Q9Y3E2	E5LBS6	1
Q8N960	Q2HRA1	0
Q8N4M1	G3CKS7	0
Q6VUC0	Q76RI8	0
Q14108	P16769	0
Q9UKT8	P13199	0
Q53S33	P03186	0
Q969J3	Q76RI8	0
Q3YBM2	Q76RH5	0
O60238	P10230	0
Q9BTM1	Q81013	0
Q6S5H5	P10228	0
O43426	Q69138	0
P07237	P12978	0
P42857	P90463	0
Q6P1M9	F5HAD1	0
Q7Z2G1	P06480	0
Q8N413	P16780	0
Q9UKD2	B9VQD3	0
P54707	Q1HVG1	0
Q8ND23	Q5NTY3	0
P00395	O36551	1
Q93083	Q04234	0
P50238	P30119	0
Q9NUQ8	Q91LX9	0
Q71H61	P88935	0
Q5SY16	Q2HRD3	0
P26441	F5HDE4	0
Q6UXA7	P03222	0
P62701	P03209	0
Q9UKU9	Q98143	0
A6NNB3	Q1HVF6	0
Q9Y5P8	G8HBD9	0
P03915	Q2MG95	0
P05455	P30119	0
O15228	Q98138	1
Q9BY11	Q9WNA9	0
Q8NFR3	P13198	0
Q8N9T8	P10205	0
Q9Y662	F5HE15	0
O60494	Q1HVJ2	1
Q96MW1	Q3KSU7	0
Q8N5L8	O41958	0
P24844	F5HC97	0
Q9ULC6	A0A2H4PJV3	0
Q13404	P08393	1
Q8NGX6	Q66677	0
Q6UVM3	Q77UV1	0
Q08378	P88970	0
Q5VTL8	P10233	1
P28074	Q1HVJ2	1
P0DJD9	P10193	0
P16402	Q6F4H9	0
Q9P0V8	P10215	0
Q9H467	Q1HVI8	0
Q06330	Q9QR71	1
O95744	P06725	0
Q8NCG7	O41947	0
Q14693	P17473	0
Q9NYG2	P0C737	0
Q53FE4	P88952	0
Q92934	P10227	0
P20023	P06480	0
Q8IU89	P03185	0
P14373	P03188	1
Q9UPU5	Q8AZM1	0
P78371	P04413	1
Q03403	G8HBD9	0
Q8N129	Q66674	0
A3QJZ6	P68345	0
Q9Y543	P10235	0
Q8TBF5	P88944	0
Q641Q2	Q81013	0
Q2TBE0	P06726	0
A6NKL6	P16749	0
Q12840	O41958	0
Q12931	Q69115	0
Q96MT0	P10211	0
P04921	P0C6Z9	0
O14948	Q6SW94	0
Q9Y3B2	F5HE05	0
Q9H0U6	P0C6Z9	0
Q8TCZ2	P10228	0
P32745	Q6RJQ3	0
Q7Z5H4	P13202	0
Q08379	P0C6Z9	1
Q15833	O41974	0
Q9UEW8	P06485	0
P07093	K9UT94	1
Q96HA1	Q6SW66	0
Q8IWD5	P88925	0
Q9NPB8	Q1HVD3	0
Q86TX2	Q76TK5	0
Q9BQB6	Q69117	1
Q5GH76	P04295	0
Q6DCA0	Q66674	0
Q8WUN7	Q98138	0
Q8TCY9	Q04234	0
Q9NXD2	P0CK50	0
Q96C86	P0CK50	0
Q99645	Q9DUN1	0
P04083	P0CK48	0
Q86U42	Q69115	0
Q9UKC9	O41958	0
P19784	P03211	1
Q9Y234	P06725	0
Q9H0X9	F5HB81	0
Q9Y3Y4	P0C6Z3	0
Q9Y388	P10204	0
P17987	P30119	0
Q86YS3	P10211	0
Q13972	E5LBU3	0
P0C0L4	Q2HRD4	1
Q9UGL9	P03170	0
Q14119	P13285	0
P51787	F5HE12	0
P01889	Q1HVH9	1
P30153	Q69117	1
O43866	P90463	0
Q8NE62	Q2HR82	0
O14753	Q9QAH9	0
P14384	Q9Q2P0	0
Q96ED9	P10225	0
O15371	G8HBD2	0
P0DL12	P04294	0
Q9NQ84	P04413	0
A0A0A6YYK6	P0C6Z8	0
Q86T96	O41963	0
Q9UBX5	P03188	1
Q3ZCM7	Q2HRC6	0
Q8N0W7	B9VQD3	0
Q30201	Q04234	0
Q5VSR9	O41962	0
Q9UNZ5	Q69115	0
A0A0K0K1D8	O40939	0
O95718	E7DBL9	0
Q6PIV7	P68343	0
Q9H2K2	P03211	1
Q9UBD6	F5HE05	0
O94989	O41958	0
P31350	P03219	0
A0A0B4J1V2	P88937	0
Q9NYF3	Q5PP90	0
P52198	P03179	0
Q6IF63	F5HB81	0
Q9H3U1	Q9QNF3	0
Q9NZG7	B8YEH0	0
O75477	P0C6Z1	1
Q8TAD8	Q81013	0
Q96DB9	Q6SWA4	0
Q9P217	P13199	0
Q9Y6U3	P16791	0
P09769	P88947	0
Q8N9I5	F5HDD0	0
Q6IF99	Q8V2D1	0
O15239	Q3KSR4	0
Q13291	Q2HRC6	0
Q8J025	A0A0C7TA99	0
Q8TA94	P08560	0
A8MRT5	Q66677	0
Q13443	O36551	0
Q8IYB9	P0C736	0
P62760	O41962	0
Q6ZP80	P10204	1
Q8NAA5	O40913	0
P47872	P0C723	0
Q8N323	Q6SW46	0
P12107	P04290	0
P05496	P09713	0
P51665	P13285	1
P35346	Q69114	0
Q8N7R0	P04291	0
Q92538	P0CK57	1
Q9NZ56	O41963	0
Q9NUL7	P03208	0
Q96NJ3	Q1HVD1	0
P59025	P88911	0
Q587I9	P10228	0
A6NEE1	P88952	0
Q99442	Q2MG95	1
Q13422	Q69554	0
Q6RVD6	G8HBH4	0
Q7Z3V4	O41966	0
P0CG32	Q76RF6	0
Q5T0N1	Q8V2D1	0
Q8TEH3	Q69559	0
O60431	Q9WSZ6	0
P21730	P88925	0
Q9UIG8	Q69018	0
A6NGC4	P89884	0
Q7L5D6	F5HDD0	0
P62750	P12978	0
O15444	Q9YRL8	0
P09529	Q76RG2	0
Q6PCT2	Q1HVH2	0
P50226	P03186	0
Q6ZXV5	Q76RI6	0
P29377	Q76RH1	0
P0DTA3	Q3KSQ2	0
H0Y354	Q3KSV2	0
O75493	C7E5A9	0
Q9UGL1	B8YEH0	0
Q58F21	A0A2H4PJV3	0
O75575	Q69113	0
Q9NRQ5	E5LBU3	0
Q9NU39	Q69018	0
P49427	P06481	0
Q9BYR4	Q91LX9	0
P0DP02	O41955	0
Q9BXM9	A8E1C4	0
O60610	P03189	0
P01730	P28939	0
Q9Y4K3	Q66677	1
Q587J8	P13202	0
Q8TF32	A0A0C7TUY8	0
P48048	Q6SVZ5	0
Q96JJ7	Q1HVD1	0
A0A0B4J1U7	P88912	0
Q658T7	Q8AZM1	0
Q9NTX5	P10189	0
Q5VXU1	Q3KSQ2	0
Q71UI9	P16749	0
Q96H22	Q98157	0
A0A1W2PS27	Q76RF6	0
A0A0A6YYG2	P88951	0
Q53HC0	Q6SW46	0
P25786	P03198	0
Q5VZL5	Q2HRC6	0
A0A0B4J1Z2	E5LBX0	0
O60858	O92597	0
Q15427	P10231	1
A0A0C4DH30	P28282	0
A0A0B4J268	Q6QCN2	0
Q6NXP0	P10233	1
Q86YD1	C7E5A9	0
A0A1W2PS18	P17473	0
Q86YW9	Q3KST2	0
Q5VUY0	P08353	0
P22303	P68345	0
Q96GM5	P04296	1
Q99873	P03225	1
Q9HB55	F5HCJ2	0
Q5QGZ9	P16780	0
Q9BSD3	Q9DUM9	0
P13726	P10230	0
Q9NXJ0	B9VQD4	0
Q9BVG8	P03192	0
Q15651	Q69119	0
O14618	A1Z0Q5	0
Q8TB96	Q04360	0
A0A087WTH1	P10229	0
O14896	Q1HVG2	0
Q8IWJ2	Q8AZJ3	0
Q4ZJI4	Q76RI6	0
Q6ZN44	P06486	0
Q96N38	P68343	0
P39023	Q1HVF7	1
P24844	Q3KSV2	0
Q9UL58	F5HC97	0
P01160	Q1HVF7	0
Q9UBQ6	P06726	0
P15515	P88935	0
Q8NEY3	Q77CE4	0
Q9H496	Q76RH0	0
P61803	B8YEH0	0
Q6L8Q7	P03204	0
Q9UNI1	F5HAD1	0
P09327	Q1HVG4	0
P41217	Q69117	0
Q9Y6K8	P13202	0
Q9NTJ5	P0C6Z1	1
P04004	O41954	0
Q96IZ6	Q9YJQ8	0
Q9UHN1	P04487	0
O60603	A8CSJ8	0
Q96T55	A8T7D5	0
Q9HCN3	P0C736	0
O75581	P03195	0
Q96PI1	Q1HVD1	0
Q9NXV2	K9UT94	0
P60520	L8B1Q7	0
Q86U06	A8E1H1	0
Q6N043	Q77PU6	0
Q9GZN4	P88950	0
P00505	Q69113	0
Q9UET6	P03199	0
O95807	A8E1C4	0
P49643	P12978	0
O15254	F5HDE4	0
Q6UXD1	P88952	0
O75161	P03211	0
Q9UKR8	Q69091	0
P0C263	P06486	0
Q2M389	P03172	0
Q9H2E6	Q76SK3	0
Q9H4S2	O41970	0
P53007	P16778	0
Q02246	P68336	0
Q9NZM6	P10226	0
Q8NH95	P16757	0
Q92585	F5HBL8	0
O75971	Q66674	0
Q4VC12	P03232	0
Q7Z3V4	Q9QJ49	0
Q92567	Q3KSQ2	0
Q9BRG1	Q9QAI2	0
Q9BT30	P03169	0
Q9UKD1	P88992	0
Q15034	D0UZN7	0
A8MUL3	P68336	0
O95497	P16749	0
Q9BU68	F5HEU0	0
Q9NSC5	P0CK48	1
Q13137	Q1HVD3	1
P68133	P0C732	0
Q9UIR0	P10233	0
Q9NYA4	P69332	0
Q9NX57	Q6SW66	0
O60503	P06436	0
P16389	P10227	0
P0DPE3	O41947	0
Q96TA2	Q9J4B7	0
Q8ND04	Q9QR71	0
O60496	Q1HVB5	0
Q9Y2Y1	Q76RF5	0
Q495T6	O41949	0
O75175	P03188	0
Q7Z3T8	P04291	0
O43633	Q69091	0
Q3C1V1	P88988	0
Q9N2J8	Q2MG96	0
Q8IZN7	P03228	0
Q9P0J7	Q6QCP6	0
A8MWE9	P89653	0
P0DOX8	P68345	0
Q9UPV0	Q77Q36	0
Q9ULT0	Q2HR71	0
P01566	P12888	0
Q8WU17	P28282	0
O14610	A8E1C4	0
Q13469	Q3KSS8	0
Q8IW93	Q2HRC6	0
O15027	P0CK57	1
Q96P63	P88944	0
P14672	Q1HVB8	0
Q6AI12	O41951	0
Q9Y573	P06491	0
P17040	Q06093	0
Q5T1N1	P10220	0
Q9Y2D5	F5HE05	0
Q9Y3C8	P06436	0
Q6W2J9	Q3KSS7	0
Q15878	O41947	0
Q8NEP7	P03188	0
O75864	P13285	0
Q8N5P1	F5HEU0	0
Q9GZU0	W6AVY5	0
A6NJY4	P10231	0
Q5SW79	P30119	1
O95084	Q77UV1	0
Q29983	P03169	0
Q8NBJ4	Q1HVJ2	0
P05108	Q9QJ12	0
Q13606	P13198	0
Q9H3T2	P16749	0
Q8NH94	P10240	0
Q03405	E7DBL9	0
Q99848	P03179	0
P56192	P0CK48	1
O75534	Q8V2D1	0
P55735	Q1HVF6	0
P39023	P03211	1
Q9H098	F5HE12	0
Q8WZ82	Q9J3M8	0
P11230	P10217	0
Q13516	P03198	0
Q9NZI7	P10201	0
P49223	Q76RI6	0
Q6P1L8	O41969	0
Q96DP5	Q05906	0
Q9UHE5	B9VQD3	0
Q8IW00	Q69554	0
Q9Y615	P08353	0
Q96IV6	O41951	0
Q16778	Q2HRC7	0
P57088	P0C6Z1	1
Q96FG2	Q76RI8	0
P05305	P88912	0
P04141	F5HEU0	0
Q8IXI1	Q1HVJ0	1
Q14721	Q76RF6	0
Q9NS69	Q69022	0
P01282	O41946	0
Q6NZI2	Q98136	0
Q9H293	L8B1Q7	0
Q99966	Q9DUM3	0
O15457	P68343	0
P24539	Q9YRL3	0
Q6P2P2	F5HCM1	0
P55289	P88935	0
Q96C92	P17589	0
Q5VVW2	P0C701	0
Q8TF71	P03220	0
Q05823	Q77UV1	0
O76054	Q2HRA7	0
Q8N565	F5HC97	0
Q9BWU0	P0C6Z9	0
Q8N1W1	P03225	0
Q01826	P17589	0
P55197	Q2HRD3	0
E9PQ53	Q6SWB7	0
Q96F05	Q3KSS7	0
A6NNJ1	F5HCJ2	0
Q9H4K1	P13198	0
P01733	Q69113	0
Q86X60	Q1HVB5	0
A6NDL8	P88996	0
Q9H1U4	Q3KSR4	0
Q96EY7	Q01043	0
Q7Z5Q5	P06492	0
Q8N910	A0A140GKJ0	0
Q8NHM4	P88926	0
Q8N8P6	P13198	0
P48382	P68331	0
Q86W28	P16778	0
Q96LB0	Q04360	0
O00421	Q3KSU8	0
P84996	O41954	0
Q15004	P10230	0
P57682	P10225	0
O75369	P03231	0
P27815	Q9J4B7	0
Q96L12	Q8V2D1	0
P40925	O41964	0
P62269	P06484	1
Q99990	V5KU41	0
O60235	P10208	0
P21964	A0A0C7TUY8	1
A6NHA9	Q9WNA9	0
P47985	P10189	0
Q5T9C2	Q9DUM3	0
Q8TEW6	P12977	0
Q99828	P90463	0
Q9P2N2	P10217	0
Q9UL62	W6AVY5	0
P0CG31	Q98147	0
Q9H208	Q69559	0
P10144	Q9QAI2	0
Q9NWS0	Q76SK3	0
Q9Y6Y9	P13292	0
P48066	Q76RJ0	0
Q8N398	Q6QCM6	0
Q3ZCV2	F8RFA1	0
Q15293	F5HDA4	0
Q71RC2	Q1HVH8	0
P25685	Q9DUM9	0
Q96AQ6	K9UT94	1
Q12948	P0CK57	0
P20711	O92597	0
O60813	U5TQE9	0
Q8N8P7	P88912	0
Q9H2X9	P06477	0
A6NKK0	Q2HR82	0
P42262	P88911	0
Q8NBP5	Q3KSR8	0
P60509	Q5NTY3	0
Q8N1Y9	P03219	0
Q8N1T3	P10239	0
O95405	Q8AZM1	0
Q9Y333	O41966	0
Q9H4A3	P16780	0
P03915	O41963	0
Q7Z2K6	Q76RH5	0
Q9ULR5	A0A0C7TRZ7	0
Q8N7B1	P10185	0
Q9BUM1	O41941	0
Q2NL68	Q1HVG0	0
Q9NRX1	P10185	0
Q9NX18	F5HCM1	0
A0A0B4J275	P10231	0
Q86WN1	Q69022	1
Q9HCC9	O41955	0
Q9GZQ4	Q6SWB7	0
Q8NB49	O36551	1
Q86UT6	P88970	0
Q9NZC7	P88911	1
P0C7N4	Q1HVD3	0
Q8IY81	B9VQD3	0
Q8N695	P36313	0
Q96JW4	P06436	0
P60328	Q1HVF7	0
O43761	P10208	0
Q9H0K4	P36313	0
Q9HBD1	F5HB81	0
Q8WXW3	P68336	0
P33260	O41931	0
P78383	P10201	0
Q9UHD8	P03225	1
P27482	P03185	0
P55056	P06481	0
Q9Y2A7	P04290	0
A8MYA2	P0C788	0
Q04637	Q3KSS7	0
Q86Y01	P10212	0
Q9NRH2	G3G922	0
O15519	P28939	0
Q92546	A8CSJ8	0
Q6ZVW7	Q1HVH8	0
A1L3X4	P16780	0
P31997	P68331	0
P62701	P0C732	1
Q6UX82	Q9QJ49	0
Q5XG99	Q98143	0
O60759	P16791	0
Q14203	P10193	1
A0JNW5	P88987	0
Q8NGX0	G3G922	0
Q15121	Q98157	0
P78329	P03195	0
Q8IWT3	P09708	0
Q15629	Q6SVZ5	1
Q8N976	F5HC97	0
Q9UFP1	P0CK58	0
Q8TEB7	P08392	0
Q9NRX2	F5HCV3	0
Q6ZN06	P88935	0
Q14721	G3G960	0
Q5T160	Q6QCP6	0
Q9NZJ9	P89462	0
A3QJZ7	P12977	0
Q9UNY5	P16791	0
B2RMV2	G8HBD2	0
Q15303	O41974	0
O94991	G8HBD9	0
H3BPF8	Q76RI8	0
P98170	P88924	0
Q9BV99	G8HBF1	0
A0A1B0GX68	P0C723	0
O60568	P03199	0
P68431	P25214	0
Q99941	P0C732	0
Q07666	Q9DGW5	0
Q8WWZ1	Q69132	0
Q92901	P0C6Z6	0
P43246	P90495	0
P60983	Q8AZJ5	0
O95990	O41931	0
O15066	Q0QI92	0
Q96EH3	Q1HVD3	0
O95681	O40945	0
Q9BYG7	Q1HVD6	0
Q14CZ7	P06486	0
Q9BX74	Q991M3	0
Q9UQQ2	P04413	0
Q9UKV5	P17473	0
Q6P996	Q76SK3	0
Q6ZRP5	P88980	0
Q9UNF1	Q1HVG0	0
Q96JN0	Q3KSR4	0
Q9NXJ0	P0C723	0
Q9BSY9	P10210	0
Q2M385	Q9WSZ6	0
Q16048	Q1HVJ0	0
P50461	O41932	0
O95340	P03203	0
Q96HF1	Q9QJ12	0
P78337	P10209	0
O43255	Q06093	0
A0A075B6W5	Q18LE1	0
O43447	Q4JR05	0
Q9H1A7	Q9YRL8	0
Q6FI81	Q2HRA7	0
A0A075B6I0	D3YPE9	0
Q6UWT4	P88992	0
P35575	O41931	0
Q6UXL0	P0C705	0
Q96ME7	Q1HVD1	0
O15354	Q3KSQ1	0
Q9H0X6	E5LBX2	0
O95831	G3CKS7	1
O43819	P0C737	1
Q6H8Q1	Q1HVH9	0
Q0VAA2	P88991	0
P0C7T8	G3G960	0
O60216	Q2HRC6	0
P59045	P03172	0
Q969X5	P0CK50	1
A9YTQ3	G8HBD9	0
P16591	P89883	0
O95833	Q2HRA1	0
E7EPP6	P88983	0
Q9HCG1	P04295	0
Q8NHB8	P89654	0
P34810	Q1HVE9	0
Q9UN72	P03209	0
P57738	P69332	0
Q9NX07	K9UT94	0
O94768	O36551	0
Q8IX90	P03220	0
Q765I0	F8RFA1	0
Q8WYA0	Q9DGW5	0
Q9Y4X5	Q3KSU1	0
Q9H6Y7	P0C737	1
Q5TGL8	P03227	0
Q99715	F5HDA4	0
Q5TF39	P16769	0
P48060	Q2HRC6	0
Q9UHA4	P03172	0
P20337	P25214	0
Q16798	F5HBL8	0
Q9NP59	P03231	0
O14818	Q1HVJ2	1
O14830	P03211	0
O43427	P03209	0
Q96BN8	Q1HVH8	0
P29279	Q2HRB6	0
Q9Y5R8	Q3KSU7	0
Q99578	Q1HVH2	0
Q69YG0	A8T7D5	0
Q96R72	P0C732	0
Q9NQC3	A8E1H1	0
A0A1B0GTU1	P88951	0
Q9UI26	P03232	0
P09001	Q76RH5	0
Q15642	Q69117	0
Q9H0H9	P88951	0
O14836	P06480	0
Q5UAW9	O41952	0
Q8N8Q9	A1Z0Q5	0
P62888	P04487	1
Q6DD88	P03186	0
Q9H0C1	P03215	0
P50750	K9UT94	0
F8W7T7	Q9J4B7	0
Q8IUC6	Q01043	0
Q14982	P89884	0
Q9NQ87	P03231	0
P49721	Q69022	0
A8MYZ5	F5HBL8	0
Q8TAE7	D0UZN7	0
O15156	Q1XBR6	0
Q68CR7	G3G922	0
Q86UD0	Q1HVB3	0
Q8IXQ5	P0C726	0
Q9UBU9	P06492	0
Q12791	O41947	0
Q07020	Q9YRL3	0
Q9NX05	P10221	0
A0A0A0MS00	Q8V2D1	0
Q02548	P68331	0
Q8WWY3	Q3KSR8	0
Q9Y485	F5HDE4	0
Q8N5C7	Q6SVZ5	0
O60347	Q9QNF3	0
O43914	P0C788	0
Q9UF33	Q2HR64	0
Q96HP0	P17589	0
Q86WS3	O41963	0
P47890	P10225	0
Q13433	P03200	0
Q6U736	P03197	0
Q53GS9	O92597	0
Q2TBF2	P06725	0
P23025	P09708	0
Q5NUL3	P10189	0
Q9Y3A2	P88996	0
O95622	Q9DUN1	0
P35247	P88951	0
Q96G97	Q76RH5	0
Q9Y3C6	O41955	0
Q8IYB3	P88950	1
Q6Y7W6	B9VXK6	0
P49368	P04413	1
Q13057	O41962	0
Q96EE4	Q66674	0
Q7Z6P3	O41951	0
P51610	D3YPE9	1
P23760	Q3KSR7	0
Q8WWZ8	O41969	0
Q96F81	Q8UZD0	0
Q15620	Q1HVE9	0
Q6ZW31	P88970	0
P0DJH9	P04296	0
P16591	P88995	0
Q8N4L2	P0C737	1
Q6ZV65	P10205	0
Q86WD7	F5HFD2	0
Q9BUB5	P88983	0
Q6ZMI0	P03195	0
Q14183	O41947	0
Q8IUD2	Q3KST2	0
Q5T3Y7	P03185	0
Q6NYC8	P03206	0
P52895	P88980	0
Q14997	Q1HVJ2	1
P07357	Q76RF6	0
Q9Y6C2	P16757	0
Q9UNS1	P90489	0
Q96R84	P13201	0
P62269	Q2HRC7	0
A0A075B6X5	Q76RF6	0
Q7LBE3	G8HBD2	0
Q96A25	Q76RH5	0
P62508	P0C763	1
Q16666	Q98147	0
Q8NGN7	F5HBC6	0
Q9GZY1	P10205	0
O15075	P06492	0
Q86SG3	Q69113	0
Q8NG97	P03169	0
Q6NWY9	Q69091	0
L0R6Q1	Q76RH1	0
Q9NW82	P30020	0
A6NNA2	P18139	0
Q9Y253	P06725	0
P81274	P03179	0
Q9UBQ6	P68345	0
Q8NHH9	P04413	0
Q96RI0	P03172	0
P35613	P0CK58	1
Q13907	D2XQB9	0
Q86Y34	Q2HR64	0
O43292	Q3KSU7	0
Q13571	Q66674	0
P48060	E7DBL9	0
Q6P996	G3CKS7	1
P04637	Q69549	1
Q9NY12	A0A0C7TUY8	0
O14493	Q1HVH2	0
O15066	P06437	0
P63124	E5LBU3	0
Q68DY9	L8B1Q7	0
Q63HQ2	P13198	0
P05108	Q2HRC9	0
Q02641	Q69114	0
Q14166	P10204	0
Q8NCS7	G3G922	0
Q96N35	O41957	0
P55769	Q9QJ49	0
Q08945	P57083	0
Q8N8X9	A0A0C7TA99	0
Q96PC2	Q8AZJ5	0
Q8IVU1	O41941	0
O60216	F5HDA4	0
Q9H5P4	P16749	0
O15027	P0C732	1
P61769	P03203	1
Q6VY07	Q6RJQ3	0
Q15761	Q1HVJ0	0
Q92551	H2A1D8	0
O76036	P88997	0
Q9NVE7	P0CK58	0
A0A0A0MT76	Q66677	0
Q9HD23	P03200	0
Q9BUY5	P29128	0
P11509	F5HBL8	0
Q9Y2D5	P0CK53	0
Q8NGJ4	P89432	0
A2RUS2	P17589	0
Q9UIG4	O41925	0
Q16134	Q9YJQ8	0
Q9NRC8	Q98131	0
Q71U36	B9VXK6	1
P55197	P10227	0
O14640	O41957	1
P42166	P0C6Z1	1
O43294	P03225	1
Q02846	Q2HRC7	0
Q96HH6	O40913	0
Q5EB52	O40921	0
Q9H330	P10211	0
Q16378	D2XQB9	0
Q8NBE8	Q04360	0
Q96K80	Q8AZJ7	0
Q9Y6G3	P88957	0
A6NNB3	D2XQB9	0
Q9Y255	Q66677	0
Q13275	Q98138	0
P05114	Q2HR82	0
Q6NT16	P10210	0
P02760	Q2HRC6	0
O00483	P03179	1
Q9H2G2	Q9YRL3	0
Q96DR4	Q9Q2P1	0
Q5SVQ8	Q4JR05	0
A0PK05	P10211	0
O60271	Q76RG2	0
Q9HCK0	P04296	0
Q05DH4	P10193	0
Q01650	P03185	0
P08574	P88951	0
Q8WUJ3	Q1HVG4	0
Q9P109	V5KU41	0
Q16829	P06477	0
P0DJD1	P0C788	0
A6NH21	Q1HVG2	0
P17987	O40945	0
Q12955	Q1HVJ0	1
A6NF89	Q9J0X9	0
Q9HB90	P03186	0
Q9Y6M7	P04293	0
Q96MM6	P10220	0
P50750	P03224	0
O14514	F5HE12	0
Q6P5X7	P08560	0
Q05901	P10201	0
A8MXJ8	Q6SVZ5	0
Q9Y5P4	P89653	0
Q9UQ53	P28282	0
Q04917	P10230	1
Q6UWH6	P19893	0
P10966	Q69115	0
Q8NEU8	F5HB81	0
O95249	Q9QAI4	0
Q86UP8	D3YPE9	0
P84022	F5HAM0	0
Q2TAL6	P03198	0
Q9BT04	P04291	0
P55265	P03232	0
P10645	Q66677	0
P45379	Q1HVH9	0
A6NK02	P88987	0
O00237	P89883	0
Q9UHE8	O41963	0
Q14191	P12978	0
O95373	P10236	0
Q9H4G4	Q76RH5	0
P17066	P88988	0
Q8NGJ7	A0A0C7TUY8	0
A8MTA8	P06477	0
Q71UM5	Q1HVD3	1
P09871	O41970	0
Q8N8E2	P03208	0
Q13137	P06485	0
Q11130	Q77Q36	0
Q5W0B7	Q1HVD1	0
O14640	P03203	0
Q92539	O41925	0
E9PQX1	Q6QCN2	0
A6NFN9	P03231	0
Q9NSC5	Q3KSQ2	0
Q96EY1	O41925	0
P42694	P12978	0
Q14990	O40921	0
A4D1U4	O41939	0
Q8NGG0	D3YP88	0
P59542	Q1HVI8	0
P58166	P04290	0
A8K830	Q9QAI4	0
Q8N1Q8	Q2HR75	0
Q5SQH8	Q2HRA7	0
P50914	P88950	0
Q8NHY2	Q3KSR7	0
Q14168	P89884	0
Q86YW5	P06436	0
Q86YD7	Q69554	0
O75306	K4P3M7	0
Q93075	P10189	0
O00294	P03169	0
Q15506	O40945	0
Q8N8A6	B9VQD3	0
Q9UNF1	P10212	0
Q01534	Q3KSS4	0
Q9HCE7	P03211	0
Q8IXR5	P03193	0
Q9NZ08	Q9QNF3	0
Q5VTT5	P10235	0
Q8IVT2	O41927	0
Q9Y2B2	Q9QAI2	0
Q5JVX7	O41974	0
Q6WQI6	P12888	0
Q9NV92	Q76RG2	0
Q9UNA4	P88990	0
A0A0B4J244	P04485	0
Q9UJM8	P69332	0
O14983	C7E5A9	0
P84157	D3YPE9	0
Q12870	Q9DUM3	0
Q9BWS9	Q6SW59	0
Q9NX01	O41974	0
Q5JS13	K9UT94	0
Q6UVW9	Q6QCM6	0
P19404	P18139	0
Q96BS2	P10228	0
Q9NR96	P0C705	0
Q6NSJ0	P10193	0
O43715	Q9J3M8	0
Q8N9C0	V5KTY7	0
Q9P1W9	Q69554	0
Q9UDX3	B9VXK6	0
Q6UY11	C7E5A9	0
O42043	G8HBD9	0
P06310	P12978	0
Q9H521	Q77Q36	0
Q9NPH9	Q3KSU8	0
P50570	P13198	0
O95727	P06726	0
Q8NEF3	P03197	0
Q5M8T2	B9VQD4	0
P20671	F5HCV3	0
Q4ZG40	P13292	0
A8MTL9	V5KTY7	0
Q96EB1	P03215	0
O60635	Q3KSS7	0
Q6ISS4	P03209	0
Q68G74	P10215	1
Q9NRM7	P0CK48	0
Q8NBQ5	P22575	0
P23497	Q18LE1	0
Q7Z794	Q2HRA1	0
Q8IV36	P10217	0
Q7Z3V5	O36551	0
P11172	Q2HR82	0
A0A1B0GW35	P03200	0
Q9UHK0	E5LBS6	0
Q2VYF4	F5HEU0	0
A6NHY2	P03219	0
Q14643	O41925	0
Q05397	Q9QAH9	0
P01703	Q3KSS8	0
A0PJX8	Q8V2D1	0
P04629	F5HAD1	0
Q9Y2Y9	Q66674	0
O14519	Q9QR71	1
P13861	F5HDE4	0
Q86SQ4	D3YP88	0
Q9NQX7	Q1HVG2	0
Q8TEF2	P06481	0
B5ME19	P10228	0
Q15643	P89883	0
P01850	Q3KSS4	1
P02768	O41931	1
Q9UPZ3	P03224	0
Q8IZ73	Q9DGW5	0
Q8WVZ1	Q1HVB3	0
Q8NHR7	Q76SB6	0
A0A0B4J1V0	Q3KSN9	0
B1AH88	P0C723	0
P15311	P13285	0
O15117	P0CK57	0
Q52M58	P06437	0
P78410	Q1HVJ0	0
Q8TAU0	Q2HRC9	0
O15394	D3YRZ7	0
Q6UUV7	Q3KSR7	0
O14836	Q6SVZ5	0
P25021	Q9WRJ7	0
Q9BU62	P88987	1
Q8WU79	Q4VW77	0
Q9NZM1	Q1HVB5	1
P17812	Q9YRL8	0
P43088	P88990	0
P23527	Q76SB6	0
P59536	P10212	0
Q86UE6	P88990	0
Q8N4G2	Q6SW29	0
Q9BUH6	P0C732	0
Q9Y468	A0A0C7TA99	0
O43541	P10221	0
Q13635	Q1HVG1	0
Q9H902	P04413	0
H7C350	I1YP38	0
Q14406	P16778	0
Q9H1H9	Q3KSS3	0
P49588	P88912	0
Q8N9B8	Q9J4B7	0
P25786	O41962	0
Q7L0Y3	Q77Q82	0
Q9BXS6	P04293	0
Q9UL17	P88981	0
Q8WXI8	Q3KSS3	0
P0DP73	Q9J3M8	0
Q96FI4	P13202	0
Q9NVH0	P03195	0
Q9BZW7	P10236	0
A6NJI1	Q3KSQ2	0
Q5EBM0	P16780	0
O43307	P88950	0
Q66K64	P04290	0
A0A087WWA1	B9VXK6	0
Q9H1A3	F5HAM0	0
O43903	O41947	0
Q8NH01	P16757	0
P51460	P12978	0
O14682	Q1HVE9	0
Q7Z7H5	P0C729	0
Q9BZL6	Q9YRL3	0
Q86V48	P88986	1
P13584	Q6SW29	0
Q9UGU5	Q8AZJ7	0
P08185	K4P3M7	0
P08708	Q1HVI8	1
Q92526	P30119	1
Q7L1T6	A8T7D5	0
P27816	Q3KSU8	0
Q9UG56	P06436	0
Q9NRM7	P0C726	0
P23786	P13285	0
Q9UKV8	Q06093	0
Q9Y272	P03189	0
Q03923	A0A0C7TUY8	0
Q9H3H1	Q77PU6	0
Q9H9J2	Q2HRD3	0
O95807	O36551	0
P49756	E5LBX0	0
Q15654	P10215	1
O94972	Q8V2D1	0
Q8TBC3	A8E1C4	0
Q695T7	P22575	0
P29120	Q76RH5	0
A0A075B6X5	O40913	0
Q15853	Q6SW59	0
Q5U5Z8	P88995	0
Q9UK41	Q9DUM9	0
Q9H1L0	Q6SW66	0
Q15818	Q8AZJ3	0
Q96AW1	Q3KSR8	0
A6NER3	P03188	0
Q9H201	P57083	0
Q8IUI8	E5LBS6	0
P36980	P89653	0
Q13287	Q9QAI1	0
Q01082	O41946	1
O60331	Q2HRC8	0
P54727	Q69114	0
Q9NQ39	Q9DUM9	0
O60756	F5HE15	0
Q8NHC7	Q3KSS4	0
Q9Y2M0	P0CK53	0
Q8IVY1	P0C6Z6	0
Q3MII6	P10218	0
Q6UWR7	Q69119	0
A0A5B0	P0C788	0
Q9NRJ4	Q76RH0	0
O75638	H2A1D8	0
O43143	P10210	0
Q8N3J3	F5HE05	0
P78357	Q1HVB8	0
Q8TAM2	P04294	0
Q99929	F5HCM1	0
O43676	Q6SWB7	0
P12034	P10209	0
O43316	O41931	0
Q8IZL8	F5HCJ2	1
P60763	Q9J4B7	0
O75398	E5LBX2	0
Q9H3R5	Q1HVE9	0
Q8IY67	P16791	0
A6NFC5	Q76SB6	0
Q99684	P03228	0
Q6YN16	P10233	0
Q92629	Q1HVJ2	0
Q9H900	Q69022	0
Q9BSL1	P88993	1
Q96G28	P32888	0
O43294	P0CK50	1
O15131	P30020	0
Q5W0B1	P0CK53	0
Q9BZD3	Q9WNA9	0
Q9BUG6	Q01043	0
Q8NA96	Q9QJ12	0
Q8NEB5	O41952	0
Q9HD42	P09713	0
Q9H1F0	B9VQD4	0
Q96EY5	P16749	0
Q96HF1	P88991	0
Q9NT99	P22575	0
Q9NVX7	F8RFA1	0
Q3SXZ7	P03225	0
Q13287	G3G960	0
Q9Y512	F8RFA1	0
Q8N5N4	Q1HVJ2	0
P07948	Q1HVJ2	1
Q93008	P0C737	0
Q9H1K4	F5HBC6	0
Q96JE7	P16757	0
P20618	B9VQD3	0
Q8TCJ0	Q2HRA7	0
O71037	Q9QAI4	0
Q4G0S7	Q4VW77	0
Q96QZ7	E5LBS6	0
Q8IU99	Q69567	0
Q9NVU7	F5HAD1	0
P54619	Q1HVF6	0
A8MUU1	P0C6Z8	0
Q9NP72	P0CK57	1
Q63HQ0	P88996	0
Q9NX52	Q06093	0
Q9H061	P16769	0
P33897	P04288	0
Q99543	P10239	0
Q92629	P10234	0
Q9Y2G9	F5HBL8	0
P41220	G3G960	0
Q96DH6	G8HBF1	0
Q96M27	A8E1H1	0
O60412	Q6SWB7	0
A6NNS2	O41954	0
Q6NVV9	P04288	0
Q0VAK6	P03212	0
Q8WXE0	P28939	0
Q7RTU9	A0A0C7TRZ7	0
Q9P218	D3YRZ7	0
Q8IWZ8	Q2HRC6	0
Q8NI99	P10224	0
Q5D1E8	P10210	0
Q99567	E5LBS6	1
Q96IR7	P03192	0
Q400G9	Q1HVJ2	0
Q8N3Y7	O41946	0
Q9NSI5	F5HFD2	0
Q0VDD8	Q18LE1	0
Q9BZD3	P0C723	0
O60431	Q9J0X9	0
O15118	A1Z0Q5	0
P57721	Q4JR05	0
Q9Y3B2	B9VXK6	0
Q7RTS5	P12888	0
Q9NV12	Q1HVF6	0
Q2M3G4	P03227	0
P60983	O41969	0
P21802	O41949	0
Q53EP0	G3CKS7	1
Q05066	P0C788	0
Q96M61	P10186	0
Q16666	P10185	1
Q96K21	O41925	0
Q8IYG6	Q98157	0
P04278	G8HBD2	0
Q86Y78	F5HFA1	0
O75783	E5LBX0	0
Q14686	P06492	0
A6NNN8	Q9QAH9	0
O60568	P16757	0
Q8TBZ9	Q3KSU7	0
Q9UJW9	P09708	0
Q9H228	Q3KSU8	0
Q9HB40	Q3KSS8	0
Q8N9I5	Q69549	0
Q8NHA4	O41951	0
P07686	Q2HRA7	0
Q9Y5E1	P03222	0
P60507	Q3KSV2	0
Q96CW9	P06726	0
O95521	B8YEH0	0
O60575	Q0QI92	0
O14672	P03231	0
O15496	O41958	0
P27105	P0C737	1
B8ZZN6	P88935	0
Q96MN2	Q69113	0
Q96HH4	Q69091	0
Q13492	F5HE05	0
Q8N4F7	P10236	0
P55773	Q76RF6	0
Q99574	Q3KSU8	0
Q6ZN17	P89654	0
Q6UY18	Q77Q82	0
P06493	P12978	1
A0A096LP01	Q8UZD0	0
P05305	P03189	0
Q9H254	Q69140	0
O15068	G8HBH4	0
Q9NRR6	P88970	0
P33992	Q6SWA4	0
O60869	O36551	0
Q15125	Q1HVJ0	0
Q68CZ2	P0CK57	1
Q9BY32	P10212	0
Q8WYQ3	D0UZU1	0
Q9H5V8	P16778	0
Q96T52	P06480	0
C9J202	Q3KSS3	0
Q7L4I2	P03212	0
Q9HAU5	A8T7D5	0
Q7Z4H4	Q6RJQ3	0
P61978	P03215	0
Q96M66	Q9YRL3	0
Q8IXF0	Q9YRL8	0
Q6PI47	F5HFD2	0
Q9UH92	Q69567	0
P25874	P68345	0
O00429	Q76TK5	0
A1L157	P10185	0
Q8WV07	Q6QCM6	0
Q15691	H2A1D8	0
E7EU14	P13292	0
A6NNL0	F5HDD0	0
Q9Y6M9	O36551	1
Q8NFH5	P89884	1
Q8N608	P09713	0
Q02818	Q1HVE9	1
Q6PB30	O41970	0
Q8IZL8	O40913	0
Q8N4K4	Q6QCP6	0
P78524	P25214	0
Q96QV1	P0C729	0
O60673	P88997	0
Q14699	P0CK58	1
P24046	Q77UV1	0
Q9Y448	Q69567	0
Q5VWM6	P10205	0
Q4G0G5	Q8AZJ5	0
Q5VT98	O36551	1
Q8TCP9	F5HEZ4	0
A6NJI1	O40939	0
P54652	Q3KSQ2	0
Q6ZU67	Q76RG2	0
Q9P2J3	F5HB81	0
Q5TC04	P88995	0
Q9UI47	A8T7D5	0
Q8NEF9	P03224	0
O15544	D3YP88	0
Q9Y2I1	P06436	0
A8MPS7	O40917	0
Q9NQH7	P03220	0
P22528	P03169	0
P34947	Q76RJ0	0
A0A1B0GVH4	Q3KSR4	0
Q9BXK1	Q6F4H9	0
O00469	P0CK58	1
Q8NBR6	P10210	0
Q5TA50	Q76RI6	0
Q8N6U2	Q69559	0
P55061	Q76RH5	0
A6NKL6	O41964	0
Q8ND24	Q77CE4	0
P13056	F5HDA4	0
Q9Y5I1	Q5NTY3	0
Q96MC2	P10240	0
Q7Z6M2	P29128	0
Q9NZ52	P29128	0
A0A087X1G2	P03185	0
P07108	P10212	0
P21917	O41927	0
O95817	Q2MG96	1
Q8IWK6	P16778	0
Q16891	P90489	0
Q13461	P03225	0
Q86X60	P03192	0
Q6ZNA4	P03204	0
Q0VFZ6	Q9WRJ7	0
O95182	Q2HR73	0
O43248	P09503	0
Q8NHW6	P10201	0
O76061	O41941	0
Q9BZ72	Q6F4H9	0
P17706	Q3KSS3	0
Q8N3J3	Q6SW59	0
P07477	O40921	0
Q9HBM6	O92597	0
Q95460	P10209	0
Q9UHL4	Q3KSQ2	0
Q9BYH1	P88925	0
Q13795	Q76SB6	0
O15049	D2XQB9	0
Q9NRX3	F5HAD1	0
Q9BYM8	Q6SVZ5	0
P47755	P88990	0
Q71UM5	G3CKS7	1
Q8IVW6	F5HAD1	0
P60880	Q3KSN9	0
O95990	P10231	0
Q7Z7N9	O41970	0
Q9NZY2	P04485	0
O14672	Q1HVE9	0
Q9HBM6	Q1HVH9	0
P41159	P10229	0
P17275	P29128	0
O96028	K9UT94	0
P00846	Q1HVF6	0
P28799	Q69132	1
O60231	F5HHZ3	0
O00425	Q81013	0
P60852	O41949	0
P06401	Q98157	0
Q5TEJ8	Q9J3M8	0
Q9H6K5	P10225	0
Q6PI98	O41962	0
P08172	P0C6Z1	1
P07320	Q98136	0
Q8TCY0	P04294	0
O43182	P68323	0
P43361	P13202	0
O00329	P08543	0
P13236	P04488	0
Q9H5I5	P28939	0
O76031	P08543	0
Q14657	O92597	0
Q8IZY5	P19893	0
Q9H329	P06480	0
Q8N5A5	Q6QCP6	0
P49798	P88926	0
O95522	Q0QI92	0
Q13136	P13199	0
Q9NPJ6	Q77CE4	0
P07108	Q9QAI2	0
Q8N6G1	P03206	0
O95425	P10226	0
P0C5Y9	P13292	0
P61165	Q07275	0
Q9UJ70	O40939	1
Q3LI66	Q3KSS4	0
O95665	P09713	0
B7Z368	F5HE05	0
Q9BT67	K9UT94	1
Q6XUX3	Q98136	0
Q5TBB1	P90495	0
O43303	F5HFA1	0
Q8NHC7	Q1HVH2	0
Q9BSN7	Q9DUN1	0
Q9Y5F6	Q6SW29	0
Q9H2C5	Q76S40	0
Q92785	P0C6Z5	0
P05813	P03193	0
Q96SK3	P88996	0
O60353	P0C737	1
Q6UY18	Q3KSR8	0
O15440	Q6QCN2	0
A8MWK0	Q06A28	0
Q8N1M1	O41932	0
Q0ZGT2	Q9QAI2	0
Q5U5X8	P03219	0
Q99653	P0C737	1
Q9Y5Y6	U5TQE9	0
Q6A162	D3YP88	0
Q7LC44	P03172	0
P02545-3	O41970	1
P63010	Q1HVH9	1
P50749	Q9Q2P1	0
P01033	P29128	0
A6NHG9	P08392	0
A0A0C4DH30	Q2HRC8	0
P48681	Q05906	0
Q14689	Q98146	0
P19086	Q76RH0	0
Q96B86	P03192	0
Q9BUH8	P03197	0
Q32M45	P03172	0
Q9NRJ3	Q8AZJ3	0
O94952	B1A9Q8	0
Q6S5L8	G3G922	0
Q6P575	P0CK57	0
A0A0J9YX94	P17473	0
P50876	Q9YJQ8	0
P54132	O40939	1
Q9NTM9	P08392	0
Q15021	P0CK48	0
Q9ULK4	Q1HVG2	0
Q92537	K9UT94	1
O75618	P10209	0
Q9NRW7	Q2MG95	0
O15354	P0C723	0
P34820	P10191	0
Q9H0X4	P03179	0
Q495Z4	F5HCM1	0
Q13370	P88957	1
P12268	Q76TK5	0
Q16670	P03198	0
Q9H8G1	Q77Q36	0
Q14C87	P30119	0
Q8NH41	Q77CE4	0
P59044	P0C6Z8	0
Q8N3F9	Q76S40	0
Q96CF2	Q3KSV2	0
P02814	P12888	0
Q6UXG8	P10220	0
P49427	P08393	1
Q9GZT4	P0CK50	1
Q8NEL0	F5HBL8	0
Q8IZ73	Q8UZD0	0
P09237	P12888	0
Q6UXH8	P88991	0
O96006	P0C717	1
Q8WYJ6	P04296	0
A6NNM8	P10233	0
Q96SZ6	Q2HRA7	0
P08949	P03208	0
O15247	P0C737	0
Q96KH6	P03219	0
P35625	P04413	0
P14770	P10225	0
B5MCY1	P36313	0
P51523	P06480	0
P61579	P06492	0
Q8IWB9	P17473	0
Q15398	O41954	0
Q9UQF0	F5HH39	0
O60499	P10210	0
P47992	O41925	1
O96014	P10235	0
Q9BU02	Q0QI92	0
Q400G9	O40945	0
Q9NWZ8	Q69559	0
Q9H9S5	P16769	0
Q9HC07	D3YP88	0
Q96T66	P10211	0
P05091	Q76RH5	0
E9PKD4	P08392	0
P0DMR3	P06484	0
Q11128	Q77UV1	0
Q9HCH0	P19893	0
Q9UBU9	P10219	0
Q8NHX4	P0C6Z1	0
Q9UNA0	O41927	0
Q9P227	P88937	0
Q9HD36	P0C763	0
O95072	P10186	0
Q9NR12	P03177	1
Q96MD2	P03212	0
Q9HBI0	V5KTY7	0
Q6ZVZ8	P0CK53	0
Q8TBY9	Q66674	0
Q96ST8	P88983	1
Q16836	Q9DUM9	0
P18509	Q9DUN1	0
A6NKT7	F5HB81	0
Q86YD5	P30119	0
Q969N2	Q1HVB3	0
A4D0V7	D0UZL9	0
Q5VTB9	P10215	0
Q969K7	Q76RJ0	0
P28222	Q07275	0
O14815	P88925	0
Q9BYD5	P10227	0
Q9NRY4	E5LBX0	0
P34896	P88944	0
Q6ZNR0	Q98136	0
Q13435	A8T7D5	0
O95972	P13198	0
Q9P2X8	Q3KSU8	0
Q9HAZ2	O41962	0
O15511	O40913	0
O76076	Q98136	0
Q9Y6X9	P90463	0
Q9NR09	O41939	0
Q9UNZ5	F5HCJ2	0
Q96PY6	P03212	0
Q9BYG0	P10204	0
O00291	P06492	0
A8MTQ0	G8HBD9	0
P11217	Q69022	0
Q96JK2	Q2HRD3	0
Q92841	D3YPE9	0
Q9BXR0	P88990	0
Q8IYX8	P0C6Z9	1
Q6QHF9	G8HBF1	0
Q9C0B6	P88944	0
A0A075B6J2	P0C763	0
O43663	P09713	0
Q8WWX0	G3G960	0
O95502	P16727	0
O95153	Q9WNA9	1
Q9BRX5	P88990	0
A8MTB9	Q9QAI1	0
P01298	D0UZN7	0
E2RYF7	Q6SVZ5	0
Q15884	P10212	0
Q9UBX5	Q69022	1
Q6ZUT1	Q9YRL3	0
P35240	G8HBD2	0
O43920	P03212	0
P18621	Q1HVI8	1
Q92750	Q98143	0
A0A1B0GTZ2	F5HAD1	0
P13945	O41932	0
O43157	P03204	0
Q92764	P0C763	0
P17735	P10193	0
Q9NPH6	W6AVY5	0
Q96PG8	O41951	0
Q8TBZ6	F5HE05	0
Q3SY89	Q3KSR4	0
Q701N4	P03193	0
Q9HAC8	Q76S40	0
H7BZ55	P22575	0
Q3LIE5	Q76RI2	0
Q7Z628	F5HDE4	0
Q8NGF0	P03217	0
Q92993	Q9QJ49	0
O95456	Q01043	0
Q8IZJ0	Q2HRC9	0
O60337	P89432	0
Q99687	P03186	0
Q9NWC5	Q1HVB3	0
Q2NL68	Q69022	0
P29459	F5HEZ4	0
Q08380	Q1HVJ0	1
Q641Q3	Q9QR71	0
P59036	P17473	0
Q8IW35	E7DBL9	0
Q9BYT3	Q6QCM6	0
Q9UHK0	Q9QR71	0
Q15833	F5HAD1	0
P34820	B9VQD4	0
Q8IV31	P13202	0
Q8IV63	Q3KST2	0
Q06730	F5HDA4	0
Q9NUL3	P03224	0
Q9Y397	P0C736	0
O75164	P29128	0
P08246	Q1HVB5	0
P20701	Q76RG2	0
Q09161	P88952	0
Q96LP2	P29128	0
P17019	P13202	0
Q8NEL0	O41949	0
Q9H173	Q69549	0
Q8NG04	Q69567	0
Q6PJ61	O41951	0
P62070	O41925	0
Q9BTE0	Q07275	0
Q15173	G3G960	0
O00506	P06436	0
Q8N9I9	P0C788	0
P05556	Q8AZJ3	1
Q03403	F5HE15	0
P02753	P10218	0
H3BTG2	Q69022	0
Q6ZMV7	Q2HR85	0
Q07699	P88924	0
Q14432	P03186	0
P55089	P10205	0
O94887	Q3KSR7	0
Q9UIQ6	F5HCM1	0
P31431	P13202	0
Q49MG5	P10191	0
O60941	Q9QNF3	0
Q13415	P69332	0
Q14CN2	P68343	0
Q96F25	O41927	0
Q86W24	F5HH39	0
Q96SR6	P08543	0
Q8WWM7	P57083	0
Q92797	A1Z0Q5	0
Q06124	O40945	1
Q15761	P08543	0
P08195	P0C6Z1	1
Q9H4A3	Q77UV1	0
P52945	P0C701	0
Q5JQS5	P06436	0
Q96T53	B8YEH0	0
Q5VTB9	O41974	0
Q13606	Q69091	0
Q9H6E4	L8B1Q7	0
Q9H1N7	P88995	0
P62308	Q3KSS3	0
Q9NYL4	P04294	0
P51172	O40918	0
Q9Y2I8	B9VQD3	0
Q02575	P10229	0
Q9UBC3	P06492	0
Q16836	P10201	0
Q6L8G9	P0C6Z5	0
P52737	P88947	0
O95498	Q9WNA9	0
Q02224	P08353	0
Q9Y3Q7	P0C788	0
Q8NHY2	Q05906	0
Q9H0A6	Q5PP90	0
A6NH52	P10221	0
Q9H4F1	P29128	0
Q13310	P03208	0
Q32M78	Q1HVF7	0
Q96KJ4	P88970	0
Q53HC0	P88951	0
B1AJZ1	Q66677	0
Q9BQA5	Q3KSN9	0
Q5T3J3	Q4JR05	0
Q96M91	Q69115	0
P08263	P32888	0
O95229	F5HAD1	0
Q6P093	P03204	0
P0DMV9	P03203	0
P61224	P03209	0
P0DI80	Q98138	0
Q6ZWL3	P03228	0
Q12797	P03177	1
Q9UJV3	P0CK48	1
Q5H9S7	O41970	0
Q6VVX0	P57083	0
Q92890	P03208	0
Q13705	Q1HVB8	0
Q969G6	Q98157	0
P07093	P32888	0
Q9UDX4	P89883	0
Q8NDC0	P06725	0
Q9H5V8	P0C737	1
O76080	Q2HRA1	0
Q6P5X7	P88952	0
Q9NUX5	E5LBS6	0
Q6UY01	Q69022	0
Q86Y27	P16749	0
A6H8M9	P0CK50	0
Q05086	Q9Q2P1	0
Q5VWT5	P12978	0
Q14004	P30020	0
P09132	P03199	0
Q573B4	Q77Q36	0
Q9HBJ8	Q81013	0
Q8NH04	F5HDD0	0
Q96A70	Q77Q82	0
P26718	D2XQB9	0
Q96JB1	P10218	0
P51589	P88991	0
Q9H7F0	Q1HVJ0	0
O15218	Q9DUN1	0
P61956	Q8AZJ7	1
P36955	O41956	0
O95613	P08543	0
O14548	Q6QCM6	0
O76100	A1Z0Q5	0
Q99969	O40917	0
Q8N865	O41969	0
P48052	B9VQD3	0
Q9NXW2	P10215	0
P30518	P03179	0
Q99536	Q77Q36	1
Q7L8A9	P29128	0
Q9ULG6	P03186	0
Q9BQI3	P0C723	0
Q6PEV8	Q9QNF3	0
Q8WY98	Q9QAI2	0
P43268	P03195	0
Q8TAL6	Q9YRL8	0
Q8NG76	Q1HVJ2	0
Q8TE99	P13201	0
Q8IYA2	Q1HVD1	0
Q9NR12	P0CK50	1
Q9NRM2	Q06093	0
P09016	P13292	0
P01023	P0CK50	1
P25786	P13285	1
P35408	P06481	0
P09210	Q1HVD6	0
Q12923	P06484	0
Q147U1	F8RFA1	0
P0CG01	Q3KSU8	0
Q9UQ10	G3G960	0
Q96D96	Q2MG96	0
Q5JSS6	D0UZU1	0
O95147	O41947	0
Q9ULT8	P88991	1
Q9NUM4	P10240	0
Q14644	F5HBC6	0
P39687	P03200	0
Q14162	Q9J0X9	0
Q92569	P10235	0
Q6IBS0	P10217	0
Q9NZI8	F5HFG5	0
P80075	O41957	0
Q6S9Z5	P88997	0
Q9H6K4	P10185	0
Q13330	A8E1C4	1
P17735	P89432	0
Q5W5W9	Q1HVH2	0
P01860	Q1HVF7	0
Q12926	P10228	1
Q9Y2C5	Q2HRA7	0
Q6IQ19	P16769	0
Q13444	Q66677	0
O94779	B9VXK6	0
Q12912	A1Z0Q5	0
Q9NP81	Q991M3	0
Q14674	P10209	0
Q13487	Q2HRA7	0
Q8NGK0	P28282	0
P61254	O41958	0
Q9BW30	P03220	0
O15020	Q9DGW5	0
O15197	P09708	0
Q96GR4	P10189	0
P14091	P0C6Z3	0
P30203	P03225	0
Q9H204	P06492	0
Q6P1W5	Q8AZJ7	0
Q9NS84	O41952	0
Q04917	P0CK58	1
Q8NCG5	Q2HRD3	0
Q6PCD5	A0A140GKJ0	0
P04150	Q9QR69	0
Q8NBH2	A8CSJ8	0
A6NK75	O36551	0
Q6UXT8	Q69115	0
Q7RTU9	P88957	0
Q13137	P10218	1
Q8WY91	Q9DUM3	0
P51965	P10231	0
Q8N987	P03212	0
Q01974	Q9QR71	0
A6NK02	Q3KSS4	0
P05160	P10215	0
Q96FX8	O40921	0
P13611	Q98157	0
Q8N6I1	P0C705	0
Q9NX47	O41932	0
Q8NA19	P04290	0
Q8TDR2	O40945	0
Q13115	Q2HR71	0
O00487	P0CK57	1
Q8N7I0	Q76SK3	0
P27708	F5HB81	0
Q5SZI1	P0C6Z1	0
Q8WY36	E5LBU3	0
Q7LG56	E5LBX2	0
Q8ND23	P13285	0
Q6ZQY2	G3G922	0
Q00341	P0C737	1
Q5TIA1	P10209	0
Q15165	P0C6Z1	1
Q96B86	P08543	0
P67870	Q1HVF7	1
O43676	Q98143	0
Q96RI1-2	E5LBX2	0
P49223	Q6RJQ3	0
O15530	Q1HVI8	0
Q92973	P16778	0
Q9NXS3	F5HDD0	0
Q05940	P06486	0
Q969R2	D3YP88	0
Q6E213	P16780	0
Q9C004	Q1HVD3	0
P78423	O41925	0
Q8NGQ3	Q98138	0
Q8IWV2	P16791	0
O95613	Q6QCP6	0
Q9H1J5	G8HBF1	0
Q8N140	P88997	0
Q8IVM8	O41964	0
Q7Z5J8	P03204	0
Q7Z5Q5	Q69140	0
P19105	P03231	0
Q16740	P0C736	0
O43320	K9UT94	0
Q96L03	F5HEZ4	0
Q8N635	E7DBL9	0
Q8IU53	A8T7D5	0
Q9ULM0	O41964	0
Q96D09	P0CK48	1
Q9HCL3	W6AVY5	0
P02647	Q9QAI4	1
P35321	Q9QNF3	0
P23771	P30020	0
O43306	P0C737	1
Q8NCG7	Q8AZJ5	0
P55259	F5HB81	0
Q96LL9	F5HH39	0
Q9C0F1	P30020	0
P49411	A8E1C4	1
Q6UXQ4	P88995	0
Q9NV64	Q3KST2	0
A6NL46	F5HE05	0
Q9UHW5	Q66677	0
Q8NA19	Q76RF5	0
Q8NC06	P06437	0
P11229	P29128	0
Q9P278	Q9QAI4	0
Q7Z713	Q8AZJ7	0
P01889	P03169	1
Q96HA8	O41958	0
Q8TB03	P88925	0
Q9BYL1	Q2HRC6	0
Q5ST30	E5LBU3	0
P08571	P16727	0
P33981	P03227	0
Q13164	P25214	1
Q12805	O41955	0
Q9NVI1	O41955	0
Q76EJ3	P16727	0
Q9BYR6	Q76RI8	0
O14990	W6AVY5	0
Q9H0M4	P10229	0
Q6P4I2	O36551	0
Q6Q0C1	Q9DUN1	0
Q8NGY0	P03228	0
Q9NZ43	F5HCV3	0
P0DKL9	F5HE05	0
P48740	Q69554	0
Q9BQ15	Q3KSU8	0
P43307	Q6SWB7	0
P50453	Q1HVD3	0
P04844	P04485	0
Q5T9C9	Q6QCM6	0
Q8TAW3	P88950	0
Q9GZZ6	P88937	0
Q9BV23	P10229	0
Q8WW43	D3YRZ7	0
O75828	Q2HR82	0
P13686	P08353	0
A8MSI8	Q69018	0
P36537	P0CK57	0
Q7L2Z9	P10209	0
P10412	Q3KSR4	0
P02545	P88997	0
Q9Y5H4	P10227	0
Q6UVY6	P88950	0
Q13227	P13285	0
Q9Y2G9	Q9Q2P0	0
P56199	O36551	0
P29590	P03170	0
Q9NSJ1	F5HAD1	0
Q9NP73	P03185	0
Q9NRZ5	P03195	0
Q8TAX0	P0C763	0
A6NM36	F5HEU0	0
Q9NVM9	Q69140	0
Q9UJZ1	Q2HR71	0
A0A0U1RRK4	P88911	0
P42126	Q6SW29	0
Q9HBQ8	Q9QNF3	0
Q5T0J7	P10221	0
Q8N5S9	P16769	0
O95639	Q66674	0
P51608	D0UZU1	1
A0A589	P03189	0
A6NI87	Q66677	0
P15374	Q3KSQ2	0
Q9Y3C4	Q06093	0
Q969F0	P0CK58	0
Q6IPU0	Q1HVG0	0
Q13507	P89462	0
Q96S52	P0CK57	1
P48060	P10231	0
P52747	P68336	0
Q7RTY9	P88983	0
Q5VZY2	Q1HVG2	0
Q5GH73	Q98131	0
Q9P266	Q2MG95	1
Q5JS54	Q69138	0
Q96GE6	G3G960	0
Q9NQA5	P28282	0
Q99801	P18139	0
O95926	P12977	0
Q86US8	Q5PP90	0
Q96MK3	D3YP88	0
O95466	P10204	0
Q92733	K4P3M7	0
Q96EG3	P88990	0
Q04912	Q9J3M8	0
O75884	B9VXK6	0
Q9NZQ0	P03197	0
Q9NXJ5	P18139	0
Q12955	W6AVY5	0
P04439	P03203	1
Q9UKI9	Q1HVJ0	0
P10635	D0UZS3	0
Q5H913	P03224	0
Q9UBX1	P89883	0
Q9H790	P30020	0
P56378	G3G960	0
P03372	P04288	0
Q8N8I6	Q69138	0
P61601	P10185	0
Q71RS6	Q8UZD0	0
P27708	P0C732	1
O60832	Q04360	0
Q9NSC5	Q3KSS3	1
Q86WA8	G8HBH4	0
P15880	P04487	1
Q96PE3	Q8AZJ7	0
Q8NBS9	Q06A28	0
P30408	P69332	0
Q6UWR7	P0C701	0
P40305	P06436	0
Q99543	Q98143	0
A0A0G2JS06	Q77UV1	0
Q96N53	F5HAD1	0
Q96T83	P03189	0
Q15349	P08353	0
Q7L5A3	Q98147	0
Q99871	Q69138	0
O75179	P03219	0
P04066	E5LBS6	1
P35606	P0C737	1
Q5JQS5	Q98143	0
Q2TAL8	Q2HRA1	0
Q96CS2	P0C788	0
Q53QW1	P10189	0
P46736	Q3KSS3	0
P63122	P03172	0
O75398	Q9QAI2	0
Q8WYP5	O41925	0
Q9Y6N7	K9UT94	0
Q9NQS7	Q76RJ0	0
P13667	D2XQB9	1
P40933	A0A0C7TRZ7	0
A0A075B6R0	U5TQE9	0
P0C5K6	Q69091	0
A6NMX2	Q69018	0
A0PJX4	K9UT94	0
O76094	Q69115	0
P68104	I1YP38	0
P0C7A2	P17473	0
Q96MA6	P88997	0
A8MZG2	Q8UZD0	0
P35998	P30119	1
O60931	Q1HVH9	0
Q9NQY0	Q9QJ49	0
Q0VGL1	F5HHZ3	0
P56730	P10225	0
O95714	Q1HVG2	0
Q9H568	P03228	0
Q9H765	O41941	0
Q08397	Q98136	0
P20674	Q76RI8	0
Q717R9	P89653	0
Q9UGF5	E5LBU3	0
Q9Y253	P88947	0
O00481	P10233	0
P56645	Q3KSQ2	0
Q96CT7	Q8AZJ7	0
Q9H628	P10235	0
Q9UMS6	P03212	0
A0A075B6U4	Q1HVE9	0
Q13619	P88944	0
P36406	F5HAM0	1
Q8N0Y5	P13201	0
Q15257	A0A0C7TUY8	0
O95990	P0C732	0
O00151	O41966	0
A0A0C4DH68	P68345	0
A0AVI4	F5HE15	0
Q86XS5	P12888	0
Q8WX92	Q9Q2P0	0
O15197	P0C737	0
Q5VWK5	Q3KSQ1	0
Q9Y471	Q76RF6	0
P27707	O41963	0
Q93086	Q2HRA7	0
Q8NFY9	P04294	0
Q12824	Q69022	1
Q9Y561	K9UT94	1
Q6NT04	P90463	0
P62081	P03211	1
Q86YI8	P18139	0
Q86U38	P12978	0
Q9NPH0	P10229	0
P62258	Q2HRC9	0
Q9Y265	P04296	1
Q9BZ97	E5LBX0	0
Q96PS1	Q2HR73	0
A7MCY6	Q04360	0
Q15048	Q2HRA1	0
O75828	P10204	1
Q8IVV7	P57083	0
Q71UM5	Q3KSR4	1
Q8N6P7	Q9QAI4	0
Q96JZ2	Q76RH5	0
Q8N6V4	Q8AZJ5	0
Q5JUW0	Q9QJ12	0
O95257	P16757	0
Q30154	E5LBS6	0
A5A3E0	P13292	0
Q9BXL7	Q76S40	0
Q9BRJ2	P03203	0
Q8N7W2	Q76RF5	0
Q9P2E2	P89654	0
Q969P5	P10235	0
Q7Z5L7	Q1HVG0	0
Q86WK9	P88995	0
Q9Y644	Q98136	0
A6NKP2	F5HAM0	0
Q6UWY2	P10210	0
A2RUU4	Q2HR64	0
P12277	Q98146	0
Q9H9J4	A0A140GKJ0	0
Q8WV41	Q76RH1	0
Q8WVE0	B9VXK6	0
P10644	A0A2H4PJV3	0
P46940	P57083	0
Q8N344	P89462	0
P29218	P06726	0
Q9BYQ6	Q3KSQ1	0
Q9UBK8	O41927	0
Q9NS68	Q1HVD6	0
Q96AY3	P88991	0
Q8NEQ5	Q9QJ49	0
Q96MV8	Q1HVB5	0
Q8NFM7	B9VQD4	0
O14684	F5HDD0	0
Q86UN2	Q9DUM9	0
P52429	P87662	0
Q7Z5J1	Q9QNF3	0
Q8N4L2	O36551	1
Q6TDP4	P18139	0
P51946	Q06093	0
A6NFT4	O40921	0
Q9Y619	F5HCM1	0
A6NCL1	P10234	0
Q8NFZ3	P0C701	0
Q9Y6M7	P0C736	0
A2RUQ5	O41925	0
P0C864	D3YP88	0
B2RPK0	O41970	0
Q9NWU1	P28282	0
A0A087WSX0	P03228	0
Q86VZ6	Q2HR85	0
Q5TA31	P88959	0
Q6ICI0	Q9DGW5	0
Q8IY50	P0C6Z3	0
A6NLC5	P03198	0
P06748	P03179	1
Q13183	P03209	0
Q6ZN17	P30020	0
O95154	P03215	0
O75896	P03170	0
Q86XD5	P16791	0
P04156	Q69114	0
Q3KR16	P89654	0
P01160	P03199	0
A8MXK1	E7DBL9	0
Q9P2F5	P88983	0
Q8N8A2	Q9YRL3	0
Q6UX53	Q91LX9	0
Q5XKK7	Q69113	0
Q12789	P10229	0
Q8N2A0	Q76SK3	0
Q15797	B1A9Q8	0
Q06136	Q69113	0
O60229	P0C723	0
Q9BXF6	O41966	0
Q8N7L0	F5HEZ4	0
O75123	P06486	0
Q8NEW0	P89654	0
P54198	D0UZU1	1
Q6ZR03	O41947	0
P01850	O41966	0
Q8TCU3	P88911	0
Q9ULV5	Q9WNA9	0
Q9ULK0	Q76SB6	0
Q6UWW0	Q9QJ49	0
Q9UHD4	P10220	0
H0UI37	F5HFD2	0
O15530	P88912	0
Q75WM6	P0CK57	0
Q5VT33	P88993	0
Q9Y2P7	P88988	0
Q9P0I2	P10185	0
A0A1W2PP97	Q1HVD6	0
Q92482	Q9J4B7	0
Q96A59	Q9QNF3	0
Q9BY50	Q2HR64	0
P0CG40	P10230	0
P19075	D0UZU1	0
P0DJI9	Q1HVF6	0
Q9BTA9	B1A9Q8	0
B0I1T2	A0A2H4PJV3	0
Q13416	P04291	0
Q9Y6Q2	P06480	0
A0A0B4J277	P03177	0
Q8IX21	G3CKS7	1
Q96T88	Q1HVG2	0
Q86U28	P88959	1
Q96C03	P03222	0
Q9BSG5	P04293	0
Q9UL18	Q2HR82	0
Q7Z692	Q9DUM3	0
Q9NQL9	P03211	0
Q6P2I3	L8B1Q7	0
Q92805	Q9QAI2	0
Q9P1A2	B9VXK6	0
Q9UGH3	Q1HVH8	0
Q6SA08	O41966	0
P19021	O41949	0
Q5D1E8	Q9DUM3	0
Q8N819	P03172	0
P13010	H2A1D8	0
P51690	O41958	0
Q7L0Q8	Q6SW46	0
Q8WXD5	P04413	0
P41594	A0A140GKJ0	0
Q9H6B1	P88980	0
Q15048	O36551	0
P48741	Q76RI6	0
Q5VWT5	O41951	0
Q71UM5	P36313	1
O15078	Q01043	0
O15120	P88995	0
Q10589	Q9QAH9	0
Q9NQ31	A1Z0Q5	0
Q9P2T1	P10236	0
Q9Y6P5	P10215	0
Q9H6X4	P03215	0
P51452	Q9QJ12	0
P01563	P88997	0
Q08495	P10229	0
O15427	P03199	0
P28482	P88933	1
Q9H3T3	B8YEH0	0
Q9NVP2	P04293	1
O75901	Q2HR64	0
Q3V6T2	P03211	0
P05106	O41949	1
Q6ZSV7	P04290	0
Q5VXU3	G8HBF1	0
P34810	P57083	0
P11717	P03231	0
Q6UX73	O41931	0
Q12974	Q2HR71	0
Q02363	E5LBX0	0
Q8NBR9	O40918	0
Q8NCW5	Q2HR73	0
P09237	B1A9Q8	0
P01700	P68331	0
Q9Y3B6	P09713	0
P15621	P88987	1
Q9Y616	P36313	0
Q6ZVL6	Q2MG96	0
Q14789	Q06093	0
Q9H756	P08392	0
Q9HC10	A0A140GKJ0	0
Q86UD5	Q2HRC7	0
P15170	Q8UZD0	0
Q9NQ40	Q1HVJ0	0
Q86WV5	Q9Q2P1	0
P49798	O41932	0
Q8TD10	Q9DGW5	0
Q9NRC1	B9VQD4	0
A0A1B0GTL2	O41958	0
P45379	Q3KSQ2	0
P59074	Q8AZM1	0
Q7Z769	A0A0C7TRZ7	0
Q9NZH5	P10221	0
Q9Y2K7	P88995	0
P48167	Q8UZD0	0
Q8NGK1	Q76TK5	0
Q02218	Q98138	0
P26447	P08393	0
Q5EE01	P03215	0
Q8NHR7	B1A9Q8	0
O00418	P0CK50	0
Q99729	Q1HVI8	1
Q8NDI1	P88986	0
Q6PJE2	P03193	0
P20023	P03219	0
Q96PL5	K9UT94	0
Q9NQV6	Q1HVB5	0
Q99835	D0UZU1	0
Q10588	Q2HR71	0
Q9Y6Y8	A8T7D5	0
Q9Y227	Q1XBR6	0
Q86X10	O40939	0
Q96T58	Q04360	1
Q14129	P17473	0
O00338	P03172	0
Q93088	P13198	0
Q8N4E4	Q2MG95	0
Q9UI72	Q69114	0
P20930	Q2HR64	0
Q86T65	P88931	1
P0DPB5	P10204	1
Q96PJ5	P12888	0
Q8NGN6	Q8V2D1	0
Q9Y2Z9	Q2HRC7	0
Q9NUL5	P06436	0
Q9Y6N7	G3CKS7	0
Q9Y4D2	Q3KSR4	0
Q2NL98	P89883	0
Q8N699	P89653	0
A0A5B7	Q77UV1	0
Q14392	A8E1C4	0
P78527	Q9QR71	1
Q9BUV8	Q69140	0
Q9UKZ1	Q77Q82	0
Q86W33	P29128	0
Q96T58	Q9DUM3	0
Q53EZ4	Q9Q2P1	0
Q8NGH9	Q3KSU7	0
P16284	P32888	0
Q5VVY1	K4P3M7	0
Q86VP1	E5LBU3	0
A0A1B0GTY4	Q2HRA1	0
Q8NDW8	Q1HVJ2	0
Q9BRR9	P88952	0
Q8IYD9	Q1HVG0	0
Q8IZD9	E5LBX2	0
Q6UXT8	Q3KSS7	0
P55789	Q5PP90	0
Q9NRH1	Q04234	0
Q9HAV7	Q1HVI8	1
Q9NS98	A0A140GKJ0	0
Q86X52	Q81013	0
O14841	P10208	0
Q86XG9	Q2HRA1	0
P18084	P0CK50	0
A0AVT1	O41941	0
Q9H0U6	P08393	0
Q9UHD2	P36313	1
Q99551	Q04234	0
Q9NV96	P0CK57	1
Q9NY35	Q6SW46	0
Q9NQZ5	Q1XBR6	0
P00352	Q1HVB8	0
A0A087X0M5	Q9WNA9	0
Q8N972	Q76TK5	0
Q6P050	P88935	0
Q96NZ1	V5KTY7	0
Q96MU7	Q1HVJ0	0
Q8TCQ1	D3YPE9	0
Q9C030	A8E1H1	0
Q58G82	P12977	0
Q3V6T2	P0C6Z6	0
Q7Z4R8	P12977	0
P43631	P03220	0
Q8WTS1	Q98147	0
P10144	O40945	0
P35225	G8HBH4	0
Q96KH6	E5LBS6	0
Q9Y6Z7	Q9WRJ7	0
P21730	P0C6Z1	0
A6NHJ4	F5HAM0	0
Q92597	Q06A28	0
Q9UFV3	Q1HVD6	0
Q16820	Q69114	0
O94788	G3G922	0
Q5BJH2	Q04360	0
Q92674	Q66674	0
Q9NVS9	Q9YRL8	0
P05023	P0CK50	1
O95249	P88924	0
P53805	P03204	0
A0A1W2PS27	P68336	1
Q9UKS6	P10234	0
P14672	Q1HVB3	0
Q8TEP8	O41966	0
P06310	Q76RG2	0
Q9BWT7	Q2HR82	0
O00512	P09708	0
Q9HBK9	Q3KSV2	0
A6NLJ0	P88937	0
O00762	C7E599	0
Q6ZMI0	Q1HVB5	0
P59665	P88980	0
Q9BWU0	Q9QR71	1
Q86T96	Q3KSS4	0
P61019	O40917	0
Q1W4C9	P03193	0
P09769	Q3KSR7	0
Q8WU68	Q3KSR7	0
Q86YL5	P13202	0
P57057	Q76RF5	0
Q86Z20	P28282	0
P60608	P88987	0
Q86X51	Q3KSQ1	0
Q9UKA4	P0C788	0
Q9NVA4	P16749	0
Q96J65	Q3KSS4	0
Q14802	A8T7D5	0
P02652	P06481	0
P57082	U5TQE9	0
Q92583	P03224	0
Q6ZSV7	P36313	0
Q5T0L3	O41925	0
A8MYP8	B9VXK6	0
Q8NH94	F5HE05	0
P0CG39	F5HEZ4	0
Q9BSF4	P90489	0
Q8IVH2	H2A1D8	0
P50281	P0CK50	1
Q96RY7	Q8V2D1	0
Q9NUP9	P88988	0
Q8IYN6	Q76SK3	0
Q12891	Q6SW94	0
Q5JXC2	Q9WSZ6	0
Q8TAA3	P03222	0
P01850	P16780	1
Q8IYX1	P10221	0
P22087	P03228	0
A8MUA0	O40917	0
P50148	Q05906	0
Q96MN9	P03177	0
Q0VAA5	P10233	0
P41968	Q2HR75	0
O95644	Q98138	0
Q9UER7	P88981	0
Q13191	P88980	0
Q9Y281	F5HDA4	0
Q7L3S4	P03230	0
Q0ZGT2	P88987	0
A0A087X0M5	P10193	0
O43272	P88993	0
Q8N3A8	Q1HVB5	0
Q96L33	P10234	0
Q8NH64	Q6SW46	0
Q96MY7	P04293	0
Q1MX18	P10215	0
Q14699	K9UT94	1
Q9GZZ7	F5HH39	0
Q4VC39	P88952	0
P43088	P90463	0
Q6P3S6	Q76SB6	0
Q9BUM1	Q4JR05	0
Q8N910	P10221	0
Q9GZV7	Q1HVG4	0
P49848	P10185	0
Q6PEY1	O41931	0
Q8IWX7	G3G922	0
Q8NHV4	P04296	0
P62899	P03211	1
Q9H4T2	Q2HR71	0
Q96T53	P03222	0
Q0VF49	P88957	0
P49916	P10220	0
P03891	P88991	0
P26842	W6AVY5	0
P42229	P88912	1
O94817	Q81013	0
A8MWV9	O41951	0
Q8N138	P04295	0
O60503	P0CK58	1
Q9Y251	F5HE15	0
O76094	P16749	0
O75152	P88937	0
Q15154	P88957	0
Q99259	P04485	0
Q13610	Q1XBR6	0
Q96DA6	P03179	0
P0DPE3	B9VQD3	0
Q16539	Q2HR73	0
Q9UI30	P0C705	0
Q8TBK6	O92597	1
Q9P2D0	Q1XBR6	0
Q8WVN6	O41970	0
O95867	P08543	0
O75152	P03217	0
Q9HCJ0	Q8AZJ3	0
Q96E93	K4P3M7	0
P35590	P88935	0
Q01860	A0A0C7TRZ7	0
P20292	P03195	0
Q6ZUX3	Q76RF5	0
O14804	Q9QJ49	0
P06703	P0CK50	1
P0DML2	O41956	0
Q99871	Q8AZM1	0
Q8WXR4	P90495	0
O14764	Q69018	0
Q16666	P04288	1
Q6UX39	P88997	0
Q8IYU8	P0C6Z5	0
Q9Y3P8	P88947	0
A0A024RCH0	Q9QR71	1
Q9NYQ6	O40921	0
Q86VW1	P10235	0
Q5CZ79	P04487	0
A8MTL9	P0CK53	0
Q7Z6B7	Q9YRL3	0
Q8N5Z5	P04290	0
Q9H9S3	P89462	0
A0A1B0GX31	P30119	0
Q8NAJ2	P68323	0
O96017	P06725	1
Q9Y5X3	A0A140GKJ0	0
P07148	P03231	0
Q96SR6	Q18LE1	0
Q4G148	Q69115	0
Q9Y250	P10220	0
Q8WYQ4	P08560	0
Q6IMN6	P10226	0
Q6ZUS5	P0CK53	0
Q12873	O40939	1
A0PJX4	P03169	0
O00238	Q8AZM1	0
P52756	O40939	1
P04083	Q6SW59	0
P14735	F5HE15	1
P11021	Q6SVZ5	1
P01023	Q8AZJ3	1
A0A3B3ITW6	A0A2H4PJV3	1
Q96BT7	Q9Q2P0	0
Q3MII6	P10234	0
Q9BRP7	F5HB81	0
A6NNA2	Q2HRC7	0
Q8N446	D2XQB9	0
Q6PGN9	B1A9Q8	0
O75607	F5HFD2	0
A8MTY0	Q76RF5	0
P80192	D0UZS3	0
P43166	O41927	0
Q6UXH9	Q1HVD1	0
Q96CW9	H2A1D8	0
Q16825	P88988	0
Q9NP62	O92597	0
Q96RJ0	Q98157	0
O75448	P0CK53	0
Q8IVJ1	P03199	0
Q6P1A2	Q69114	0
Q86Y78	F5HEU0	0
Q9UDY8	O40918	0
P09564	P0C6Z5	0
Q96E40	Q69117	0
Q14142	D3YRZ7	0
P16278	Q9WRJ7	1
O15524	B9VXK6	0
O76094	O40939	0
Q9H2X8	P04290	0
Q8NGH8	Q98157	0
P35504	P13292	0
P40227	Q3KSR4	1
Q9H4B4	F5HB81	0
Q9Y3D7	Q3KSU8	0
Q70UQ0	Q9YJQ8	0
P08559	Q1HVD3	0
P51843	P69332	0
Q9P2D6	P13201	0
Q9HC23	Q2HR85	0
P21754	P03211	0
Q9NSP4	P03179	0
P19338	P08560	0
P35556	I1YP38	0
Q9H3M9	A0A140GKJ0	0
Q5BLP8	P16749	0
P11511	P08560	0
P61769	P04485	0
Q96NW7	Q2HRA1	0
P14621	U5TQE9	0
Q7L014	O41969	0
Q9Y5F7	P03186	0
Q86WA9	P12888	0
Q96RQ3	Q6F4H9	0
P00403	Q2HR73	0
P61165	Q1HVD1	0
Q9ULV1	P88983	0
Q9UEE9	Q8AZJ3	0
A6NMT0	P03212	0
Q8NEZ5	O41927	0
P32927	P03192	0
O94900	O41925	0
Q96JN2	P89883	0
P21283	P13202	0
Q8IYK8	K9UT94	0
Q8TEX9	P04290	0
Q5VU92	P89654	0
O75717	Q9QJ12	0
P11171	P10239	0
Q8NGS2	Q1HVB8	0
Q86YP4	P03186	0
Q8NGJ7	Q69117	0
Q2NL98	Q77UV1	0
Q08379	Q1HVG4	1
P46439	P88951	0
Q6ZWK4	P06480	0
A0A1B0GUS0	F5HCV3	0
Q9P0K1	W6AVY5	0
Q96K49	Q98157	0
Q6P3X8	E5LBU3	0
Q9HB89	Q98147	0
Q9BYC8	F5HFD2	0
Q9Y4R7	Q66677	0
Q9UBC3	Q9Q2P1	0
Q7Z2E3	Q6F4H9	0
Q14593	V5KU41	0
Q01826	P88924	0
Q9GZX6	P0C723	0
P85299	P12888	0
P13667	Q3KSR4	1
Q5T1B1	P0C6Z1	0
Q96KR4	Q69132	0
Q6PJI9	Q2HRB6	0
Q6P087	Q3KSR7	0
Q8TF09	B9VXK6	0
Q96A99	Q9QAI2	0
Q8NFQ8	P88944	0
P83881	A1Z0Q5	0
P07900-2	P88980	1
Q30KQ1	V5KTY7	0
P63151	Q2MG96	1
P08709	P03232	0
Q9HBU6	Q1HVG2	0
Q76LX8	P0C6Z1	0
P12757	Q9J0X9	0
P34982	Q2HRB6	0
P03971	Q77PU6	0
P56537	F5HBL8	1
A6NKH3	Q81013	0
Q6UXA7	P08392	0
Q8WVX3	F5HBL8	0
P17540	P10208	0
Q8N4T0	Q1HVG4	0
Q16778	P0CK53	0
Q5VT79	Q9DUM3	0
P51649	Q66674	0
A0A1B0GVH7	Q6QCN2	0
P09486	P0CK50	1
P0C7Q2	F5HDE4	0
Q9UDY6	Q98136	0
A2RUG3	P03186	0
Q15572	P16727	0
Q96Q89-3	O41958	1
Q8IWX8	Q07275	0
Q9H172	P88980	0
Q8N5I4	Q69140	0
Q7Z3K6	O41925	0
P56192	P03225	1
Q9Y6L7	Q9J3M8	0
Q9HCS2	P89653	0
P01780	Q8AZJ7	0
Q6UVW9	G3G960	0
O00321	F5HFG5	0
H3BR10	D3YRZ7	0
P23470	P03185	0
Q96ER3	Q98131	0
P48960-2	O41949	1
Q5MCW4	P32888	0
Q96HR9	P04295	0
Q8NGZ9	P04290	0
Q9H0P7	P17473	0
B4DJY2	Q1HVH2	0
Q15118	P10226	0
Q9HCJ5	G3G960	0
O15260	Q1HVJ2	1
Q9Y252	P03230	0
P0C853	Q06A28	0
Q9NX57	P06725	0
Q8IZY2	P04288	0
Q6UX72	P88912	0
P35670	H2A1D8	0
C9JLJ4	Q06093	0
P0DP03	Q6SWA4	0
Q5JXM2	P03192	0
P0DMU9	P03232	0
P33552	A8CSJ8	0
Q6PGQ1	O41941	0
Q9Y320	Q69140	0
Q9H444	P0C6Z8	0
Q96CB8	F5HB81	0
P22680	Q6SW59	0
Q6P2Q9	P06726	0
A1A4Y4	Q5PP90	0
Q9NWB1	W6AVY5	0
Q6PCB7	Q04360	0
P59768	O40917	0
P57053	P04487	1
O75064	G8HBD2	0
Q9BYQ5	D3YP88	0
Q53EP0	Q6SWB7	0
O76000	Q77Q82	0
Q00341	Q69119	0
Q9UL41	P13199	0
Q5SY13	Q9QJ49	0
Q8WVD3	Q3KSR8	0
Q9NRY4	O41925	0
P0DPF5	Q9QJ49	0
Q9HAW4	E5LBS6	0
Q13164	P16727	1
Q7L2H7	Q6SW29	0
O94973	W6AVY5	0
Q9BQB4	O41955	0
Q9UGQ2	Q76TK5	0
Q96NN9	Q9QJ49	0
A5YKK6	F5HFD2	0
Q96IR5	P0CK56	1
P14902	P68343	0
P41231	Q76RI2	0
O15173	G3CKS7	1
Q93015	Q991M3	0
Q96GD4	A8E1C4	0
I1YAP6	P03220	0
Q96JH8	P88924	0
Q969J2	Q1HVB3	0
P58513	C7E599	0
Q96C24	E7DBL9	0
O95104	P13198	0
P48060	P10201	0
Q9UFE4	P88996	0
Q9UPY6	P88947	1
Q5TBE3	P03195	0
Q7RTY9	A0A2H4PJV3	0
P40429	P03177	1
O95263	Q6SW59	0
A0A2R8YG02	P04296	1
Q76N32	G3G922	0
Q01814	Q9QAI4	0
Q8IZU8	Q6SWB7	0
P38405	O41970	0
P80303	Q5MJ03	0
Q9NRE1	Q76RH0	0
Q96PD2	P03203	0
Q96B77	P06725	0
Q9NSU2	Q9WNA9	0
P02751-10	P16791	0
Q9UJ14	P0C737	1
Q9NVI7	Q77CE4	0
P36021	F5HDE4	0
A6PVY3	P68343	0
P78356	D0UZU1	1
Q8IWV2	P0C737	0
Q16670	Q69554	0
P53041	Q9QR71	1
Q5JRS4	P0C723	0
P0CG12	P10230	0
Q8NGC2	Q69114	0
Q9Y219	P0C723	0
P78545	D0UZN7	0
Q8N9Z2	P03222	0
Q7L1I2	F5HE05	0
O15544	P03197	0
Q9NTQ9	Q9QAI4	0
Q5T5B0	Q2HRC8	0
G3XA98	P0CK48	1
Q5FWF6	B1A9Q8	0
Q86VI1	Q01043	0
Q96LI6	P03169	0
Q6GPI1	O41954	0
Q7Z478	P88947	1
Q9BT92	P10210	0
O00462	P03208	0
Q8N9U9	P87662	0
Q99619	Q1HVJ0	0
Q9P0Z9	Q07275	0
Q8N428	O40918	0
I3L273	C7E599	0
Q9HAT8	A0A0C7TRZ7	0
A6PVL3	G3G960	0
P17405	P04293	0
A0A0C4DH26	Q1HVG2	0
Q9NWV4	Q1HVB3	0
Q96A73	Q9Q2P1	0
Q9UM01	Q8UZD0	0
A6NLF2	P04487	0
A6NH57	G8HBD2	0
Q96BT7	Q2MG96	0
Q96PV0	A8E1H1	0
Q99536	P12977	0
O00175	Q98143	0
Q8NC54	P0CK58	1
Q66K66	Q76RI8	0
Q66K79	O41932	0
P20396	Q9QAI2	0
Q96F45	E7DBL9	0
P33527	Q76RG2	0
Q9H869	P57083	0
O60361	Q76RI2	0
A4D0V7	P16769	0
P12955	P88959	1
Q9H1Q7	Q2HRA7	0
Q6ZU64	O41963	0
Q6ZWI9	Q04360	0
Q9Y2L8	P10240	0
Q12774	W6AVY5	0
P0CH98	P17473	0
Q8NHS0	Q3KSS3	0
Q9UQL6	Q3KSR7	0
P35212	P10191	0
P05162	O41951	0
P17482	O41952	0
P35270	Q66677	0
Q86SH2	P10238	0
Q8WUJ1	A0A2H4PJV3	0
Q5TGI0	P03219	0
Q5VU36	Q1HVD3	0
Q27J81	P03220	1
P08651	Q2HR64	0
Q9BXD5	P13285	0
P29536	Q6SW66	0
P50402	P0CK57	1
Q16378	O41957	0
Q9UMX3	P09503	0
P53004	A0A140GKJ0	0
P0C7X0	F5HBC6	0
Q9H869	P10228	0
Q04900	P10228	0
Q96QE2	Q9J4B7	0
Q68EN5	Q0QI92	0
Q8WX92	Q1XBR6	0
Q7Z3F1	Q6SW46	0
Q9UHB9	P22575	0
O00744	Q8AZJ7	0
Q7RTV5	Q06A28	0
Q6IBS0	P04485	0
A6NC05	P10191	0
Q7Z5S9	P09708	0
Q6P996	K9UT94	1
Q96RD6	P10217	0
Q9P2K6	P88947	0
Q86W92	P88987	1
P58743	P28282	0
Q4G1C9	P68331	0
Q9P2J8	Q76RI2	0
P53041	P03186	0
Q13145	P10233	0
Q9BSJ6	P03170	0
Q7Z7A4	Q1HVG1	0
P52569	P13285	0
O14813	P04293	0
P51685	P04413	0
P07357	P06725	0
A8MZF0	P06725	0
Q8IXQ8	P03170	0
P54826	P03192	0
Q16739	Q1HVJ2	1
P20591	Q5PP90	0
Q9NRL2	Q1HVG0	0
Q8NDC4	Q3KSU7	0
O75173	F5HAD1	0
Q9H322	P10229	0
P59037	P08393	0
Q8N9X5	I1YP38	0
Q8N8B7	Q6QCN2	0
Q8ND90	P0C763	1
Q6ZN32	B8YEH0	0
Q92748	P90489	0
P16234	K9UT94	0
Q8WUA4	Q98157	0
P42704	P03177	1
Q12797	P0CK48	1
Q07812	Q6SW94	1
O15303	Q9Q2P0	0
P09525	Q1HVI8	0
O00294	P89432	0
Q4KMQ2	E5LBX2	0
Q8N7B9	C7E5A9	0
Q5SWX8	P10236	0
Q9NQB0	G3CKS7	0
Q9BZQ8	P89654	0
Q9UH92	Q8AZM1	0
Q99712	P03219	0
Q9Y3B3	P89654	0
P40306	Q9DUM3	0
Q9H306	P06477	0
Q9BYJ1	P03217	0
Q7Z3T8	P10240	0
Q71RS6	Q98138	0
P84077	O40913	0
Q9NS67	P68345	0
P30872	Q76TK5	0
O00483	Q3KSR4	1
Q15629	P03177	1
Q9Y5Q3	O41951	0
Q08116	P10211	0
Q9UJW7	Q05906	0
Q9NQR1	P03169	0
O75762	Q1HVH2	0
Q8NA75	Q81013	0
P20592	P04291	0
Q96KC9	Q66674	0
Q9H1A4	P88988	0
Q6DKI7	Q76TK5	0
Q86XS8	P10229	0
Q5VYS8	U5TQE9	0
Q969T4	P88959	0
O95970	O40939	0
Q9H3Y6	Q76S40	0
Q9UL46	P13285	1
Q9Y2Y6	D0UZL9	0
Q6PH81	G8HBH4	0
Q8N9I0	F5HDD0	0
Q8IYX8	Q1HVD1	1
Q56UN5	O41958	0
O15173	P0CK57	1
Q99880	F5HFA1	0
Q86UK7	Q98146	0
P28907	Q1HVI8	0
Q9Y616	P88991	0
P01100	P10230	1
Q6DN72	P88952	0
Q6ZUS6	Q1HVG4	0
Q8N9S9	F5HDD0	0
Q99501	P09708	0
Q53G44	Q69113	0
Q14592	P06725	0
Q5XX13	Q1HVG1	0
Q9P0N8	P89653	0
Q9Y4L1	G3G960	0
O96000	Q6SW29	0
Q96RR1	Q5NTY3	0
Q96F07	P17589	0
P15692	P0CK50	0
P12036	H2A1D8	1
Q8NGS8	B8YEH0	0
Q8WUJ3	Q2HR64	0
P19338	P08543	0
Q86TJ2	Q81013	0
Q06190	Q98143	1
Q9UJC5	O41931	0
Q9BUJ0	E5LBS6	0
O75556	P06491	0
P41252	P0C723	0
O14626	Q07275	0
Q9UMR2	Q6SW46	0
Q7Z4Q2	F5HFG5	1
Q8NCA5	P03219	0
Q96A46	C7E599	0
Q04771	P10215	0
Q96AP7	F5HCJ2	0
P10092	P68345	0
Q9UJT1	P68345	0
Q7Z3E5	F8RFA1	0
Q9P2E9	P0C6Z1	1
P41002	F5HC97	0
P19838-PRO_0000030311	V5KTY7	0
Q8WVI0	P04288	0
O15446	P03193	0
Q9BWL3	P0C737	0
P0C7P4	P10218	0
A6NKQ9	Q3KSR8	0
Q6UX15	P0CK58	1
P33991	O41970	0
O95573	Q2MG95	1
Q7Z5J4	P0CK53	0
Q96PL2	Q3KST2	0
Q9BVI0	Q69549	0
Q9H114	Q76SB6	0
Q9P0P0	F5HAD1	1
P20366	P0C723	0
O15243	P89884	0
Q96Q80	Q1HVB3	0
Q8IXS6	A8CSJ8	0
Q6DT37	G3G960	0
Q9BPU9	Q1HVH8	0
O00409	Q2HRC6	0
P13929	W6AVY5	0
Q8WW24	Q9QJ12	0
O75593	P30119	0
Q8NEA4	P13198	0
O60268	Q1HVG2	0
P0C5K6	Q76RF6	0
O00115	P88924	0
Q7Z442	Q1HVB8	0
Q8TE54	P0CK58	0
P14618	P03228	1
Q9NWA0	P10236	0
Q99550	P03189	0
Q03060	Q76RI6	0
P13667	P88935	1
Q9BXI2	P10235	0
P68104	P04487	1
O95754	P10226	0
J3QS41	P17473	0
Q9Y6R6	F5HDA4	0
Q4G112	P88981	0
P51793	Q3KSR7	0
Q6ZSS3	Q81013	0
O00115	P88992	0
Q4ZG40	P03185	1
Q8TF62	P12978	0
O95478	F5HE05	0
Q92796	P16749	0
Q96K17	P10186	0
A6NC42	F5HEZ4	0
Q9NUT2	Q69559	0
Q14028	G8HBD2	0
Q03014	P03192	0
Q52M93	L8B1Q7	0
C9JTQ0	Q69138	0
A6NNE9	Q6RJQ3	0
Q3KNS1	Q3KSU7	0
P42892	Q69117	1
Q8WWU5	P0CK48	0
P32745	P04295	0
P51857	L8B1Q7	0
Q96H15	F5HHZ3	0
Q8ND25	P0CK50	0
Q8NEX6	Q91LX9	0
O14531	P03225	0
P15822	O41963	0
Q6UWU2	B9VQD3	0
Q9NRR4	P0C729	0
Q96QF0	P0C737	1
Q13492	Q9YJQ8	0
Q6ZP29	P08353	0
Q86WA6	Q1HVB8	0
O43699	F5HCM1	0
Q9Y5I2	P88996	0
Q96FJ0	P08543	0
Q08623	Q3KST2	0
P61313	Q9J0X9	0
P01706	P03219	0
Q53GT1	Q01043	0
P53634	P25214	1
C9J798	P0C729	0
O95071	P03177	1
W6CW81	Q69119	0
Q6ICL3	P08543	0
Q8IY81	P04296	0
O75324	O40913	0
Q92485	Q3KSQ1	0
Q6UWU2	U5TQE9	0
Q9BXJ5	G8HBH4	0
P08651	P10235	0
P01782	P13202	0
P35243	O41958	0
P78560	Q3KSU1	0
Q9HCS4	Q8V2D1	0
Q9NQ76	Q3KSR4	0
Q8TAL5	Q04360	0
P19447	F5HDD0	0
Q9H0F6	G3CKS7	0
P25105	P90489	0
Q96SQ9	O41946	0
P51692	F5HFD2	0
P68363	P0C729	0
P78357	P0C737	1
O75529	P88911	0
Q8TE57	P88926	0
Q9ULS6	F5HB81	0
Q8TAP6	Q6SW66	0
P46976	P30020	0
Q96LC7	P03215	0
Q8NI17	P17589	0
O14544	Q5PP90	0
P55916	E5LBX0	0
Q9NYS7	P10208	0
O60292	P89653	0
O00287	A8E1C4	0
O43709	Q3KSV2	0
O15151	P10185	0
O96020	F5HBC6	0
P50120	Q6RJQ3	0
O43324	K4P3M7	0
Q9Y508	P88995	0
Q9Y2G0	G8HBF1	0
Q5YKI7	Q98157	0
Q8N0Z9	P06485	0
Q4G0I0	P89653	0
Q96G46	P03217	0
A0A1W2PS18	P10212	0
O14841	Q1HVG0	0
Q9Y2U8	P0C6Z1	1
O60447	Q2HR64	0
P23497	Q2HR75	0
A6ND48	Q76RF6	0
P43364	P10208	0
Q96DB5	P03227	0
Q14865	P03204	0
A6NDY0	P16769	0
Q9UBY0	P03219	0
Q9UPC5	P10231	0
P0C617	Q07275	0
P01024	P88925	0
P59539	Q9DUM9	0
Q96C55	P06486	0
Q9HB89	P0C737	0
Q3SY89	P13292	0
Q63ZY3	P03225	1
P0CG42	B9VXK6	0
Q9H4B6	P10228	0
Q9Y2I8	Q69117	0
Q9NZQ0	P06725	0
Q13449	A0A0C7TRZ7	0
Q8IYB4	B9VQD4	0
Q14249	Q2MG96	0
Q8IZT6	P13201	0
Q9BT30	F5HFA1	0
Q9Y5B6	P0C763	0
C9J6K1	O92597	0
O60224	P03169	0
P37837	D0UZS3	0
Q8NGY0	D3YP88	0
Q9HD90	P88951	0
P40121	G8HBF1	0
P10966	P03219	0
Q8WYQ3	P18139	0
Q8WUM4	P0CK58	1
O15263	Q1HVG1	0
P78337	P16791	0
Q8IUH4	F5HH39	0
Q8TBF2	P90489	0
Q9UMR7	P89883	0
P11836	P0C763	0
Q9UQQ2	Q98136	0
Q8N556	Q6SVZ5	0
Q9BW83	Q2HR75	0
Q96A44	P89432	0
O75381	G3CKS7	1
A6NFZ4	P10230	0
Q9NS98	P03208	0
Q6IPX4	P0C732	1
O76013	Q69022	1
Q9UJU5	Q76RI2	0
Q9NSA1	P03227	0
O15488	E7DBL9	0
A6NEQ2	P89432	0
Q70JA7	A8T7D5	0
Q8IXW5	B9VXK6	0
O14745	P90495	0
P39905	O41964	0
Q3LI62	Q9QAH9	0
Q5T9Z0	Q3KSV2	0
Q86XR7	P03224	0
Q96CG8	Q1HVE9	0
P78332	P19893	0
P23327	Q9QNF3	0
Q5SZQ8	O41947	0
O95985	Q9J0X9	0
Q12769	P03177	0
P43116	P03185	0
Q9P2S5	P10208	0
A6NM62	P22575	0
O75688	P0CK50	1
Q8NGI7	V5KU41	0
P0DP01	Q9QAH9	0
I6L899	F5HCJ2	0
Q17RB0	P0CK48	0
Q8WUY1	P03204	0
Q9ULE6	A0A0C7TRZ7	0
O00522	P10201	0
Q587J8	Q8V2D1	0
P41212	O41962	0
Q7Z429	P88926	0
Q15054	P06480	0
Q96EG3	P03224	0
Q8NGB9	P88944	0
Q9BXV9	P10233	0
Q8IVU1	P19893	0
Q16769	Q76RH5	0
Q96P68	P03206	0
Q03403	P03199	0
P0DPH7	Q3KSR7	0
Q00987	Q3KSQ2	0
Q9H7Z3	F5HE05	0
Q96LD1	P16769	0
Q15018	Q18LE1	0
Q8IZ08	Q76RH5	0
P14854	O41974	0
P29972	Q69132	0
Q93034	O41974	1
P10643	P03203	0
Q96PL5	P0CK50	0
Q8TAT5	P03188	0
Q92841	P09713	0
Q9UQ35	Q1HVG0	1
Q8WYJ6	Q69559	0
P08397	Q9QAI1	0
Q15013	P88987	0
Q8N6K4	P0CK57	0
P17568	Q4JR05	0
P17858	Q2MG95	1
O43474	A0A0C7TUY8	0
P43361	P88980	0
Q9H8U3	Q2HRA7	0
Q07960	Q2HR82	0
Q6UY14	P28939	0
P56192	P09503	0
Q9BSL1	C7E599	0
Q15477	G3CKS7	0
Q16552	Q9Q2P0	0
Q9NXS2	P0CK57	1
A2AJT9	F5HHZ3	0
P20700	Q3KSU8	0
Q9BXR5	Q2MG95	0
Q6NUN9	P68331	0
Q96EZ4	Q9QJ49	0
Q9UHG3	F5HFG5	0
Q6UWZ7	Q4VW77	0
Q92914	O41962	0
Q9HAF1	P88952	0
Q15270	Q6SWA4	0
A6NDE8	D0UZU1	0
Q9UN66	P88997	0
Q9H8H3	P06726	0
Q96E40	P89883	0
Q5JSL3	P04296	0
Q3KRA6	Q9YRL3	0
Q6PJE2	Q66674	0
Q8NGP9	Q4JR05	0
P53041	P03197	0
Q5BKU9	P06437	0
Q92561	P04488	0
O60573	P88926	0
Q9Y2H8	E7DBL9	0
Q8IVW4	P88987	0
A9QM74	G3G960	0
Q12962	P88937	0
Q96EE3	Q69091	0
Q9BXM9	P06436	0
Q13485	Q6SW66	0
Q9Y261	P03188	0
Q9UI36	Q98146	0
P00734	P03212	0
P16070	P0CK57	1
Q15651	Q9QAI1	0
O43166	Q8AZJ3	0
P41968	P06485	0
O95081	F5HB81	0
Q8TBZ3	P03204	0
A6NIH7	Q9J0X9	0
Q15654	O40945	0
Q9H9G7	Q76TK5	0
P0C7N8	P88992	0
Q9QC07	P10191	0
O60673	G8HBH4	0
Q9NZC3	P06437	0
Q07866	A8CSJ8	0
O15230	O41939	0
Q8TCF1	W6AVY5	0
Q8TAF8	Q1HVG2	0
Q7Z4L0	P0C6Z9	0
Q02928	O41969	0
Q96E93	P09713	0
Q96KN2	Q77Q36	0
B6SEH8	P19893	0
Q9H2A2	Q1HVB5	0
Q9NP61	Q76RI8	0
O00453	Q76RH0	0
P37235	Q8AZM1	0
Q14839	Q2MG95	0
Q8NI37	F5HDA4	0
Q6PEW1	P88988	0
A2A3K4	F5HFA1	0
Q15629	P0C737	1
Q03111	P03179	0
O75147	Q06A28	0
Q13698	P08560	0
Q3B820	F5HAD1	0
Q96D05	Q9DUM9	0
Q9HA82	Q6SW94	0
Q96GW9	P10193	0
Q96EK9	Q5PP90	0
Q6TDP4	Q9DUM3	0
Q96GQ5	P10225	0
O75487	P10224	0
Q2QGD7	O41949	0
Q9Y5J1	Q9QAI2	0
Q9HCN8	P88970	1
Q9C0F1	P03225	1
Q9BSU3	Q9J0X9	0
Q9H2I8	Q9YRL3	0
Q8WWZ4	Q3KSR8	0
Q15286	A8E1H1	0
O14986	Q9Q2P0	0
Q5FWF6	P88957	0
Q9Y284	I1YP38	0
A8MVJ9	P10233	0
Q8NI27	P16769	0
F6SYF8	P0CK48	1
Q14676	P88935	0
O00303	Q9J0X9	1
P57058	P10225	0
P47897	Q1HVI8	1
P08962	P0CK48	0
A1IGU5	Q3KSS3	0
Q16585	P03172	0
O76095	P06477	1
P35998	Q1HVD3	1
Q86SE5	F5HEU0	0
Q9BZD6	P13292	0
Q92791	F5HDE4	0
Q01814	Q5MJ03	0
Q9H3H9	O41947	0
Q6ZRI8	Q2HR73	0
Q9C035	F5HCM1	1
Q9H270	Q1HVD1	1
Q8IZ41	D0UZL9	0
Q9H2W2	P30119	0
Q8NG77	Q2HRC9	0
Q9BVN2	P89654	0
Q6UB35	P03177	1
Q6MZN7	Q3KSS4	0
A6NEF3	P03231	0
Q9UF83	P10231	0
P07205	P09713	0
Q8NFH8	P68336	0
O95665	Q3KSU7	0
A0A0B4J272	P12888	0
Q6NUQ4	Q77Q82	0
Q14DG7	O92597	0
Q8WTV1	P08392	0
O14521	Q9DUM3	0
O75533	P0C732	1
P25440	Q2HR75	1
Q3KNW1	Q98146	0
Q6ISS4	P06485	0
P46059	Q9QAH9	0
Q8IW92	P03225	0
P19087	P08353	0
P55039	P88970	0
P78396	P10186	0
O75912	Q2HR82	0
P10632	Q98136	0
Q9BYG3	Q9J3M8	0
A6NCW0	P0C736	0
O15232	P04290	0
Q96EV2	Q9J3M8	0
Q8TBF5	Q07275	0
Q8NGZ6	G8HBF1	0
Q03692	Q76RJ0	0
P35503	P16727	0
Q9UKR5	P88951	0
O43474	P10231	0
P59991	P06477	0
O43298	B9VQD4	0
O43681	P90489	0
Q8WU08	Q1HVJ0	0
Q8N660	O41952	0
Q15415	Q69114	0
Q96MT4	P06491	0
P56962	Q9QAI7	1
Q15120	P0C6Z8	0
P52756	Q91LX9	0
Q7Z5M8	P03169	0
P21580	Q6RJQ3	0
P30301	Q9QAI2	0
P28340	P0C723	0
Q8WW14	P69332	0
Q9BV23	U5TQE9	0
P07195	Q2HR85	0
Q96MF2	O40917	0
Q8NCC5	Q2MG95	0
O43766	P10233	0
Q7Z5M8	Q76RJ0	0
A8MT65	P10234	0
Q9Y2A4	P16791	0
Q8IWW6	Q9QR71	0
Q969F0	P10218	1
Q8N1D0	Q2HR73	0
Q96DT6	Q1HVH8	0
P25105	Q2HR73	0
O43252	Q76RI6	0
P50897	P88926	1
O14920	Q3KSS8	0
O95817	P0C732	1
Q17RB8	P29128	0
O60260	Q69113	0
Q14406	Q1HVG1	0
P46108	Q69091	0
A0M8Q6	P0CK48	0
O60637	Q1HVB5	0
Q16822	P16749	0
Q9Y3D9	Q2HRC8	0
Q9Y5G7	P04488	0
O95006	O40913	0
P0DJ07	P0CK57	0
P20290	E5LBU3	0
I3L1E1	P0C737	0
P48552	P68323	0
Q9UBM4	P88926	0
Q9Y3P4	P0C6Z5	0
Q86TI0	C7E599	0
Q5STR5	P03228	0
A0A0B4J1V6	L8B1Q7	0
Q13522	Q76SB6	0
P40424	P0CK58	0
Q9UHI7	P10218	0
Q8IWW8	Q01043	0
Q9UJ37	P03177	0
Q8NFI4	P03227	0
P18085	Q76RH1	0
Q8IXT2	D0UZS3	0
Q8N1X5	F5HBL8	0
Q3MIX3	O41964	0
P05546	Q3KSR4	0
P68106	P0C729	0
Q96LS8	Q8UZD0	0
Q9NRY7	Q3KSS4	0
A8MU27	P19893	1
Q86SQ0	P12978	0
Q8N4C0	O41966	0
Q9NX58	Q9QAI4	0
A0A087WT03	A8E1C4	0
Q9NWV4	F5HC97	0
Q8WXE0	P03203	0
Q5VU57	P18139	0
Q5SZQ8	Q8UZD0	0
Q8WU08	F5HFG5	0
Q7L592	P09503	0
Q8N0U2	P06477	0
Q13118	P10235	0
Q86VZ4	Q9QJ12	0
Q9NQL9	P88986	0
Q96KN2	P10205	0
Q86VM9	Q9Q2P0	0
Q9HB96	Q3KSS3	0
Q96N21	Q9QR69	0
O95749	Q9Q2P1	0
Q0D2J5	Q1HVD1	0
Q99877	P03193	0
Q6ZT52	Q8UZD0	0
P16157	P10208	0
P59646	Q04234	0
A2RRH5	Q3KSU8	0
Q9UPY8	Q1HVF6	0
Q8N111	P89432	0
P21731	P88995	0
Q86SK9	O41946	0
P61962	P09503	0
P62306	F5HE15	0
P59991	Q69022	0
O75071	P0C6Z6	0
Q16576	P68345	0
Q8IUC4	P03212	0
Q8IZS7	O41952	0
Q8TDS4	D2XQB9	0
A6NH11	P88924	0
Q7L0X0	D3YP88	0
Q9NPB6	Q9DUM3	0
Q8N688	P03204	0
Q9BSJ8	P0C737	1
Q8NHY5	F5HFA1	0
Q5VZT2	F5HAM0	0
P11387	P10209	0
Q3SXY8	Q2HRD3	0
P31276	P88935	0
Q96EP0	P0C705	1
Q96BD6	P03179	0
Q9UKJ8	P13285	0
Q6WRI0	P03219	0
Q9H000	Q77PU6	0
Q6UW49	A8CSJ8	0
Q86U42	Q2HRA7	0
A6NMY6	P16757	0
Q9H3P7	P68331	0
Q93008	Q98143	1
Q9NZP6	Q69018	0
Q99742	Q69091	0
Q3YBM2	P68336	0
O00337	P06477	0
Q969M2	P03212	0
O00631	O41966	0
Q8IXM2	O41957	0
Q9Y336	A8CSJ8	0
P19875	P03198	0
Q9NVR7	Q2HRA7	0
Q9BZJ6	Q9YRL8	0
Q14916	P04413	0
Q0IIM8	Q6SVZ5	0
Q86XT4	Q76RF5	0
Q92754	P89654	0
Q06210	P32888	0
A6PVI3	Q76TK5	0
Q8IUE6	P08543	0
Q8N3Z3	P89883	0
A6NDV4	O41939	0
Q6PK57	Q2HR64	0
Q9Y223	Q9QNF3	0
P57060	Q69138	0
P02042	P0C729	0
Q07869	P88988	0
Q6UX71	P0C737	1
Q6RW13	Q6SW94	0
P19823	P03200	0
Q96R69	Q77CE4	0
Q9Y6I0	O92597	0
Q9UFN0	U5TQE9	0
P40925	P88952	0
Q8IYJ2	Q69115	0
Q7RTS6	P06436	0
Q9UKV0	P03195	0
O60749	Q2HRC7	0
Q8IXX5	F5HCV3	0
P17661	Q1HVD3	0
A0PJW6	P0C6Z3	0
P26010	P88924	0
Q8N2R0	P69332	0
Q8NH37	Q1XBR6	0
P17535	A0A0C7TRZ7	0
P27930	Q6QCP6	0
P50416	Q4VW77	0
Q9UNX3	Q1HVD6	0
P22303	P06477	0
Q7LC44	P16780	0
Q15723	P0C6Z1	0
Q9BR84	P03222	0
Q8WUY9	B9VXK6	0
Q9NVC3	Q2HR73	0
Q9Y2G4	P13198	0
Q14393	Q69117	1
P49146	P03188	0
A6NM10	P03185	0
Q9HCC0	P0C732	1
Q9Y6Q5	Q1HVE9	0
P21741	P90495	0
Q08722	Q0QI92	0
A6NDL8	H2A1D8	0
Q9NVP4	Q9YRL3	0
O43255	P03206	0
Q17RH7	P06437	0
Q92914	O41949	0
P37268	Q18LE1	0
Q96HD9	P10225	0
P01023	P0C737	1
Q6ZTQ4	P03200	0
P53804	P16749	0
Q8N8Z3	P0C729	0
Q6N097	P0C6Z8	1
Q92535	Q98157	0
Q504U0	O41946	0
Q9HAY6	Q2HRA7	0
Q96CS3	Q1HVJ2	1
Q96HD9	Q69567	0
Q7L7X3	O40939	1
Q5VW32	Q3KSQ2	0
O00253	P19893	0
Q8N8J6	Q2HRB6	0
P08240	P19893	0
Q7Z7M1	C7E599	0
Q96NL3	Q2HRC7	0
O76024	P03217	0
O14656	Q1HVD1	0
P13929	F5HC97	0
Q04323	D0UZS3	0
Q9BTE0	P10231	0
Q17R60	K9UT94	0
Q9Y2I7	Q69549	0
Q9NTM9	P0C6Z5	0
P20645	F5HDD0	0
P03986	Q1HVH9	0
Q14703	Q9QR69	0
Q6ISU1	Q8V2D1	0
P60602	Q9QNF3	0
P63241	P06481	0
Q8IX95	P68345	0
Q96EP5	P06485	0
Q0D2K5	P08393	0
Q14153	P03199	0
Q8IVL1	P88993	0
Q12800	Q1HVD1	1
Q13435	P03230	0
P23510	O41957	0
O96020	P03217	0
P00167	P10220	0
P34896	W6AVY5	0
Q8IVI9	Q6QCP6	0
Q96RD6	O41970	0
Q5VWQ0	P68331	0
Q07666	Q2HRC6	1
Q330K2	P32888	0
P05556	P0C737	1
P58876	P09713	0
A6NIJ9	O41927	0
Q96JJ6	P0C705	0
O95243	G8HBD9	0
P02794	P03225	1
Q6ZMN8	F5HCJ2	0
Q8TAT5	P04413	0
P54727	Q9Q2P0	0
Q96D71	P13292	0
Q8NCL4	F5HB81	0
O14841	Q1HVB5	0
Q99878	P09713	0
Q96AE4	V5KTY7	0
Q9BX10	Q9YRL8	0
Q9Y375	P89462	0
Q9Y3D8	P0CK50	0
Q9UK80	P06486	0
P0DJD4	O40917	0
Q17RR3	P57083	0
O95980	P10227	0
P98194	Q1HVB8	0
P20618	Q2MG95	1
O60519	B9VQD3	0
O15533	Q9Q2P1	0
Q96LW4	P10205	0
Q8IW03	O41939	0
Q6UXN8	B8YEH0	0
Q9NWU1	Q3KSR7	0
Q9UPR6	E5LBX2	0
Q8NGL9	Q1HVF7	0
Q5TBA9	Q9QAI2	0
Q9Y463	Q98131	0
O00391	P0CK57	1
P0C0L5	P88986	1
Q7Z3Z0	Q01043	0
Q8N9I9	Q9WRJ7	0
Q16538	O41927	0
Q96EY5	P89654	0
Q9BWP8	V5KTY7	0
O00629	P03197	0
Q9NYR9	W6AVY5	0
Q8TB68	P88988	0
P12273	Q76S40	0
Q9NR12	P0CK57	1
Q5XXA6	A8T7D5	0
Q8N7P1	O36551	0
Q6UB28	P69332	0
P24557	Q69549	0
O60739	V5KTY7	0
Q9C091	Q69022	0
Q6QNK2	B9VQD3	0
P56211	Q77Q82	0
Q9Y625	P0CK58	0
O60716	Q1HVD1	1
Q5GAN3	P10229	0
Q8TB52	Q98136	0
Q99733	P03211	1
A0A075B6I3	P03185	0
Q92887	Q1HVH2	0
Q16254	Q6SVZ5	0
Q8IZU8	Q77PU6	0
Q8NHH1	A8E1C4	0
Q8ND83	P68336	0
Q6ZVQ6	P03185	0
Q9BYC9	P04290	0
Q8N371	Q5NTY3	0
Q15286	Q9YRL8	0
Q9HC16	P09503	0
Q9NQ40	P10189	0
Q8WVR3	F5HDE4	0
Q16836	P88952	0
O15015	O41970	0
A6NC42	Q2HR71	0
Q86UF4	Q69559	0
Q96MF0	D3YP88	0
Q8NEL9	F5HE15	0
P33240	Q5NTY3	0
Q5VWZ2	P06484	0
P46379	Q1HVD3	1
Q9NY59	Q3KSU7	0
Q5GAN4	Q6SWA4	0
Q9H2X0	Q1HVG2	0
P28827	P10225	0
P22735	P0C736	0
Q0VDD7	Q9QJ49	0
O95970	Q6SWB7	0
P21579	Q2HR85	0
Q96MY7	P10204	0
Q8NGC5	P06725	0
Q6ZQX7	O40939	0
C9J302	Q69132	0
Q96QU8	Q2HR73	0
Q96D42	Q9WNA9	0
O94813	Q1HVJ0	0
Q5QGS0	O41962	0
O14522	O41931	0
P43652	O41958	0
Q5SXM8	P90489	0
Q99784	P13199	0
P50452	Q2HRA7	0
Q9H2X3	Q3KSS8	0
Q7L8A9	P28282	0
A0A087WT01	P10231	0
Q9P0M4	P88937	0
Q6PH81	P17473	0
P11279	Q76RH5	0
Q96EH3	P0C732	0
Q13308	E5LBX2	0
Q9H061	P0C723	0
Q6QEF8	P03231	0
P27797	K9UT94	1
P02786	G3CKS7	1
Q13126	O40921	0
P11532	P16780	0
Q9NUB4	P32888	0
Q8WUU5	O41958	0
Q15111	P68323	0
Q3LI64	P04290	0
Q15147	Q991M3	0
Q9Y216	Q2HRC6	0
Q08379	P03195	1
Q9HBF5	P16780	0
Q8IVE0	O40918	0
Q9BYZ2	P10221	0
O75914	O41951	0
O15287	A0A0C7TUY8	0
O75333	Q1HVF6	0
Q6IQ20	P0C726	0
Q8NH95	P28282	0
P53618	Q69018	0
Q8IY34	P10210	0
Q6QAJ8	F5HDD0	0
Q8N5T2	A8CSJ8	0
P07327	Q06A28	0
Q5VSL9	O41949	0
Q09MP3	Q1HVH8	0
Q13007	Q07275	0
Q96K17	P10212	0
Q96PQ5	P88997	0
Q5T011	P06477	0
O15270	P0C737	1
Q8N6T3	P03172	0
P98066	P10230	1
Q5T2T1	Q76RI8	1
P67870	P88992	0
Q9UHY7	F5HFG5	0
Q68CR7	O40917	0
O94875	P89653	0
Q6PHR2	P12978	0
Q2TBF2	P13198	0
Q7Z7L9	Q1HVD3	0
P54132	A8CSJ8	0
P49023	Q69117	1
Q9UK41	P12977	0
P52292	Q3KSS4	1
P00540	Q69117	0
Q9Y675	Q3KSR8	0
P21754	P0C763	0
Q02928	Q6QCP6	0
Q9BTV4	Q6SWA4	1
A0A0C4DH25	P10204	0
Q8WU76	H2A1D8	0
Q92665	Q69091	0
O60234	Q1HVJ0	0
P22102	P89432	0
Q9NWY4	Q9WSZ6	0
Q96PX8	P28939	0
P51814	Q2HR64	0
Q09327	A0A0C7TA99	0
P60008	Q81013	0
Q7Z7M9	Q1HVH9	0
O95393	Q3KSS8	0
Q9UMX0	Q1HVB3	1
Q3MIX3	P03225	0
P48741	P0C6Z9	0
A2CJ06	P10208	0
P08686	Q04360	0
P14618	Q3KST2	0
Q6UXP7	Q6QCP6	0
P36956	P88995	1
Q9Y698	L8B1Q7	0
Q8IV16	V5KU41	0
Q9H7J1	O40918	0
P55259	O41957	0
Q8TAT5	Q9QNF3	0
O95294	Q2HR73	0
Q69YU3	P88981	0
Q969X5	P0C6Z1	1
Q8WXG6	P03197	0
O60669	K4P3M7	0
Q9NRD5	Q3KSS4	1
O14931	Q69115	0
Q33E94	Q76RH5	0
Q8N2H9	P10226	0
Q06547	P10226	0
Q16553	Q76RG2	0
P61578	P03172	0
Q9UP79	P06725	0
Q9H6U8	Q04360	0
Q96JM7	Q76SK3	0
Q96LB0	Q1HVI8	0
P00742	Q77CE4	0
P01350	P12978	0
Q6P474	O41970	0
Q9HCY8	P0C732	0
P55056	P16769	0
O43716	P10210	0
Q8TF01	Q3KSR7	0
P0DN86	O41932	0
Q8TB40	Q3KSR4	0
Q8IUE1	P0C6Z6	0
P01889	P13285	1
Q32M92	O40918	0
Q02080	G8HBF1	0
Q5FWF5	P03170	0
Q16520	G8HBD9	0
Q8TB40	Q07275	0
Q13428	P03220	0
Q9UHY1	Q9YRL8	0
Q8TAT8	Q4JR05	0
Q6IC98	D0UZS3	0
Q5JVG2	Q76RG2	0
Q9NRZ7	Q69140	0
P26368	Q9YRL3	0
Q9UKJ8	P17473	0
Q8N139	P10210	0
Q96D71	Q76RF5	0
Q9H221	O41927	0
Q92830	Q1HVI8	0
O75390	E5LBS6	1
O00443	Q2MG95	0
Q9NRM7	Q05906	0
Q6ICC9	P16791	0
Q14444	P12888	0
Q5SSG8	P19893	0
Q9NYQ7	Q76TK5	0
Q8TCW7	F8RFA1	0
Q6S8J7	Q98143	0
P50539	Q3KSR4	0
Q9NXG0	P10212	0
O00712	P03192	0
Q8NHC4	P03192	0
Q2VWP7	Q1HVB3	0
P98187	P17473	0
Q5VU92	F5HFD2	0
Q96B21	Q9WRJ7	0
Q13670	G8HBD9	0
Q96AX1	E5LBX0	0
Q13111	Q76TK5	0
Q01860	Q9QAH9	0
Q9Y221	Q3KSS4	0
P54315	Q04360	0
O14931	P10219	0
P46776	P04487	1
P63316	O41941	0
Q9NZH4	O41941	0
P18627	Q69018	0
Q6PIV2	Q9DUM3	0
Q8IZJ1	E5LBU3	0
Q9ULD6	D3YP88	0
Q9BVC5	V5KTY7	0
A6NML5	A8CSJ8	0
Q9H2F5	P68323	0
Q9H4Z2	Q77Q36	0
Q5T5C0	O40918	0
O15269	P0C737	1
Q99956	P25214	0
P68871	P16769	0
O43390	Q1HVI8	1
Q9HA72	P08392	0
Q68D51	P03215	0
Q9Y6R4	P88988	0
O75690	P12888	0
P00533	P0C737	1
Q717R9	P06486	0
Q92806	P10230	0
P33897	G3CKS7	1
Q8WWY7	P0C705	0
Q6P9B9	Q6SW59	0
P49327	A0A0C7TUY8	0
Q8IYB5	P06481	0
A0A0B4J2D5	Q1HVG2	0
Q9NZM1	P03225	1
Q5JTV8	Q98136	0
Q86XR8	P30119	0
Q9GIP4	F5HEZ4	0
Q9Y6Q1	P10239	0
Q4VC05	P16727	0
H0YM25	Q3KSU1	0
P20155	P06484	0
P62304	P10240	1
O15204	Q9WNA9	0
Q86VB7	Q98157	0
Q96J84	P13202	0
P42766	P16749	0
Q9H2J4	P03200	0
Q9H3S3	G8HBD2	0
O43677	F5HDD0	0
Q9H227	F5HB81	0
Q9NZT1	P03169	0
Q13360	Q1HVG1	0
Q6TGC4	C7E599	0
Q15814	P88987	0
Q7Z6M3	F5HB81	0
Q02930	P0C6Z3	0
A5D8W1	Q98147	0
Q6P5S7	B1A9Q8	0
Q9H3S5	Q69132	0
P04632	Q3KSS8	0
Q9H3P7	Q1HVB5	1
P35610	Q8AZJ7	0
Q8N465	Q2HRC6	0
A4D1T9	Q9QAI2	0
Q8IWW8	A0A140GKJ0	0
P12882	O41970	0
A6NC78	E5LBX2	0
Q3KQU3	G8HBF1	0
Q14244	Q8AZM1	0
P31644	Q69554	0
O95983	Q8UZD0	0
Q96C92	B9VQD4	0
Q8TF09	P88957	0
Q93008	Q1HVD1	1
P32754	O41954	0
Q75L30	F5HAD1	0
O15165	P88992	0
P24539	P03227	0
Q99549	P03193	0
Q9GZZ6	Q2HR64	0
Q9Y4L5	Q69022	0
P26639	P03232	0
Q5U5R9	P89884	0
Q7Z3Y7	Q81013	0
P86791	P17473	0
P27448	A0A0C7TA99	0
Q8WZ84	P0C726	0
O43516	P88981	0
Q687X5	Q1XBR6	0
Q8N4U5	Q76RH1	0
O95219	Q1HVD3	0
Q9Y5V3	P0CK57	1
Q68DQ2	P0CK57	1
P49721	Q1HVJ2	1
P16615	Q1HVD3	1
P11509	Q98157	0
Q86YC3	P10240	0
O43252	F8RFA1	0
Q8NBE8	I1YP38	0
Q9NQN1	P12978	0
Q9NZV7	Q1HVG4	0
P08F94	D0UZN7	0
Q16890	Q991M3	0
Q9H2X0	G8HBF1	0
Q13114	P13198	1
P01019	P0C723	0
Q9BVC3	P87662	0
Q8TBE3	P88950	0
Q8N2U0	Q6QCN2	0
O94875	Q6SWA4	0
P48546	Q9QR69	0
Q8N2Q7	Q69559	0
H3BR10	P10210	0
O75123	F5HH39	0
Q6VEQ5	P03170	0
O00764	P03172	0
Q70CQ4	P03195	0
Q969G6	D2XQB9	0
A6NMU1	P10191	0
O15079	Q5NTY3	0
P07195	P03193	0
Q5W0Q7	P0C6Z1	0
Q96BD5	F5HHZ3	0
Q9Y2B2	P88983	0
Q9BZG1	P0C6Z1	1
Q8NA56	P03203	0
Q96KF2	Q05906	0
P35321	P03219	0
Q6P5Z2	P10205	0
Q8IUE6	D0UZU1	1
Q14141	P10229	0
P22309	Q6SW29	0
A0A1B0GUS0	Q9YRL8	0
Q5HY98	P03228	0
P50281	G3CKS7	1
Q13569	F5HDE4	0
Q6FI81	P04487	0
O14796	P10193	0
P13521	Q2HRC6	0
P41271	P10227	0
Q13113	L8B1Q7	0
Q9Y3S2	Q8AZM1	0
Q9C005	P03204	0
Q8N0U8	F5HAD1	1
Q9NQZ5	P10228	0
P08240	F5HFD2	0
Q69YU5	Q76RI6	0
O96004	Q9J4B7	0
Q9Y5K1	P10211	0
O00505	Q1HVF7	1
Q13617	P03206	1
P63122	B8YEH0	0
P68363	Q1HVJ0	0
Q7Z460	P03179	0
Q96R28	K4P3M7	0
Q8NDH6	P0C788	0
Q9BRJ2	P04296	0
P51168	P03209	0
Q9GZS3	F5HAD1	0
P14550	Q76RF5	0
Q7Z736	Q76RH1	0
O75467	P10218	0
Q8NFW8	Q1HVF6	0
Q86X53	P08393	0
Q96K31	K9UT94	0
P51116	P30119	0
Q8IU85	P04295	0
P41221	P10218	0
P0C628	Q9J4B7	0
Q8IYB7	Q2HRC9	0
P82909	F5HBQ9	1
Q9ULP9	P06485	0
Q13421	Q1HVH2	0
O95049	Q69549	0
Q5H9T9	Q3KST2	0
Q7RTP6	Q3KSS8	0
O75943	F5HEU0	0
Q9NZR4	P0CK58	0
Q9Y426	Q76RH5	0
Q96FE5	D3YRZ7	0
P31152	Q1HVJ2	0
O75427	Q1HVH8	0
Q8N159	Q2HRB6	0
Q9NXR5	Q01043	0
P46952	O41962	0
Q9Y6N5	P0CK48	1
Q7Z5U6	P10212	0
Q96QI5	P06484	0
Q9Y2U9	P03222	0
O96006	P03225	1
Q8IX05	P0C6Z5	0
P62266	O40945	0
Q8N370	P03179	0
Q9BZJ6	F5HFA1	0
Q96CK0	P88987	0
O43933	O41931	0
Q9NQX7	Q06093	0
Q9P2S2	P88980	0
A6NHN0	B9VQD4	0
P17020	P03170	0
O95196	Q9DUM9	0
Q04656	P12888	0
P01229	P10189	0
Q6UX65	P03197	0
O95407	P04296	0
P32247	P88983	0
Q3SY69	P10209	0
Q9UBU3	P88970	0
P28715	P0CK48	0
Q6ZMJ4	P13201	0
Q13115	P10238	0
P52744	Q6SVZ5	0
Q96AC6	Q5MJ03	0
Q9H4A4	H2A1D8	0
Q9H875	P04294	0
Q9Y4H4	O40945	0
Q9BXY4	B1A9Q8	0
Q8IV50	P0C6Z1	0
A6NL82	P0C737	0
Q8TAP9	Q2HR75	0
O14770	P10225	0
P48960-2	P03209	0
B8ZZ34	P88950	0
P26927	P03189	0
Q96K49	Q2HRD3	0
Q6UXZ4	O41956	0
O43711	P13202	0
O75828	P10186	0
P23378	O41941	0
Q04828	Q3KSU8	0
Q5T0N5	G3G922	0
Q5H9K5	P13292	0
Q969X5	P0C737	1
Q9BVI0	Q3KSU7	0
P06396	P06486	0
P16989	P04487	1
Q6UW63	Q3KSQ2	0
Q96LM1	B9VXK6	0
O60309	P10224	0
Q8WUB8	F5HDA4	0
O60422	O41939	0
P15259	P10208	0
O14770	P88924	0
Q7Z7B8	F5HCM1	0
Q96R30	F5HCM1	0
Q16654	L8B1Q7	0
Q9NV23	P0C6Z3	0
Q9Y2T2	Q3KSS8	0
Q9H114	P08393	0
Q93077	A8E1C4	0
P29459	P88959	0
Q9BZE3	Q76RI8	0
Q8NE86	E5LBX0	0
P0DTA3	Q76RJ0	0
Q9ULI2	Q9QNF3	0
Q8IWB9	O41946	0
Q96A98	O40918	0
P33316	Q69554	0
Q6P5X7	A8E1H1	0
A6NCV1	P10233	0
Q9P2P5	P10209	0
P33241	P88986	0
O15270	P88997	0
O76009	P09503	0
Q7L0J3	Q3KST2	0
Q07817	P89653	1
Q8NF99	P10234	0
Q8N104	O40918	0
Q14974	P0C737	1
Q16533	D0UZU1	0
A0A2R8YCJ5	A8E1H1	0
P78563	Q69140	0
Q5VTM2	Q9QJ12	0
Q9H6A0	Q3KSR4	0
A8MZ59	Q6SW29	0
Q9BRK3	P0C6Z1	1
Q9HAU6	P89432	0
Q9BQD7	Q2HRA1	0
Q9NRN9	F5HFG5	0
Q2M2Z5	Q2HRA7	0
Q9BZH6	P09503	0
O43791	P12888	0
Q9NRX1	Q1HVB3	0
Q6ZS92	Q6SW46	0
Q8IWQ3	Q69115	0
Q9Y5K8	O41939	0
Q0VF49	Q2HRD3	0
Q9NRW1	Q2MG95	0
Q08AH3	Q9QJ49	0
Q5T754	I1YP38	0
O15481	Q69018	0
Q9HCM3	Q6SW66	0
Q9NVI1	P88996	0
Q8NHY6	Q6SW94	0
Q8NFZ0	P04293	0
Q2M3X9	Q81013	0
Q15393	Q2HRA7	0
Q8NHV5	Q76RH1	0
P32927	P10185	0
Q9BQE3	Q1HVG1	0
Q8TE76	P06492	0
A1L157	Q1HVG2	0
Q14807	P0C6Z9	0
P82912	Q9DUN1	0
Q9BXM9	Q9QAI1	0
Q14114	P90489	0
P10082	P10238	0
Q49SQ1	D0UZL9	0
Q8N9R0	P03170	0
Q9Y2T6	P04291	0
Q86T75	D0UZL9	0
Q96HP4	P0C763	0
Q6ZNQ3	P04294	0
Q12894	P0C6Z1	0
Q9UEF7	Q6SW46	0
Q8N1E2	P03222	0
Q68CP9	P69332	0
Q8WV28	P03211	1
O75165	Q98143	1
Q6ZS86	Q76RI8	0
Q9H171	W6AVY5	0
P48643	O41964	0
Q8N884	Q98136	0
Q15697	O41925	0
P11234	P88990	0
A6NHY6	P04293	0
Q8IUB2	P0C6Z6	0
Q8IUF1	Q5NTY3	0
Q9H479	P88993	0
O75251	D0UZU1	0
Q15818	Q1HVH9	0
Q6NSI1	P03224	0
Q8IZ26	P0C6Z8	0
Q92547	P10212	0
Q3ZAQ7	P10209	0
Q9Y6F9	Q2HR85	0
Q6ZSS7	Q69138	0
Q969E8	P68345	0
Q8TBY8	Q77Q36	0
P52565	F5HFD2	0
Q9NQ38	Q9DUM9	0
A8MV57	Q6RJQ3	0
Q9NPC2	P68345	0
Q8NGG8	Q81013	0
O95931	P03177	0
Q6UWW0	F5HDD0	0
O43294	G3CKS7	1
Q9UKA9	P88959	0
O14737	Q3KSR4	0
Q14CB8	P06477	0
P15291	Q9J0X9	0
O15479	H2A1D8	0
P16260	P03227	0
Q92499	Q06093	0
Q92738	Q6QCM6	0
Q58FF7	P03198	0
Q96R84	F5HAD1	0
Q56UN5	G8HBF1	0
Q9UI43	P0C726	0
O14579	P10212	0
P31431	Q1HVJ2	0
Q8IYX8	P03211	1
P21695	W6AVY5	0
O96033	E5LBU3	0
Q99700	Q1HVJ0	1
Q9ULK4	O41956	0
Q99805	D2XQB9	1
Q99574	Q2HRC8	0
P57771	F8RFA1	0
Q13753	Q9QNF3	0
Q93088	Q07275	0
P0C7M8	Q69113	0
Q14674	Q9QJ49	0
P62266	P0C732	1
Q99884	P0C705	0
Q9Y371	Q01043	0
O43149	P88935	1
Q9H8M7	G8HBF1	0
Q92902	B8YEH0	0
O75674	G8HBD9	0
Q96JB5	P12978	0
O43808	Q3KSV2	0
Q8NBW4	P16749	0
O15055	P03188	0
Q6P9F7	P0CK53	0
O15496	P30119	0
Q7L4P6	Q5PP90	0
Q6IQ20	P88947	0
P08514	P10210	0
Q9BQI7	P03225	0
O00213	P03224	0
Q5MAI5	Q3KSR7	0
P56180	Q2MG96	0
Q8N1W2	D0UZU1	0
Q9NSI8	P30119	0
Q6UN15	Q1HVE9	0
Q8NBB2	Q3KSR8	0
A0A0C4DH34	Q76RI6	0
Q8N118	A8E1C4	0
Q9H270	P03177	1
E9PB15	P90463	0
P61956	P03203	1
Q9H8Y1	P0CK57	0
Q96NN9	P87662	0
A8MXV6	P03222	0
Q96PN7	F5HHZ3	0
Q02040	O40921	0
A5D8T8	O41939	0
Q9NYU1	P88986	0
O43781	O40939	0
Q9H0Q0	P03220	0
Q8NGE0	Q2HRC6	0
Q92834	P08560	0
P51814	P88996	0
Q8NAJ2	O41963	0
Q3B7T3	P16780	0
Q6UWY5	P09713	0
Q6P9H5	P29128	0
Q7Z553	Q3KSR4	0
P49368	Q1HVJ0	1
O43866	Q9QAH9	0
P08294	F5HH39	0
Q6UX34	P03222	0
Q9H0A9	Q6SWB7	0
P43359	P10210	0
Q9NUG6	Q77PU6	0
Q8N972	P03225	0
Q5K651	O41946	0
P07947	P08393	1
Q99558	H2A1D8	0
P19087	F8RFA1	0
Q9H7Z7	Q5PP90	0
Q5MNZ6	P88912	0
Q13368	P22575	0
O14734	P04485	0
Q9H295	F8RFA1	0
Q8N8U2	P10186	0
P78536	E5LBX2	0
Q96JB3	Q3KSS8	0
Q86X02	D3YPE9	0
P51957	O41974	0
P05165	Q9Q2P1	0
P22090	P10228	0
A0A0B4J1X5	P06725	0
O14654	P04413	1
Q9NWT1	P89432	0
Q8IU80	P88937	0
P28566	Q77PU6	0
Q9UNW9	F5HDA4	0
Q6ZWK4	P04413	0
Q8N3T1	O41957	0
Q9UPQ0	U5TQE9	0
Q5T481	Q1HVG2	0
P32321	P88957	0
Q99062	P88951	0
Q8TD31	G3CKS7	0
P48735	Q2HRA1	0
Q8TF72	Q9Q2P1	0
O43164	Q1HVD3	1
Q9H340	O41954	0
Q15291	P10227	0
Q9UI54	Q991M3	0
Q9Y5X0	Q3KSN9	0
Q9BYQ0	Q1HVG1	0
Q13188	P08560	0
Q8NGK5	Q6F4H9	0
Q9NVA2	O41939	0
P00742	P88990	0
Q7Z6G3	O92597	0
Q14397	Q81013	0
O43294	P03220	1
Q7L3S4	F5HB81	0
Q9H7L2	Q9QNF3	0
Q5TGP6	P03198	0
Q96GE6	P0C726	0
P61576	P10209	0
Q9NZD8	P03188	0
P51965	Q5MJ03	0
Q9HCH3	Q69119	0
Q9Y2T6	Q3KSU1	0
Q96K58	Q2HR64	0
P20393	F5HFD2	0
O95947	P0C6Z1	0
P04181	L8B1Q7	0
O94885	Q76SB6	0
P28799	A0A0C7TA99	1
O43361	P13202	0
Q8N5Y2	Q4JR05	0
Q5JRX3	P30119	0
Q16718	Q1HVB8	0
Q99504	D2XQB9	0
Q16621	P89462	0
Q8NEX5	P03219	0
A6NFR6	B8YEH0	0
Q9UBQ7	Q2HR73	0
P10767	O40921	0
Q9UDV6	P03198	0
P28325	O41957	0
Q2VY69	Q98136	0
P29374	B9VQD4	0
Q86VG3	P10235	0
Q15116	P10205	0
Q9NQC3	P03225	1
Q9Y5X0	P0C6Z8	0
P09884	P06725	0
O95071	Q1HVD1	1
Q96PC2	O41941	0
Q9Y296	Q3KSU8	0
Q9H1A3	P88988	0
P82970	P10238	0
Q8NA61	Q76SB6	0
Q8NGZ9	P68336	0
O60911	P06726	0
P0DJD1	P0C6Z1	0
A0A0B4J248	P03203	0
Q15404	P03220	1
Q9BZQ4	Q76RJ0	0
A0A087X1C5	Q6SVZ5	0
Q9NQG7	Q2HR82	0
Q3ZCQ8	Q76RH1	0
Q9ULK0	A8T7D5	0
P0DMU9	F5HCV3	0
P11168	P17473	0
P06312	P0C701	0
A0A1B0GTZ2	B9VQD4	0
Q9BX63	Q76RI2	0
Q6XLA1	O41969	0
Q86TC9	Q06093	0
Q9HCC9	Q2HRC6	0
Q4ZJI4	Q9Q2P1	0
Q16621	E7DBL9	1
Q9NRF8	P88987	0
Q03923	P10221	0
Q6ULP2	O41941	0
P19387	Q66674	0
Q9Y587	O41927	0
O95007	Q0QI92	0
Q96LB9	A0A0C7TUY8	0
Q15485	P04291	0
Q96HC4	P0CK57	1
Q1L5Z9	A1Z0Q5	0
P16144	P03193	0
Q9BXW6	Q2HRC6	0
Q13185	Q69022	1
P08729	Q5PP90	0
A6NLI5	O41966	0
O14926	Q76RG2	0
P51582	P03220	0
A8MTW9	Q98147	0
C9J1S8	Q3KSS7	0
P05165	Q1HVI8	1
Q5TFE4	P03230	0
Q8IY31	P88951	0
P13929	P03227	0
Q9NRR3	P10236	0
Q9Y2C3	F5HDA4	0
E9PI22	V5KU41	0
Q9NZV7	O41956	0
Q66K66	P28939	0
Q99487	P0CK50	0
C9JFL3	P88988	0
Q9UJ14	P0CK57	1
Q587J8	O41927	0
P12004	F5HFA1	1
Q6ZXV5	P16791	0
Q7L2Z9	Q4VW77	0
A0A075B6W5	P88952	0
Q02809	P0CK57	1
Q9H2H9	Q77UV1	0
P59817	D0UZN7	0
O15432	P18139	0
P05160	D0UZN7	0
Q13148	A0A2H4PJV3	0
P55795	P04487	1
O15516	P03215	0
Q9Y6V7	P10215	0
P35713	Q3KSQ1	0
Q9H300	D0UZL9	0
Q9BZE3	Q1HVH9	0
Q9Y618	Q2HR85	0
Q9BY42	Q1XBR6	0
Q6N097	A0A2H4PJV3	0
Q9NNW5	G3G960	0
Q8IUX8	Q9WSZ6	0
A0A5A2	P03227	0
A8MZ25	E5LBX0	0
Q96K80	O41931	0
Q12901	P10238	0
Q9BWJ5	Q69140	0
P31689	Q1HVJ0	1
Q9BXX0	P88924	0
Q8WVM8	Q9WSZ6	0
Q9NUL3	P88959	0
Q92558	O40939	1
P07900	P04413	1
J3KTL2	P0C726	0
P35243	P10191	0
Q9UI10	C7E599	0
P04839	Q69549	0
O75792	Q9J0X9	0
P15927	P89462	0
Q9HBK9	Q0QI92	0
Q9ULL5	Q991M3	0
Q99418	O40917	0
P23396	P10215	0
Q8WWX0	P06492	0
Q86UD4	P10220	0
P36382	P10238	0
Q86UW2	Q69559	0
Q9NVQ4	Q98157	0
Q9BYJ0	Q76TK5	0
Q5T9S5	P0C6Z6	0
P35321	P89884	0
A8K7I4	P0C723	0
Q5SW96	P03232	0
Q13163	Q8AZM1	0
Q6P1A2	P28282	0
Q7L622	Q1HVG4	0
O60762	F5HCJ2	0
O60320	Q76RI8	0
P86791	Q76RH0	0
P60410	Q04360	0
Q16281	P03195	0
Q719I0	C7E599	0
O60506	Q5MJ03	1
Q96G23	D3YRZ7	0
Q9NQX7	K9UT94	1
Q8N3T1	Q9QJ49	0
O60896	Q6QCN2	0
A1YPR0	Q3KSU1	0
Q9Y2Y1	P88935	0
O60343	Q76RG2	0
A3QJZ7	G3G922	0
O14908	P03230	0
P11362	P88988	0
Q32MQ0	O40913	0
Q15772	P0C726	0
Q15119	G8HBH4	0
Q9P0M6	Q1HVD3	0
Q3L8U1	E5LBX2	0
P43304	F5HFG5	0
Q6PI98	P04290	0
Q5VTE6	P88926	0
P10301	Q6QCP6	0
Q9Y5K8	O40921	0
B9ZVM9	F5HDA4	0
P0C7N8	P68331	0
Q5XKE5	U5TQE9	0
P46531	Q991M3	0
Q9NP85	P03220	0
Q9UKB3	F5HBL8	0
Q01459	Q9J0X9	0
P46783	Q9QR71	0
Q15831	Q2HRA1	0
Q9H0J4	P10225	0
Q8TC92	P89883	0
Q8NF50	P17589	0
Q9H3N1	P89432	0
Q99674	Q1HVB3	0
Q9Y6J0	Q69140	0
Q96NL8	Q01043	0
O00204	O41927	0
Q9GZU2	F5HFD2	0
G3XA98	Q2HR71	0
P13500	Q9J4B7	0
P11465	P10236	0
P61981	P0C788	0
Q99700	Q2MG95	1
Q9UET6	P0C6Z5	0
P05388	P0C726	0
Q8NCC3	Q9YRL8	0
Q9Y6M1	Q2MG95	1
Q6ZSV7	O41947	0
P67870	Q5MJ03	1
Q8IZV2	Q98143	0
Q8NHA8	P90463	0
Q8TE82	P04288	0
Q12950	P03192	0
Q9UET6	P88996	0
A6NGC4	P16727	0
Q9H2U9	O41947	0
Q13887	E5LBU3	0
Q9HCU9	P90495	0
P09105	Q76RI8	0
P00492	P17473	0
Q8IXJ6	Q6SW59	0
Q9UPE1	P0C736	0
Q9BYQ0	D3YP88	0
Q7Z5L9	Q98131	0
Q7L5L3	P10233	0
Q01344	Q98147	0
P02538	Q9J3M8	0
Q8IWV1	O41957	0
P59910	F5HE15	0
P58546	P88950	0
Q13574	P0C732	0
Q8NC06	B9VXK6	0
P60763	P0CK57	0
Q8NGX3	P88997	0
P61978	P0CK50	0
O75792	A1Z0Q5	0
A1X283	Q76RI8	0
P20848	E5LBX2	0
O75556	P87662	0
Q06432	P88912	0
O95343	Q2HRD3	0
P55318	P88970	0
P09619	P68323	0
Q5T280	Q2HRB6	0
Q6ZTB9	Q1HVH2	0
Q04724	P06486	0
Q6ZRY4	P10231	0
Q56VL3	P09708	0
P49756	P03185	0
Q9BWM5	P88957	0
Q9Y508	F5HAD1	0
Q9BVJ6	Q3KSU1	0
Q8IWZ3	P88996	1
O43242	P30119	1
Q9UK53	P0C6Z5	0
P51798	K9UT94	1
Q8NGF3	P10224	0
A0A1B0GUW7	K9UT94	0
Q5D1E8	P10230	1
Q8TDS7	A0A0C7TRZ7	0
Q99805	P0C737	1
A2A3R6	O41957	0
Q7Z4S6	O41947	0
P30273	Q8AZJ3	0
Q5SY68	Q9J0X9	0
Q96KN4	O41925	0
Q99436	P13285	1
A8MYZ0	Q2HRC6	0
Q99797	A8CSJ8	0
Q6ZR62	P0CK48	0
Q9H0X4	D0UZS3	0
Q8IX12	W6AVY5	0
P56277	O40945	1
Q9Y2A4	P03186	0
Q9UN19	Q77Q82	0
Q9NTK1	P68331	0
Q92504	O41941	0
Q13153	P88935	0
P60510	E5LBX0	0
Q9Y4A9	P69332	0
Q9UK08	Q2MG95	0
Q15738	V5KU41	0
P02792	P0CK48	0
O14654	O41957	0
O15231	P10227	0
Q92730	A8T7D5	0
Q15051	Q69132	0
Q9HCU4	P0C6Z3	0
Q15382	P06477	1
P14735	Q9J3M8	1
O43237	Q9QNF3	0
Q6PI77	P57083	0
Q86T03	K9UT94	1
Q5MJ08	Q76RF6	0
Q9Y5V3	P0CK50	1
Q15811	F5HH39	0
Q08629	Q1HVG4	0
Q496M5	F5HAM0	0
Q13148	P88959	0
Q0P5P2	P88988	0
P0DMV9	P10228	0
Q9BVT8	Q06A28	0
Q13459	F5HFG5	0
Q96FV3	P17473	0
Q9BZI7	F5HCM1	0
Q13576	P89653	1
P0DOY3	P88926	0
P58511	Q9QAH9	0
Q6ZP80	O40945	0
A0A096LP55	P89883	0
Q05996	Q1HVH8	0
Q5SQS7	P0C6Z3	0
Q8N814	P10227	0
Q9BXY5	F5HCM1	0
Q13202	P0C6Z9	0
Q9BYT9	P0C6Z6	0
P07814	F5HH39	0
O15063	Q98157	0
P01106	P04288	0
P07384	Q3KSR4	1
Q15056	P04296	0
Q8IV61	Q69554	0
Q70EK8	P06486	0
O75369	Q9J3M8	0
Q99871	P0C6Z5	0
Q9UKJ1	P03179	0
Q96IW7	G8HBH4	0
O94901	Q8UZD0	0
Q8NGY7	P09503	0
P17096	P13201	0
Q6NVV3	P88937	0
Q99755	P08392	0
Q30KQ9	O40939	0
Q8NC51	Q9J3M8	0
Q9H201	O41970	0
P30041	K4P3M7	0
Q8TB37	Q77CE4	0
O15503	P10204	1
P0CG21	P03169	0
P14859	Q8AZM1	0
Q5HY92	Q9QR71	0
Q6GQQ9	P0C701	0
Q9Y5M8	G3CKS7	1
O14775	P0C701	0
P53420	Q9Q2P0	0
Q9BTA0	P87662	0
Q96L15	F5HB81	0
Q2M2H8	F5HCV3	0
P98187	P17589	0
Q96EE3	E5LBS6	1
A8MT65	B1A9Q8	0
Q92618	B8YEH0	0
Q01726	P03185	0
Q9H1C0	O41947	0
P0CB38	F5HBC6	0
P01715	O41947	0
Q96RY5	E5LBS6	0
Q96AZ6	P0C6Z5	0
Q9NQV8	Q69091	0
A0FGR9	I1YP38	0
Q13951	P88991	0
Q9Y3E0	Q76RI2	1
O00300	P10186	0
Q9H427	Q76RI6	0
Q16394	Q05906	0
Q8NH21	F5HCV3	0
Q9BV20	Q5MJ03	0
Q99558	P28939	0
P59036	P03206	0
Q9BXD5	Q1HVJ0	0
Q8N1H7	O40913	0
A6NED2	P06481	0
Q96NY7	Q98157	0
O00213	Q76RF6	0
O76075	P10227	0
O00476	Q66674	0
P30048	P16757	0
P0CW19	P88926	0
Q6UWR7	Q9DUM3	0
Q92841	Q1HVI8	1
O43365	U5TQE9	0
P28290	P03220	0
Q5JRC9	P25214	0
Q9BQI3	Q9YJQ8	0
Q96S53	Q9QJ49	0
Q92839	Q98131	0
O60813	P88970	0
Q68DA7	Q1HVF6	0
Q6NUI2	Q9DGW5	0
P43487	G8HBH4	0
G3XAI2	P03188	1
Q96EW2	Q69554	0
Q9C0A6	Q3KSR8	0
Q96G97	Q2HR71	0
Q8NGB9	Q18LE1	0
P58166	Q6SW46	0
Q15369	Q9QR71	1
Q8N9T2	P03186	0
Q8WY41	Q9YJQ8	0
Q5HYJ1	O41952	0
Q6ZP98	O41974	0
O75351	Q98143	0
P12524	P10220	0
Q92785	Q1HVD6	0
Q15583	P03188	0
P51797	P16727	0
Q6ZR52	Q76RH1	0
Q8TAM2	Q77Q82	0
Q9NRE2	P06491	0
Q3Y452	P10220	0
Q7Z6Z6	Q77Q36	0
Q5JUK2	P30020	0
Q92478	P13292	0
P38606	F5HE15	0
Q9NZM6	P88988	0
Q5MJ10	O41966	0
A1L4Q6	P88951	0
Q8WWI5	P0C729	0
P23219	P10218	0
O43365	Q6SW29	0
Q9NUJ7	P10224	0
O14787	P10231	0
Q5QGS0	P03227	0
Q96G91	P17473	0
P31327	P03224	0
Q8IZC6	E7DBL9	0
Q96R84	Q1HVF7	0
Q8IZ57	O40921	0
Q96AC6	P06492	0
Q9HA72	P68331	0
Q24JQ0	A8E1C4	0
Q86YJ5	Q69559	0
Q6PJ61	Q9DUM9	0
Q9UPN7	P03208	0
Q96I45	W6AVY5	0
Q5W188	P29128	0
Q8NHV5	P68345	0
Q5VUJ6	P10219	0
Q9NR12	P16791	0
Q7Z7J7	P0CK53	0
O95801	P06477	0
P61353	P16780	0
Q9NPC6	O41932	0
Q9BV97	Q1HVJ0	0
Q08170	P04487	1
Q6S8J7	O40939	0
B2RN74	P04413	0
O00631	Q77CE4	0
Q96G30	P16791	0
P57057	O40921	0
Q5TGJ6	Q9QJ12	0
O14683	Q98147	0
P22090	Q18LE1	0
Q76B58	Q77Q36	0
P04439	A1Z0Q5	0
Q92545	P88987	0
Q8WUD1	O41956	0
Q8TCZ7	F5HBC6	0
Q8NFH3	D3YRZ7	0
Q15233	Q1HVI8	1
Q5R3I4	Q1HVH8	0
Q9ULA0	P10227	0
Q5T8P6	F5HCV3	0
Q9HD36	P89654	0
Q9UNU6	P06485	0
Q00987	Q2HR73	1
A0A539	P13198	0
Q00G26	Q2HRC9	0
Q11128	O41958	0
P0DSN7	Q1HVD1	0
P55345	P10226	0
A6NGC4	Q98147	0
Q99878	P88911	0
O95522	P88911	0
P35240	Q2MG95	0
P0C263	Q76RF6	0
Q13562	Q07275	0
Q3YBM2	Q9QR71	0
P14649	O41925	0
Q14CS0	P17589	0
Q6PB30	B9VQD3	0
O60906	Q5NTY3	0
Q9P0L1	P10225	0
Q99523	Q76RF5	0
Q8N6K0	P10215	0
A0PJK1	A1Z0Q5	0
Q86YT6	Q04360	0
Q8IW45	Q1HVD3	0
Q6UWM9	P08353	0
O95816	P89653	0
P80365	Q6SW29	0
Q16186	P88997	0
Q96GJ1	F5HEZ4	0
Q6PK57	P03204	0
Q99798	P03169	0
P29460	P09713	0
Q96FH0	P03177	0
P0C7U9	F5HCJ2	0
O95681	P0C736	1
O95868	P06480	0
P49406	P0C6Z6	0
Q9UKF2	B1A9Q8	0
Q16613	P88995	0
Q9BQ65	K4P3M7	0
P08235	P03177	0
Q92616	P0C737	1
Q53GQ0	Q2HR64	0
Q6IEZ7	P03225	0
Q9BVN2	Q5PP90	0
Q8IVU3	Q76RH5	0
P51957	P03209	0
Q9BT81	P88987	0
Q9BPU9	Q9Q2P0	0
Q6ZUB0	P10211	0
Q16609	Q3KSS4	0
Q96H86	P0C6Z6	0
Q9BRU9	P09503	0
O95025	F5HC97	0
Q96JN8	C7E5A9	0
O43435	Q1HVJ2	0
Q8N6N2	P88952	0
Q99523	Q2MG95	1
P43355	Q07275	0
Q12952	P0C732	0
Q9P0T7	Q8AZJ5	0
Q99558	P10208	0
Q7RTY0	P0C788	0
O75787	F5HE05	0
Q6S9Z5	Q991M3	0
A0A0U1RQS6	Q76RI8	0
Q9H0M0	F5HE15	1
Q9H171	P10209	0
Q8N6V4	Q2HR82	0
P35221	P0CK57	1
Q9P0T7	P0C6Z3	0
P06126	P90463	0
Q9P2H3	P16769	0
Q9UDY4	P10189	0
P49674	P03179	0
Q8N684	P88944	0
Q13087	P0CK50	0
O15027	P03179	1
Q9UL49	P13199	0
P08559	Q9YJQ8	0
P01106	F5HBC6	0
Q66PJ3	Q9YJQ8	0
Q6ZVT0	P10231	0
P41226	P10210	0
P50995	Q991M3	0
P50226	Q66677	0
Q8TCH9	Q76RH1	0
Q14CB8	O40917	0
Q9UI26	P19893	0
Q8N4C9	A8E1C4	0
Q6IA17	P10234	0
P10745	Q1HVJ2	0
Q8WY50	F5HFG5	0
P05107	Q76RI2	0
O43361	Q77PU6	0
B1ANS9	C7E599	0
Q8N2K1	E5LBX2	0
Q8NFI3	Q2HR82	0
O75074	F5HDE4	0
Q8WZA2	Q3KSQ1	0
P28476	P19893	0
Q9H4P4	P88951	1
A6NKB5	P87662	0
Q6PI25	Q66674	0
P0DI82	P88944	0
P78380	O41962	0
Q9UHT4	P88995	0
Q96KN8	Q8UZD0	0
Q9BW85	Q1HVD6	0
Q92973	Q1HVF7	1
Q92959	P04291	0
P56182	L8B1Q7	0
Q9H299	F5HCJ2	0
O15481	O41974	0
A0A0B4J2F0	P88950	0
Q96BQ1	Q6SWA4	0
P02741	B8YEH0	0
Q5XKP0	P0C737	1
Q9NPD5	Q9Q2P1	0
P62805	Q9QR71	1
Q8N2M8	Q9QJ49	0
P17980	Q1HVJ2	1
P62913	Q9WSZ6	0
Q9Y5I4	B8YEH0	0
P08048	Q9DUN1	0
Q8TDQ1	P10234	0
P04439	O41955	0
Q96R48	P57083	0
P62330	P89654	0
Q5VTR2	F5HC97	0
Q969X0	P88993	0
P45983	P04294	0
Q6UUV7	P10230	0
Q96JQ2	P06481	0
Q8N6S4	P36313	0
Q9Y295	K9UT94	0
O75556	O41947	0
Q96LQ0	P13285	0
P61244	K9UT94	0
Q96C12	F5HB81	0
Q8NGJ6	Q2HR71	0
Q9H4G8	P06492	0
A0A1B0GVG4	P03188	0
Q9H0D6	O41966	0
P12268	P04293	0
Q3LFD5	F5HC97	0
Q969P6	P12978	0
O15084	Q9WNA9	0
Q99463	P88925	0
Q96IT1	P04288	1
Q6IPR1	Q9QR69	0
Q9NRV9	P03225	0
Q6PEX3	Q2MG95	0
A1A4Y4	Q69549	0
Q8NI08	P90495	0
Q00975	P10230	0
A0A075B6S2	P10219	0
O75920	O41974	0
Q96S82	P13198	0
P40121	Q6SW66	0
A6NM76	Q2HRA1	0
Q06033	P03225	0
Q9UKR8	P03222	0
Q8N141	E5LBU3	0
P05305	Q3KSU7	0
O95199	O41974	0
P15036	P29128	0
Q86XF0	P88924	0
P08183	P68345	0
Q6ZVF9	P17589	0
O75952	Q69113	0
Q9BYR9	Q98136	0
Q16720	P03193	0
Q5T8D3	P32888	0
Q8NFJ8	Q4VW77	0
Q5JVL4	D3YPE9	0
P17342	Q1HVH9	0
O15347	Q6SW59	0
Q8N4T0	Q3KSV2	0
O75204	Q8AZM1	0
P02656	P10219	0
A1A519	P10217	0
O15379	P08393	1
A6BM72	Q69117	0
P23945	P0CK58	0
Q5VTL8	P03219	0
Q3KQV9	P10230	0
Q3LI62	P03222	0
P41143	Q2HRB6	0
Q9BVG9	P08353	0
Q13342	P18139	0
Q9Y2L6	Q04234	0
P07910-2	Q9WNA9	0
Q9UDW1	Q3KSN9	0
P0C2W7	P10215	0
Q9P0W2	Q98136	0
Q9H4A5	P04485	0
Q9HD23	Q2HRC8	1
Q9NX40	P0C6Z1	1
Q4KMG0	Q2HRC9	0
Q9UK13	Q6SWB7	0
A8MX34	O41949	0
Q8NG98	O40913	0
H3BV60	D0UZN7	0
Q6PHR2	P10236	0
Q14693	P88959	0
Q2M3W8	F5HBC6	0
Q92552	Q3KSR7	0
O95163	P03209	0
O60412	Q4JR05	0
Q9UII5	G8HBD9	0
Q96MH2	P10204	0
Q53QZ3	G8HBH4	0
Q6IE81	G8HBF1	0
P0DN86	Q9YRL3	0
Q8TAB5	Q6SW29	0
Q8IZP7	F5HE15	0
Q8TDV0	Q98146	0
Q9UL03	Q6SWA4	0
Q9Y6Z2	F5HDA4	0
P21359	F5HBC6	0
Q9NZQ7	Q98146	0
P13995	O41957	0
Q92598	Q2MG95	0
O60548	P88997	0
P25100	Q69140	0
O43196	A0A0C7TRZ7	0
Q8IVK1	P06480	0
Q96KG9	F5HCV3	0
P43121	Q2HRC6	0
Q13884	P16749	0
A1L020	Q07275	0
A0A0K0K1D8	P10234	0
E9PRY8	P10240	0
Q00059	O41963	0
Q14444	F5HFA1	0
Q9P2X0	P10238	0
O43248	Q6RJQ3	0
Q8N371	P10225	0
Q8NEG5	O40921	0
Q9NPB0	P0C737	1
Q9H7F0	P0CK58	1
Q96ER9	A8CSJ8	0
Q96JA4	P30020	0
P50750	P0CK53	0
Q9H7C9	P13292	0
O14544	D0UZS3	0
Q96MK3	P10224	0
Q02809	Q1HVF7	1
O60220	P03195	0
Q8TBB1	Q1HVF7	1
Q69YL0	Q04234	0
Q92858	P03228	0
P22888	Q9QAI4	0
Q96BQ5	P10217	0
P04554	Q3KSQ1	0
Q96PQ1	Q1HVB8	0
Q15020	P03203	0
Q6UWQ7	Q9J0X9	0
Q6P280	P03219	0
Q9NZM6	Q3KSS3	0
Q14722	P06492	0
Q9NYW4	Q2MG95	0
Q8NGZ4	P10185	0
P78348	Q6QCP6	0
Q8TAF3	O40913	0
P38435	P0CK57	1
P58180	P03206	0
A0A1B0GV22	P25214	0
Q8NHB1	P89432	0
Q9BZA7	Q76S40	0
Q8N823	P16769	0
Q8TBE3	P89884	0
Q6IPX4	F5HBC6	0
P16284	Q1HVB5	0
Q9NQ39	Q6SWA4	0
P56703	P0C6Z6	0
Q5UAW9	G8HBD9	0
O60499	P03227	0
P49756	Q77CE4	0
P82673	Q76RI8	0
O94763	P03170	0
Q8N9N2	Q1HVH9	0
P04083	Q3KSQ1	0
Q6N094	Q76RI8	0
Q8TAG9	F5HE05	0
Q12800	Q77Q82	1
Q5GH76	F5HFG5	0
Q5T3F8	P16780	0
O43761	P88988	0
Q9Y6M0	P16749	0
Q8N2H4	P88986	0
Q9UK85	Q5MJ03	0
Q96GD4	P88996	0
Q9ULK5	F5HE05	0
P51571	P0CK57	1
O14966	P88952	0
O75147	P0CK50	0
P81133	P10230	0
O75688	P0CK48	1
Q9UKR5	P10186	0
Q9BXN1	P06477	0
O95989	P06480	0
Q9H3N1	Q69018	0
Q8N9X5	A8E1C4	0
Q8NGT5	P03188	0
P49458	P89884	0
Q5TYM5	Q81013	0
Q86U02	P0C736	0
Q9H0F6	P0CK50	0
Q9H479	O40939	0
Q494U1	Q69115	0
Q6P1S2	Q1HVD1	0
Q8NGP0	P13199	0
Q9Y4I5	Q2HR75	0
Q9BYW2	Q9YJQ8	0
Q9BQB6	Q1HVB5	1
Q6ZRR7	Q76RG2	0
Q9BV68	Q2MG95	1
Q86YN1	Q76RF6	0
Q9UN72	P0C788	0
P62249	Q69559	0
Q5SWH9	P13201	0
Q6VEQ5	P16769	0
Q9H2H0	P03228	0
Q2KHR2	O41963	0
O75618	P03189	0
O75688	P03177	1
Q96EQ8	Q6SW94	0
Q9NXT0	Q2MG96	0
P09496	P10205	0
P46939	Q1HVJ0	0
Q92871	Q9Q2P1	0
Q86UA1	Q8AZK7	1
Q04206	P03206	1
P26715	P03220	0
Q6Q0C0	P0C736	0
O95466	P10228	0
Q6P4A7	G8HBF1	0
Q9UPS6	P88957	0
Q15131	Q69114	0
Q9NXX6	Q6SVZ5	0
Q8IWX7	Q6SW66	0
Q9HCM3	D0UZL9	0
Q8IY17	P0CK58	1
A0FGR8	P0C737	1
Q8N7B1	O41966	0
Q99666	Q9QAI2	0
P57054	P90495	0
Q12946	G3G922	0
Q9NV23	P03212	0
Q9UJ68	P04293	0
P04818	P90463	1
H3BPF8	Q1HVH2	0
P04003	P13292	0
P42566	Q04234	0
Q9UBN7	Q6SW66	0
Q6P996	P88926	0
P28066	G3CKS7	1
A0A1B0GV85	P10225	0
Q6R2W3	C7E599	0
Q86T75	Q9QJ12	0
P0C5Y4	F5HB81	0
O60565	K9UT94	1
P03956	Q8AZJ3	0
Q07687	P09503	0
Q96GK7	P57083	0
Q8N0W4	P88987	0
Q6UWN8	P30119	0
O95626	P10231	0
Q6NUK4	P88992	0
Q9H201	Q3KSS8	0
Q2NL98	Q8AZJ5	0
Q8TAK6	P10217	0
Q8N3L3	Q76SK3	0
Q9ULB4	Q8V2D1	0
Q16633	P10212	1
Q16656	Q2HR85	0
P62304	Q9Q2P1	0
P30626	Q3KSV2	1
P29034	Q77CE4	0
A7MD48	P13202	0
O75962	Q5NTY3	0
Q9Y230	P13202	0
Q8TAQ2	P04296	1
Q13454	Q2HR64	0
P08581	Q76RJ0	0
Q12788	P03200	0
Q8TBM8	P03199	0
Q53H12	P03200	0
Q9C0B2	P10191	0
Q96G25	Q07275	0
P14868	Q69117	1
Q99759	P06436	0
P29590	P03169	1
P18621	Q1HVG0	0
P98194	Q4JR05	0
Q96M61	P0C701	0
Q8IZ20	Q2HR71	0
Q9BT67	P0CK58	1
Q9BXU1	O41962	0
Q9HBG6	P25214	0
O75431	A0A0C7TA99	0
O00562	P03231	0
P28358	P88935	0
Q52LD8	P03232	0
Q9Y3Q0	Q8AZJ7	0
A2RUQ5	G8HBF1	0
A0A0K0K1C0	F8RFA1	0
Q8TAP8	F5HAD1	0
O94906	P06477	0
Q9UII5	Q0QI92	0
Q6ZRZ4	D3YP88	0
Q9HCN4	P09503	0
Q9BYP9	Q76RG2	0
Q96PY0	O41957	0
Q9Y6I3	P0CK58	1
Q8NFG4	P03199	0
Q9UBP4	O92597	0
Q9BUZ4	Q3KSV2	0
Q17RP2	Q2HRC9	0
Q99828	P68343	0
Q9Y620	P68345	0
Q9P217	P12978	0
Q14435	P10220	0
A6NKF1	P16791	0
A6NGD5	P10236	0
Q8TD07	P03197	0
Q9UGU5	A0A2H4PJV3	0
Q9Y672	Q8AZJ5	0
P50876	P25214	0
P24468	Q76RI6	0
Q5BKY6	O40939	0
Q86V88	P08392	0
P15516	P88944	0
Q96CP7	P88991	0
P04279	F5HDA4	0
P27540	P03222	0
Q8IV56	Q3KSS7	0
Q9HCU4	A0A0C7TRZ7	0
Q9NZP8	P06484	0
Q96D59	Q3KSU7	0
Q14574	Q1HVD6	0
Q52M58	P10226	0
O75822	P89432	0
Q9P270	P0CK58	1
P04278	Q5PP90	0
Q15366	F5HE12	0
O15347	P88995	0
Q7Z402	P88980	0
Q9BXX0	O41955	0
Q16348	P10215	0
P52566	P10238	0
Q7Z3E1	P89654	0
Q9Y2G8	G3CKS7	1
Q6PH85	Q69114	0
O76015	Q1HVI8	0
Q03393	O41925	0
Q8NI27	P03212	0
O95391	Q69119	0
Q8NHA8	P10185	0
Q5M775	O41958	0
P02743	P88987	0
P20719	O92597	1
Q6PK04	P0C723	0
P23510	P03225	0
Q92817	Q9QR69	0
C9J302	Q2HR64	0
Q9UJX2	F5HH39	1
Q8WU49	Q8AZJ5	0
Q9NRG1	A0A140GKJ0	0
P12110	A0A0C7TUY8	1
Q9NSB8	P09713	0
Q9BV87	Q1HVI8	0
Q9NR22	Q18LE1	0
Q9NNZ3	D0UZN7	0
Q96PU5	P13285	1
Q7L0Q8	P0CK53	0
Q15884	P18139	0
Q9BYM8	P10240	1
P30301	Q69140	0
P28068	Q69119	0
Q8WUX2	P25214	0
Q13635	W6AVY5	0
Q8IWX8	Q1HVD1	0
Q9BSK0	P03199	0
C9J3I9	Q1HVH8	0
Q9NQ38	P0C6Z9	0
P17813	P03197	0
Q6UXH8	P16769	0
Q86XT4	P04485	0
Q9NWB1	P88995	0
Q16527	P0C6Z1	1
O43303	Q8AZM1	0
A0PG75	P10227	0
Q9H9S3	O41955	0
Q8IYX8	P0C763	1
A0PJW6	Q76RH5	0
P15814	Q8AZJ7	0
P62987	P10231	0
P07992	E5LBX2	0
Q6P996	P0CK57	1
Q3T906	P03224	0
Q14586	P10235	0
O75683	Q77CE4	0
Q9NZ43	P0CK48	0
Q96SB4	P03211	1
P23759	P88993	0
Q8WV44	Q98157	1
Q8IUX8	Q1HVG2	0
Q5JXX7	Q1HVI8	0
Q15306	Q9QAI4	0
Q8NHW3	Q69554	0
Q9HCK4	Q4VW77	0
Q5TAT6	Q9QAI4	0
Q8NH60	B1A9Q8	0
Q9H8M2	P88957	0
Q86V20	V5KU41	0
Q86UL8	Q1HVD3	0
Q5EBN2	Q3KSN9	0
Q01581	P17473	0
Q15119	F5HDE4	0
Q969H8	Q9QAH9	0
Q9BRH9	P13199	0
Q8IXY8	P03172	0
Q8NAB2	P0CK50	0
Q9NQG6	P0C737	0
Q9H427	Q3KSQ1	0
Q13627	Q6QCM6	0
Q765I0	O41949	0
Q99966	P06437	0
Q9BYP8	P89883	0
Q15849	P03219	0
A6NDK9	P90489	0
Q9UJ68	Q98146	0
Q96EP9	C7E599	0
H3BQL2	E5LBS6	0
Q3B7T3	P0C736	0
Q86VD1	P10209	0
A6NFX1	Q991M3	0
Q9UNU6	Q76RI2	0
Q96GU1	P68331	0
C9JR72	Q9J3M8	0
Q86XI2	P16727	0
Q9NUN5	Q9QR69	0
Q04864	Q9QNF3	0
O95994	P90463	0
O14936	B9VQD3	0
Q96AT1	F5HDA4	0
Q19T08	P30119	0
O14929	Q76TK5	0
Q9BQP7	Q69138	0
Q8N144	P88988	0
Q8NBP0	P10215	0
P18859	Q2MG95	1
Q9UIX4	V5KTY7	0
Q9BWN1	Q6SVZ5	0
O60503	K9UT94	1
Q9Y2E5	P10236	0
Q96BD6	P10193	0
Q8TEU7	P13201	0
P05388	P08543	0
Q9BVV7	P04488	0
Q8WTX7	F5HBC6	0
Q5T0Z8	O41954	0
Q96F44	Q9QAI1	0
Q5T5S1	P10235	0
Q3SXZ3	P88924	0
A8MX19	P03211	0
Q5SRD0	Q6F4H9	0
Q86WV6	G8HBF1	0
Q86V88	P06437	0
Q9NX47	O41951	0
P29475	D2XQB9	0
P35348	O41957	0
Q8TB24	P88935	0
Q7Z7H5	P08393	0
Q96GF1	O41974	0
O60762	G3CKS7	1
Q8TDN7	P88988	0
P01733	P10238	0
P78410	Q77CE4	0
Q86VE9	Q1HVH8	0
P27918	P32888	0
Q96KA5	P88937	0
P37198	P10238	1
Q7L2R6	O41932	0
Q13201	P06484	0
Q5VUA4	P0C763	0
