Q95QA6	Q11103	1
Q95QA6	Q17695	1
Q95QA6	Q17784	1
Q09501	Q95QA6	1
P10567	Q95QA6	1
Q95QA6	Q19162	1
Q95QA6	Q19286	1
Q19872	Q95QA6	1
Q93635	Q95QA6	1
O01700	Q95QA6	1
Q09560	Q95QA6	1
Q21049	Q95QA6	1
Q9XUV0	Q95QA6	1
Q95QA6	Q22227	1
Q95ZK7	Q95QA6	1
P45970	Q95QA6	1
O01812	Q95QA6	1
O02365	Q95QA6	1
Q9BKZ9	Q95QA6	1
P34669	Q95QA6	1
Q9XXN3	O45734	1
Q22640	P91001	1
Q22640	Q22640	1
P54412	Q17339	1
Q17339	P98080	1
Q17339	Q22347	1
P18835	Q17339	1
P91829	P91829	1
Q17902	Q22799	1
Q22799	Q18192	1
Q93572	Q22799	1
O45436	Q22799	1
P48150	Q22799	1
Q22799	P48154	1
Q22799	P55853	1
P34574	Q22799	1
Q9NAN2	Q20709	1
Q17635	Q22618	1
O45436	O62389	1
Q9XUB3	P34659	1
Q21832	O44750	1
O44750	Q22398	1
Q9U9Y8	Q18171	1
Q19749	Q9U9Y8	1
P41884	Q9U9Y8	1
Q9U9Y8	Q20709	1
Q95QA6	Q9U9Y8	1
Q9U9Y8	Q9XWR1	1
Q94261	P43509	1
O02108	Q18688	1
O02108	O17732	1
P40614	O02108	1
Q9XVF7	P36573	1
P36573	P91001	1
Q93380	P36573	1
P36573	Q20228	1
P36573	O45521	1
Q20845	P36573	1
P36573	P34559	1
P36573	P36573	1
Q9U2D6	P36573	1
Q23445	P36573	1
O18191	O44740	1
Q94420	O18191	1
Q9N593	Q20655	1
Q9N593	Q23120	1
Q20798	Q95Y80	1
Q965X6	Q95Y80	1
P42171	Q9U2R6	1
Q93572	Q9U2R6	1
P45962	Q9U2R6	1
Q9XW13	O02056	1
Q9XW13	O61955	1
Q21693	Q9XW13	1
Q9U2M7	P46769	1
P90925	Q9XX47	1
Q09417	Q9XX47	1
Q21808	Q9XX47	1
Q8MYM9	Q9GYI4	1
P48162	Q8MYM9	1
O45924	O44451	1
Q9XWP6	Q18919	1
Q21018	Q9N3P1	1
Q965X6	Q9N3P1	1
O02056	Q9NAD6	1
Q9NAD6	P91001	1
Q9NAD6	O02639	1
Q09456	Q9NAD6	1
O44400	Q9NAD6	1
O01802	Q9NAD6	1
Q9NAD6	Q9XVI6	1
Q9NAD6	Q9NAD6	1
Q966M5	O18209	1
Q9NA25	O18209	1
Q9N3F1	P34611	1
Q21776	Q9XWH0	1
Q9N359	Q94261	1
O01901	P90783	1
O01901	O18195	1
Q9GT24	Q18955	1
Q9GT24	P50880	1
Q9GT24	Q9XXK1	1
O17915	P46769	1
P06125	O17915	1
P51403	O17915	1
Q9TW67	O17915	1
O17915	Q22747	1
O17915	P27798	1
O17915	Q9N4I4	1
Q09406	Q19895	1
Q18688	O17927	1
O01583	O17915	1
Q94261	P42170	1
Q21353	P47209	1
Q21355	Q22544	1
O45666	Q9TYT0	1
O45666	Q09587	1
O45666	O45666	1
O18141	O45666	1
O45666	Q9N4Q7	1
O45379	Q10658	1
Q09587	P34496	1
P30625	P40614	1
P30625	Q17334	1
P30625	Q94407	1
P30625	P21137	1
P30642	O45734	1
Q21832	P49029	1
Q21952	Q17635	1
O02056	P34808	1
P34808	Q17760	1
P34808	P34808	1
O45946	P34808	1
Q9BL19	P34808	1
P34808	Q94420	1
P48152	Q22227	1
P19626	Q22227	1
Q09511	Q22227	1
Q22227	Q19872	1
Q22227	O01700	1
Q09560	Q22227	1
Q22227	P41886	1
O01802	Q22227	1
Q20845	Q22227	1
Q10128	Q22227	1
Q94392	Q22227	1
Q22227	Q09417	1
O45734	Q22227	1
Q22227	Q22227	1
P45972	Q22227	1
Q22227	P45962	1
Q22227	O02365	1
Q22227	O62479	1
Q22227	P34604	1
P34611	Q22227	1
Q22227	P34643	1
Q09384	Q22227	1
P54216	P54216	1
P34563	Q18786	1
O45679	P34563	1
Q9XXJ0	P34563	1
Q9XXL3	P34563	1
Q18171	O16519	1
Q19749	O16519	1
O16519	O45521	1
Q19980	Q22306	1
Q22544	Q22306	1
Q22756	Q22306	1
Q22329	Q11093	1
P45970	O02056	1
P45970	P34264	1
P45970	Q10579	1
Q27518	Q20655	1
O45766	P47209	1
P34604	Q10051	1
Q95QW0	Q9XUP3	1
O01427	P52717	1
P91001	Q17446	1
Q17446	Q18846	1
O45436	Q17446	1
Q17446	Q20772	1
Q17446	O18158	1
Q17446	O02161	1
P41941	P54412	1
P41999	P41999	1
Q10457	Q10457	1
O17898	O01839	1
Q10943	Q03563	1
Q18688	Q03563	1
Q03563	O18195	1
P55853	P90740	1
P42170	P42170	1
Q11189	P42171	1
Q21626	Q11189	1
Q19374	P47209	1
Q95YF3	Q9XVF7	1
Q09232	Q95YF3	1
P91209	Q95YF3	1
Q10454	Q95YF3	1
Q20655	P21541	1
Q09227	P27604	1
Q18688	Q9XVV3	1
O02482	Q9XVV3	1
P34604	Q9XVV3	1
P53013	Q17868	1
Q17868	Q20052	1
Q17868	Q93703	1
Q20772	Q17868	1
Q17868	Q20798	1
Q17868	Q22100	1
Q20709	Q17886	1
Q09236	Q9N4B8	1
Q17958	Q18502	1
Q09417	P34334	1
P29355	Q9XU98	1
P51404	P81299	1
P81299	O45830	1
Q09485	P43510	1
Q09485	Q21701	1
Q965X6	Q09485	1
P34604	Q09485	1
O02327	P48152	1
Q9XVR6	P35129	1
Q95QJ7	P51875	1
P51875	P47991	1
Q18240	P10984	1
Q09474	Q09474	1
Q9N5Y2	Q09248	1
Q09248	Q09248	1
Q93573	Q09248	1
Q09248	Q21215	1
P36573	Q09248	1
P34345	P91430	1
Q95Y72	Q04908	1
P34465	O76828	1
Q09510	P46941	1
P46941	O45539	1
P46941	Q9U357	1
Q03598	P91430	1
O44326	Q09506	1
O17670	Q11103	1
O17670	Q17865	1
O17670	Q94166	1
Q9XZI6	O17670	1
O17894	O17670	1
O17670	P52874	1
O17670	P34489	1
Q09580	O17670	1
O17670	O45962	1
O17670	Q95ZK7	1
Q9N4Q7	O17670	1
O17670	Q9U1W1	1
P34371	P90925	1
Q17886	O17695	1
O17695	P34369	1
O44400	Q966M5	1
Q18938	Q18938	1
Q18953	Q18953	1
P34652	Q18953	1
P34378	Q965X6	1
P34296	Q18964	1
O17754	Q94261	1
P46563	P46563	1
O17624	Q21412	1
Q94261	Q19202	1
Q19202	P30632	1
Q19266	Q9NAN2	1
P45972	Q8MNT9	1
Q09305	P34537	1
Q19294	P05690	1
Q19294	P41829	1
Q19294	Q18891	1
Q19294	Q19459	1
Q93572	Q19294	1
Q19294	Q93573	1
Q19294	Q20655	1
O17214	Q19294	1
Q19294	P61866	1
Q19294	Q95QD1	1
Q19294	P27798	1
O45293	Q19294	1
Q95ZV7	P47209	1
P91253	Q9XW88	1
Q9XUS2	Q19503	1
Q19503	Q9N5D6	1
Q19555	Q19325	1
Q19555	Q9XUB3	1
P46563	Q95QJ7	1
Q95QJ7	P17331	1
P45970	Q95QJ7	1
Q9GZE9	Q09533	1
Q9TXH9	P54811	1
P54812	Q9TXH9	1
Q9TXH9	Q18938	1
O45521	Q9TXH9	1
Q9TXH9	P45972	1
Q19766	P34453	1
Q17328	P46562	1
P91277	P50880	1
Q9U299	P91277	1
O45521	O61967	1
Q965X6	O61967	1
O17850	P54812	1
O01802	Q9XTG7	1
Q9XTG7	O02658	1
Q09560	Q9GYI4	1
Q9XW88	Q9GYI4	1
Q19905	Q19905	1
Q19905	P55853	1
Q8MYQ1	Q9N5D6	1
O16299	O16299	1
P55853	O16299	1
Q19969	P34604	1
Q09456	Q9N5U5	1
P91001	Q20052	1
Q18964	Q20052	1
Q20052	Q20647	1
O77469	Q20052	1
Q17381	P50880	1
O01530	Q17381	1
P48154	Q17381	1
Q27389	Q17381	1
Q9NEN6	Q17381	1
Q20347	Q8WQG9	1
Q20347	O44408	1
Q20347	Q9N4Q7	1
Q8MXI4	P91001	1
Q21215	P34420	1
P34604	P34420	1
P91001	P39745	1
Q17695	P39745	1
O44960	P39745	1
Q09510	P39745	1
Q19203	P39745	1
Q20772	P39745	1
P39745	P91829	1
P39745	Q22836	1
Q9XXJ0	P39745	1
Q20375	Q22544	1
Q9U3F4	P41830	1
Q9N5D6	P43508	1
Q03563	O45521	1
Q9U3I4	O45521	1
O45521	O45521	1
P53588	O45521	1
O45521	Q9TZ93	1
P91349	O45521	1
O45521	Q9XWR1	1
O45521	O45946	1
Q9N2Z7	O45521	1
O45521	P34611	1
Q9Y048	Q09501	1
Q9Y048	P10567	1
Q19286	Q9Y048	1
P17330	Q9Y048	1
Q9XUK2	Q9Y048	1
Q9Y048	Q95XR4	1
O76463	Q9Y048	1
P41829	Q9XTC6	1
Q9XTC6	O01802	1
Q21307	Q9TYT3	1
Q9XW88	O01840	1
Q9N2W5	O44739	1
O44740	P34808	1
P51404	P34475	1
P34475	P52275	1
Q18594	P34475	1
P34475	P34369	1
Q20655	P34475	1
P34475	P52872	1
P02567	P34475	1
Q21018	P48156	1
P52874	Q10580	1
P52874	Q03563	1
P34480	Q9XVJ2	1
P30429	P41958	1
P42573	P30429	1
Q9GS00	O01422	1
P91276	Q9N2K7	1
Q9XWG3	P91001	1
Q9XWG3	P50432	1
Q9XWG3	O17608	1
Q9XWG3	Q18688	1
P48156	Q9XWG3	1
Q9XWG3	O62416	1
Q9XWG3	Q9XXC8	1
P51875	Q9GSX9	1
Q9GSX9	P41829	1
Q9GSX9	Q19749	1
Q9GSX9	P53013	1
Q9N4B8	Q9GSX9	1
Q9XW79	Q09248	1
Q09294	Q9XW79	1
Q9XW79	Q9N4E9	1
Q93573	Q95QC4	1
P48156	Q95QC4	1
O77469	Q95QC4	1
Q95QC4	Q9XTQ7	1
P41932	Q95QC4	1
Q95QC4	Q09417	1
Q22227	Q95QC4	1
Q95QC4	P04970	1
Q95QC4	Q95QA6	1
P91917	Q95QC4	1
P48152	Q27535	1
Q18688	Q27535	1
P30632	Q27535	1
Q18192	O01775	1
Q09533	O01775	1
P17329	O01775	1
P34686	P34609	1
P34605	P34559	1
P34629	P34629	1
P34629	P34655	1
P34630	P34630	1
Q02330	P91001	1
Q9TZQ3	Q9TZQ3	1
P34659	Q18786	1
Q20772	P34659	1
P06125	Q09665	1
P10986	Q09665	1
P22981	Q18885	1
Q23646	Q9NF14	1
Q94420	P55853	1
Q94420	Q94420	1
P17329	Q09581	1
Q23679	Q9BI74	1
Q23679	P21137	1
Q19826	P50093	0
Q19826	Q22949	0
Q19826	P34264	0
Q19826	P91353	0
Q19826	Q09450	0
Q19826	P53588	0
Q19826	Q19766	0
Q19826	Q18090	0
Q9XVT0	P52899	0
Q9XVT0	O44451	0
Q9XVT0	Q02332	0
Q9XVT0	P50093	0
Q9XVT0	Q22949	0
Q9XVT0	P34264	0
Q9XVT0	P91353	0
Q9XVT0	Q09450	0
Q9XVT0	P53588	0
Q9XVT0	Q19766	0
Q9XVT0	Q18090	0
Q23120	P52899	0
Q23120	O44451	0
Q23120	Q02332	0
Q23120	P50093	0
Q23120	Q22949	0
Q23120	P34264	0
Q23120	P91353	0
Q23120	Q09450	0
Q23120	P53588	0
Q23120	Q19766	0
Q23120	Q18090	0
Q09511	P52899	0
Q09511	O44451	0
Q09511	Q02332	0
Q09511	P50093	0
Q09511	Q22949	0
Q09511	P34264	0
Q09511	P91353	0
Q09511	Q09450	0
Q09511	P53588	0
Q09511	Q19766	0
Q09511	Q18090	0
Q18409	P52899	0
Q18409	O44451	0
Q18409	Q02332	0
Q18409	P50093	0
Q18409	Q22949	0
Q18409	P34264	0
Q18409	P91353	0
Q18409	Q09450	0
Q18409	P53588	0
Q18409	Q19766	0
Q18409	Q18090	0
Q9XTU6	P52899	0
Q9XTU6	O44451	0
Q9XTU6	Q02332	0
Q9XTU6	P50093	0
Q9XTU6	Q22949	0
Q9XTU6	P34264	0
Q9XTU6	P91353	0
Q9XTU6	Q09450	0
Q9XTU6	P53588	0
Q9XTU6	Q19766	0
Q9XTU6	Q18090	0
P34659	P52899	0
P34659	O44451	0
P34659	Q02332	0
P34659	P50093	0
P34659	Q22949	0
P34659	P34264	0
P34659	P91353	0
P34659	Q09450	0
P34659	P53588	0
P34659	Q19766	0
P34659	Q18090	0
Q18786	P52899	0
Q18786	O44451	0
Q18786	Q02332	0
Q18786	P50093	0
Q18786	Q22949	0
Q18786	P34264	0
Q18786	P91353	0
Q18786	Q09450	0
Q18786	P53588	0
Q18786	Q19766	0
Q18786	Q18090	0
Q965H3	P52899	0
Q965H3	O44451	0
Q965H3	Q02332	0
Q965H3	P50093	0
Q965H3	Q22949	0
Q965H3	P34264	0
Q965H3	P91353	0
Q965H3	Q09450	0
Q965H3	P53588	0
Q965H3	Q19766	0
Q965H3	Q18090	0
P34619	P52899	0
P34619	O44451	0
P34619	Q02332	0
P34619	P50093	0
P34619	Q22949	0
P34619	P34264	0
P34619	P91353	0
P34619	Q09450	0
P34619	P53588	0
P34619	Q19766	0
P34619	Q18090	0
Q18240	P52899	0
Q18240	O44451	0
Q18240	Q02332	0
Q18240	P50093	0
Q18240	Q22949	0
Q18240	P34264	0
Q18240	P91353	0
Q18240	Q09450	0
Q18240	P53588	0
Q18240	Q19766	0
Q18240	Q18090	0
Q9TZ93	P52899	0
Q9TZ93	O44451	0
Q9TZ93	Q02332	0
Q9TZ93	P50093	0
Q9TZ93	Q22949	0
Q9TZ93	P34264	0
Q9TZ93	P91353	0
Q9TZ93	Q09450	0
Q9TZ93	P53588	0
Q9TZ93	Q19766	0
Q9TZ93	Q18090	0
P41848	P52899	0
P41848	O44451	0
P41848	Q02332	0
P41848	P50093	0
P41848	Q22949	0
P41848	P34264	0
P41848	P91353	0
P41848	Q09450	0
P41848	P53588	0
P41848	Q19766	0
P41848	Q18090	0
P32085	P52899	0
P32085	O44451	0
P32085	Q02332	0
P32085	P50093	0
P32085	Q22949	0
P32085	P34264	0
P32085	P91353	0
P32085	Q09450	0
P32085	P53588	0
P32085	Q19766	0
P32085	Q18090	0
Q23670	P52899	0
Q23670	O44451	0
Q23670	Q02332	0
Q23670	P50093	0
Q23670	Q22949	0
Q23670	P34264	0
Q23670	P91353	0
Q23670	Q09450	0
Q23670	P53588	0
Q23670	Q19766	0
Q23670	Q18090	0
Q9U299	P52899	0
Q9U299	O44451	0
Q9U299	Q02332	0
Q9U299	P50093	0
Q9U299	Q22949	0
Q9U299	P34264	0
Q9U299	P91353	0
Q9U299	Q09450	0
Q9U299	P53588	0
Q9U299	Q19766	0
Q9U299	Q18090	0
P53585	Q22347	0
P53585	Q09544	0
P53585	P30429	0
P53585	O01916	0
P53585	P34559	0
P53585	Q9XV52	0
P53585	O17214	0
P53585	Q18421	0
P53585	Q93353	0
P53585	Q9XXC8	0
P53585	P52713	0
P53585	P40614	0
P53585	O45503	0
P53585	Q22619	0
P53585	Q20719	0
Q23500	Q22347	0
Q23500	Q09544	0
Q23500	P30429	0
Q23500	O01916	0
Q23500	P34559	0
Q23500	Q9XV52	0
Q23500	O17214	0
Q23500	Q18421	0
Q23500	Q93353	0
Q23500	Q9XXC8	0
Q23500	P52713	0
Q23500	P40614	0
Q23500	O45503	0
Q23500	Q22619	0
Q23500	Q20719	0
P10984	Q22347	0
P10984	Q09544	0
P10984	P30429	0
P10984	O01916	0
P10984	P34559	0
P10984	Q9XV52	0
P10984	O17214	0
P10984	Q18421	0
P10984	Q93353	0
P10984	Q9XXC8	0
P10984	P52713	0
P10984	P40614	0
P10984	O45503	0
P10984	Q22619	0
P10984	Q20719	0
P10986	Q22347	0
P10986	Q09544	0
P10986	P30429	0
P10986	O01916	0
P10986	P34559	0
P10986	Q9XV52	0
P10986	O17214	0
P10986	Q18421	0
P10986	Q93353	0
P10986	Q9XXC8	0
P10986	P52713	0
P10986	P40614	0
P10986	O45503	0
P10986	Q22619	0
P10986	Q20719	0
P53489	Q22347	0
P53489	Q09544	0
P53489	P30429	0
P53489	O01916	0
P53489	P34559	0
P53489	Q9XV52	0
P53489	O17214	0
P53489	Q18421	0
P53489	Q93353	0
P53489	Q9XXC8	0
P53489	P52713	0
P53489	P40614	0
P53489	O45503	0
P53489	Q22619	0
P53489	Q20719	0
P34686	Q22347	0
P34686	Q09544	0
P34686	P30429	0
P34686	O01916	0
P34686	P34559	0
P34686	Q9XV52	0
P34686	O17214	0
P34686	Q18421	0
P34686	Q93353	0
P34686	Q9XXC8	0
P34686	P52713	0
P34686	P40614	0
P34686	O45503	0
P34686	Q22619	0
P34686	Q20719	0
Q09296	Q22347	0
Q09296	Q09544	0
Q09296	P30429	0
Q09296	O01916	0
Q09296	P34559	0
Q09296	Q9XV52	0
Q09296	O17214	0
Q09296	Q18421	0
Q09296	Q93353	0
Q09296	Q9XXC8	0
Q09296	P52713	0
Q09296	P40614	0
Q09296	O45503	0
Q09296	Q22619	0
Q09296	Q20719	0
O02108	Q22347	0
O02108	Q09544	0
O02108	P30429	0
O02108	O01916	0
O02108	P34559	0
O02108	Q9XV52	0
O02108	O17214	0
O02108	Q18421	0
O02108	Q93353	0
O02108	Q9XXC8	0
O02108	P52713	0
O02108	O45503	0
O02108	Q22619	0
O02108	Q20719	0
Q95YF3	Q22347	0
Q95YF3	Q09544	0
Q95YF3	P30429	0
Q95YF3	O01916	0
Q95YF3	P34559	0
Q95YF3	Q9XV52	0
Q95YF3	O17214	0
Q95YF3	Q18421	0
Q95YF3	Q93353	0
Q95YF3	Q9XXC8	0
Q95YF3	P52713	0
Q95YF3	P40614	0
Q95YF3	O45503	0
Q95YF3	Q22619	0
Q95YF3	Q20719	0
P34574	Q22347	0
P34574	Q09544	0
P34574	P30429	0
P34574	O01916	0
P34574	P34559	0
P34574	Q9XV52	0
P34574	O17214	0
P34574	Q18421	0
P34574	Q93353	0
P34574	Q9XXC8	0
P34574	P52713	0
P34574	P40614	0
P34574	O45503	0
P34574	Q22619	0
P34574	Q20719	0
Q09248	Q22347	0
Q09248	Q09544	0
Q09248	P30429	0
Q09248	O01916	0
Q09248	P34559	0
Q09248	Q9XV52	0
Q09248	O17214	0
Q09248	Q18421	0
Q09248	Q93353	0
Q09248	Q9XXC8	0
Q09248	P52713	0
Q09248	P40614	0
Q09248	O45503	0
Q09248	Q22619	0
Q09248	Q20719	0
Q9Y048	Q22347	0
Q9Y048	Q09544	0
Q9Y048	P30429	0
Q9Y048	O01916	0
Q9Y048	P34559	0
Q9Y048	Q9XV52	0
Q9Y048	O17214	0
Q9Y048	Q18421	0
Q9Y048	Q93353	0
Q9Y048	Q9XXC8	0
Q9Y048	P52713	0
Q9Y048	P40614	0
Q9Y048	O45503	0
Q9Y048	Q22619	0
Q9Y048	Q20719	0
Q22799	Q22347	0
Q22799	Q09544	0
Q22799	P30429	0
Q22799	O01916	0
Q22799	P34559	0
Q22799	Q9XV52	0
Q22799	O17214	0
Q22799	Q18421	0
Q22799	Q93353	0
Q22799	Q9XXC8	0
Q22799	P52713	0
Q22799	P40614	0
Q22799	O45503	0
Q22799	Q22619	0
Q22799	Q20719	0
Q21557	Q22347	0
Q21557	Q09544	0
Q21557	P30429	0
Q21557	O01916	0
Q21557	P34559	0
Q21557	Q9XV52	0
Q21557	O17214	0
Q21557	Q18421	0
Q21557	Q93353	0
Q21557	Q9XXC8	0
Q21557	P52713	0
Q21557	P40614	0
Q21557	O45503	0
Q21557	Q22619	0
Q21557	Q20719	0
P53013	Q22347	0
P53013	Q09544	0
P53013	P30429	0
P53013	O01916	0
P53013	P34559	0
P53013	Q9XV52	0
P53013	O17214	0
P53013	Q18421	0
P53013	Q93353	0
P53013	Q9XXC8	0
P53013	P52713	0
P53013	P40614	0
P53013	O45503	0
P53013	Q22619	0
P53013	Q20719	0
P29691	Q22347	0
P29691	Q09544	0
P29691	P30429	0
P29691	O01916	0
P29691	P34559	0
P29691	Q9XV52	0
P29691	O17214	0
P29691	Q18421	0
P29691	Q93353	0
P29691	Q9XXC8	0
P29691	P52713	0
P29691	P40614	0
P29691	O45503	0
P29691	Q22619	0
P29691	Q20719	0
P04970	Q22347	0
P04970	Q09544	0
P04970	P30429	0
P04970	O01916	0
P04970	P34559	0
P04970	Q9XV52	0
P04970	O17214	0
P04970	Q18421	0
P04970	Q93353	0
P04970	Q9XXC8	0
P04970	P52713	0
P04970	P40614	0
P04970	O45503	0
P04970	Q22619	0
P04970	Q20719	0
P17329	Q22347	0
P17329	Q09544	0
P17329	P30429	0
P17329	O01916	0
P17329	P34559	0
P17329	Q9XV52	0
P17329	O17214	0
P17329	Q18421	0
P17329	Q93353	0
P17329	Q9XXC8	0
P17329	P52713	0
P17329	P40614	0
P17329	O45503	0
P17329	Q22619	0
P17329	Q20719	0
P17330	Q22347	0
P17330	Q09544	0
P17330	P30429	0
P17330	O01916	0
P17330	P34559	0
P17330	Q9XV52	0
P17330	O17214	0
P17330	Q18421	0
P17330	Q93353	0
P17330	Q9XXC8	0
P17330	P52713	0
P17330	P40614	0
P17330	O45503	0
P17330	Q22619	0
P17330	Q20719	0
P17331	Q22347	0
P17331	Q09544	0
P17331	P30429	0
P17331	O01916	0
P17331	P34559	0
P17331	Q9XV52	0
P17331	O17214	0
P17331	Q18421	0
P17331	Q93353	0
P17331	Q9XXC8	0
P17331	P52713	0
P17331	P40614	0
P17331	O45503	0
P17331	Q22619	0
P17331	Q20719	0
Q19286	Q22347	0
Q19286	Q09544	0
Q19286	P30429	0
Q19286	O01916	0
Q19286	P34559	0
Q19286	Q9XV52	0
Q19286	O17214	0
Q19286	Q18421	0
Q19286	Q93353	0
Q19286	Q9XXC8	0
Q19286	P52713	0
Q19286	P40614	0
Q19286	O45503	0
Q19286	Q22619	0
Q19286	Q20719	0
P91276	Q22347	0
P91276	Q09544	0
P91276	P30429	0
P91276	O01916	0
P91276	P34559	0
P91276	Q9XV52	0
P91276	O17214	0
P91276	Q18421	0
P91276	Q93353	0
P91276	Q9XXC8	0
P91276	P52713	0
P91276	P40614	0
P91276	O45503	0
P91276	Q22619	0
P91276	Q20719	0
P30625	Q22347	0
P30625	Q09544	0
P30625	P30429	0
P30625	O01916	0
P30625	P34559	0
P30625	Q9XV52	0
P30625	O17214	0
P30625	Q18421	0
P30625	Q93353	0
P30625	Q9XXC8	0
P30625	P52713	0
P30625	O45503	0
P30625	Q22619	0
P30625	Q20719	0
Q19266	Q19749	0
Q19266	P52899	0
Q19266	O44451	0
Q19266	Q02332	0
Q19266	P50093	0
Q19266	Q22949	0
Q19266	P34264	0
Q19266	P91353	0
Q19266	Q09450	0
Q19266	P53588	0
Q19266	Q19766	0
Q19266	Q18090	0
Q18938	Q19749	0
Q18938	P52899	0
Q18938	O44451	0
Q18938	Q02332	0
Q18938	P50093	0
Q18938	Q22949	0
Q18938	P34264	0
Q18938	P91353	0
Q18938	Q09450	0
Q18938	P53588	0
Q18938	Q19766	0
Q18938	Q18090	0
Q20347	Q19749	0
Q20347	P52899	0
Q20347	O44451	0
Q20347	Q02332	0
Q20347	P50093	0
Q20347	Q22949	0
Q20347	P34264	0
Q20347	P91353	0
Q20347	Q09450	0
Q20347	P53588	0
Q20347	Q19766	0
Q20347	Q18090	0
P34611	Q19749	0
P34611	P52899	0
P34611	O44451	0
P34611	Q02332	0
P34611	P50093	0
P34611	Q22949	0
P34611	P34264	0
P34611	P91353	0
P34611	Q09450	0
P34611	P53588	0
P34611	Q19766	0
P34611	Q18090	0
Q9TW67	Q19749	0
Q9TW67	P52899	0
Q9TW67	O44451	0
Q9TW67	Q02332	0
Q9TW67	P50093	0
Q9TW67	Q22949	0
Q9TW67	P34264	0
Q9TW67	P91353	0
Q9TW67	Q09450	0
Q9TW67	P53588	0
Q9TW67	Q19766	0
Q9TW67	Q18090	0
Q94392	Q19749	0
Q94392	P52899	0
Q94392	O44451	0
Q94392	Q02332	0
Q94392	P50093	0
Q94392	Q22949	0
Q94392	P34264	0
Q94392	P91353	0
Q94392	Q09450	0
Q94392	P53588	0
Q94392	Q19766	0
Q94392	Q18090	0
O16785	Q19749	0
O16785	P52899	0
O16785	O44451	0
O16785	Q02332	0
O16785	P50093	0
O16785	Q22949	0
O16785	P34264	0
O16785	P91353	0
O16785	Q09450	0
O16785	P53588	0
O16785	Q19766	0
O16785	Q18090	0
Q9TZQ3	Q19749	0
Q9TZQ3	P52899	0
Q9TZQ3	O44451	0
Q9TZQ3	Q02332	0
Q9TZQ3	P50093	0
Q9TZQ3	Q22949	0
Q9TZQ3	P34264	0
Q9TZQ3	P91353	0
Q9TZQ3	Q09450	0
Q9TZQ3	P53588	0
Q9TZQ3	Q19766	0
Q9TZQ3	Q18090	0
Q27873	Q19749	0
Q27873	P52899	0
Q27873	O44451	0
Q27873	Q02332	0
Q27873	P50093	0
Q27873	Q22949	0
Q27873	P34264	0
Q27873	P91353	0
Q27873	Q09450	0
Q27873	P53588	0
Q27873	Q19766	0
Q27873	Q18090	0
P34331	Q19749	0
P34331	P52899	0
P34331	O44451	0
P34331	Q02332	0
P34331	P50093	0
P34331	Q22949	0
P34331	P34264	0
P34331	P91353	0
P34331	Q09450	0
P34331	P53588	0
P34331	Q19766	0
P34331	Q18090	0
Q8MXI4	Q19749	0
Q8MXI4	P52899	0
Q8MXI4	O44451	0
Q8MXI4	Q02332	0
Q8MXI4	P50093	0
Q8MXI4	Q22949	0
Q8MXI4	P34264	0
Q8MXI4	P91353	0
Q8MXI4	Q09450	0
Q8MXI4	P53588	0
Q8MXI4	Q19766	0
Q8MXI4	Q18090	0
O17732	Q19749	0
O17732	P52899	0
O17732	O44451	0
O17732	Q02332	0
O17732	P50093	0
O17732	Q22949	0
O17732	P34264	0
O17732	P91353	0
O17732	Q09450	0
O17732	P53588	0
O17732	Q19766	0
O17732	Q18090	0
O45946	Q19749	0
O45946	P52899	0
O45946	O44451	0
O45946	Q02332	0
O45946	P50093	0
O45946	Q22949	0
O45946	P34264	0
O45946	P91353	0
O45946	Q09450	0
O45946	P53588	0
O45946	Q19766	0
O45946	Q18090	0
P50880	Q19749	0
P50880	P52899	0
P50880	O44451	0
P50880	Q02332	0
P50880	P50093	0
P50880	Q22949	0
P50880	P34264	0
P50880	P91353	0
P50880	Q09450	0
P50880	P53588	0
P50880	Q19766	0
P50880	Q18090	0
P49405	Q19749	0
P49405	P52899	0
P49405	O44451	0
P49405	Q02332	0
P49405	P50093	0
P49405	Q22949	0
P49405	P34264	0
P49405	P91353	0
P49405	Q09450	0
P49405	P53588	0
P49405	Q19766	0
P49405	Q18090	0
Q9XVF7	Q19749	0
Q9XVF7	P52899	0
Q9XVF7	O44451	0
Q9XVF7	Q02332	0
Q9XVF7	P50093	0
Q9XVF7	Q22949	0
Q9XVF7	P34264	0
Q9XVF7	P91353	0
Q9XVF7	Q09450	0
Q9XVF7	P53588	0
Q9XVF7	Q19766	0
Q9XVF7	Q18090	0
P46769	Q19749	0
P46769	P52899	0
P46769	O44451	0
P46769	Q02332	0
P46769	P50093	0
P46769	Q22949	0
P46769	P34264	0
P46769	P91353	0
P46769	Q09450	0
P46769	P53588	0
P46769	Q19766	0
P46769	Q18090	0
Q18953	Q19749	0
Q18953	P52899	0
Q18953	O44451	0
Q18953	Q02332	0
Q18953	P50093	0
Q18953	Q22949	0
Q18953	P34264	0
Q18953	P91353	0
Q18953	Q09450	0
Q18953	P53588	0
Q18953	Q19766	0
Q18953	Q18090	0
O16927	Q19749	0
O16927	P52899	0
O16927	O44451	0
O16927	Q02332	0
O16927	P50093	0
O16927	Q22949	0
O16927	P34264	0
O16927	P91353	0
O16927	Q09450	0
O16927	P53588	0
O16927	Q19766	0
O16927	Q18090	0
P47209	Q19749	0
P47209	P52899	0
P47209	O44451	0
P47209	Q02332	0
P47209	P50093	0
P47209	Q22949	0
P47209	P34264	0
P47209	P91353	0
P47209	Q09450	0
P47209	P53588	0
P47209	Q19766	0
P47209	Q18090	0
Q93573	Q19749	0
Q93573	P52899	0
Q93573	O44451	0
Q93573	Q02332	0
Q93573	P50093	0
Q93573	Q22949	0
Q93573	P34264	0
Q93573	P91353	0
Q93573	Q09450	0
Q93573	P53588	0
Q93573	Q19766	0
Q93573	Q18090	0
Q22866	Q19749	0
Q22866	P52899	0
Q22866	O44451	0
Q22866	Q02332	0
Q22866	P50093	0
Q22866	Q22949	0
Q22866	P34264	0
Q22866	P91353	0
Q22866	Q09450	0
Q22866	P53588	0
Q22866	Q19766	0
Q22866	Q18090	0
P41932	Q22347	0
P41932	Q09544	0
P41932	P30429	0
P41932	O01916	0
P41932	P34559	0
P41932	Q9XV52	0
P41932	O17214	0
P41932	Q18421	0
P41932	Q93353	0
P41932	Q9XXC8	0
P41932	P52713	0
P41932	P40614	0
P41932	O45503	0
P41932	Q22619	0
P41932	Q20719	0
Q20655	Q22347	0
Q20655	Q09544	0
Q20655	P30429	0
Q20655	O01916	0
Q20655	P34559	0
Q20655	Q9XV52	0
Q20655	O17214	0
Q20655	Q18421	0
Q20655	Q93353	0
Q20655	Q9XXC8	0
Q20655	P52713	0
Q20655	P40614	0
Q20655	O45503	0
Q20655	Q22619	0
Q20655	Q20719	0
Q9GS00	Q22347	0
Q9GS00	Q09544	0
Q9GS00	P30429	0
Q9GS00	O01916	0
Q9GS00	P34559	0
Q9GS00	Q9XV52	0
Q9GS00	O17214	0
Q9GS00	Q18421	0
Q9GS00	Q93353	0
Q9GS00	Q9XXC8	0
Q9GS00	P52713	0
Q9GS00	P40614	0
Q9GS00	O45503	0
Q9GS00	Q22619	0
Q9GS00	Q20719	0
O01422	Q22347	0
O01422	Q09544	0
O01422	P30429	0
O01422	O01916	0
O01422	P34559	0
O01422	Q9XV52	0
O01422	O17214	0
O01422	Q18421	0
O01422	Q93353	0
O01422	Q9XXC8	0
O01422	P52713	0
O01422	P40614	0
O01422	O45503	0
O01422	Q22619	0
O01422	Q20719	0
Q9N359	Q22347	0
Q9N359	Q09544	0
Q9N359	P30429	0
Q9N359	O01916	0
Q9N359	P34559	0
Q9N359	Q9XV52	0
Q9N359	O17214	0
Q9N359	Q18421	0
Q9N359	Q93353	0
Q9N359	Q9XXC8	0
Q9N359	P52713	0
Q9N359	P40614	0
Q9N359	O45503	0
Q9N359	Q22619	0
Q9N359	Q20719	0
P91001	Q22347	0
P91001	Q09544	0
P91001	P30429	0
P91001	O01916	0
P91001	P34559	0
P91001	Q9XV52	0
P91001	O17214	0
P91001	Q18421	0
P91001	Q93353	0
P91001	Q9XXC8	0
P91001	P52713	0
P91001	P40614	0
P91001	O45503	0
P91001	Q22619	0
P91001	Q20719	0
Q95PZ0	Q22347	0
Q95PZ0	Q09544	0
Q95PZ0	P30429	0
Q95PZ0	O01916	0
Q95PZ0	P34559	0
Q95PZ0	Q9XV52	0
Q95PZ0	O17214	0
Q95PZ0	Q18421	0
Q95PZ0	Q93353	0
Q95PZ0	Q9XXC8	0
Q95PZ0	P52713	0
Q95PZ0	P40614	0
Q95PZ0	O45503	0
Q95PZ0	Q22619	0
Q95PZ0	Q20719	0
O17919	Q22347	0
O17919	Q09544	0
O17919	P30429	0
O17919	O01916	0
O17919	P34559	0
O17919	Q9XV52	0
O17919	O17214	0
O17919	Q18421	0
O17919	Q93353	0
O17919	Q9XXC8	0
O17919	P52713	0
O17919	P40614	0
O17919	O45503	0
O17919	Q22619	0
O17919	Q20719	0
Q94261	Q22347	0
Q94261	Q09544	0
Q94261	P30429	0
Q94261	O01916	0
Q94261	P34559	0
Q94261	Q9XV52	0
Q94261	O17214	0
Q94261	Q18421	0
Q94261	Q93353	0
Q94261	Q9XXC8	0
Q94261	P52713	0
Q94261	P40614	0
Q94261	O45503	0
Q94261	Q22619	0
Q94261	Q20719	0
P48727	Q22347	0
P48727	Q09544	0
P48727	P30429	0
P48727	O01916	0
P48727	P34559	0
P48727	Q9XV52	0
P48727	O17214	0
P48727	Q18421	0
P48727	Q93353	0
P48727	Q9XXC8	0
P48727	P52713	0
P48727	P40614	0
P48727	O45503	0
P48727	Q22619	0
P48727	Q20719	0
O17695	Q22347	0
O17695	Q09544	0
O17695	P30429	0
O17695	O01916	0
O17695	P34559	0
O17695	Q9XV52	0
O17695	O17214	0
O17695	Q18421	0
O17695	Q93353	0
O17695	Q9XXC8	0
O17695	P52713	0
O17695	P40614	0
O17695	O45503	0
O17695	Q22619	0
O17695	Q20719	0
Q19969	Q22347	0
Q19969	Q09544	0
Q19969	P30429	0
Q19969	O01916	0
Q19969	P34559	0
Q19969	Q9XV52	0
Q19969	O17214	0
Q19969	Q18421	0
Q19969	Q93353	0
Q19969	Q9XXC8	0
Q19969	P52713	0
Q19969	P40614	0
Q19969	O45503	0
Q19969	Q22619	0
Q19969	Q20719	0
O18158	Q19749	0
O18158	P52899	0
O18158	O44451	0
O18158	Q02332	0
O18158	P50093	0
O18158	Q22949	0
O18158	P34264	0
O18158	P91353	0
O18158	Q09450	0
O18158	P53588	0
O18158	Q19766	0
O18158	Q18090	0
Q95008	Q19749	0
Q95008	P52899	0
Q95008	O44451	0
Q95008	Q02332	0
Q95008	P50093	0
Q95008	Q22949	0
Q95008	P34264	0
Q95008	P91353	0
Q95008	Q09450	0
Q95008	P53588	0
Q95008	Q19766	0
Q95008	Q18090	0
Q23237	Q19749	0
Q23237	P52899	0
Q23237	O44451	0
Q23237	Q02332	0
Q23237	P50093	0
Q23237	Q22949	0
Q23237	P34264	0
Q23237	P91353	0
Q23237	Q09450	0
Q23237	P53588	0
Q23237	Q19766	0
Q23237	Q18090	0
Q9NAD6	Q19749	0
Q9NAD6	P52899	0
Q9NAD6	O44451	0
Q9NAD6	Q02332	0
Q9NAD6	P50093	0
Q9NAD6	Q22949	0
Q9NAD6	P34264	0
Q9NAD6	P91353	0
Q9NAD6	Q09450	0
Q9NAD6	P53588	0
Q9NAD6	Q19766	0
Q9NAD6	Q18090	0
Q9N428	Q19749	0
Q9N428	P52899	0
Q9N428	O44451	0
Q9N428	Q02332	0
Q9N428	P50093	0
Q9N428	Q22949	0
Q9N428	P34264	0
Q9N428	P91353	0
Q9N428	Q09450	0
Q9N428	P53588	0
Q9N428	Q19766	0
Q9N428	Q18090	0
Q19203	Q19749	0
Q19203	P52899	0
Q19203	O44451	0
Q19203	Q02332	0
Q19203	P50093	0
Q19203	Q22949	0
Q19203	P34264	0
Q19203	P91353	0
Q19203	Q09450	0
Q19203	P53588	0
Q19203	Q19766	0
Q19203	Q18090	0
O17850	P53585	0
O17850	Q23500	0
O17850	P10984	0
O17850	P10986	0
O17850	P53489	0
O17850	P34686	0
O17850	Q09296	0
O17850	O02108	0
O17850	Q95YF3	0
O17850	P34574	0
O17850	Q09248	0
O17850	Q9Y048	0
O17850	Q22799	0
O17850	Q21557	0
O17850	P53013	0
O17850	P29691	0
O17850	P04970	0
O17850	P17329	0
O17850	P17330	0
O17850	P17331	0
O17850	Q19286	0
O17850	P91276	0
P34537	P53585	0
P34537	Q23500	0
P34537	P10984	0
P34537	P10986	0
P34537	P53489	0
P34537	P34686	0
P34537	Q09296	0
P34537	O02108	0
P34537	Q95YF3	0
P34537	P34574	0
P34537	Q09248	0
P34537	Q9Y048	0
P34537	Q22799	0
P34537	Q21557	0
P34537	P53013	0
P34537	P29691	0
P34537	P04970	0
P34537	P17329	0
P34537	P17330	0
P34537	P17331	0
P34537	Q19286	0
P34537	P91276	0
Q10654	P53585	0
Q10654	Q23500	0
Q10654	P10984	0
Q10654	P10986	0
Q10654	P53489	0
Q10654	P34686	0
Q10654	Q09296	0
Q10654	O02108	0
Q10654	Q95YF3	0
Q10654	P34574	0
Q10654	Q09248	0
Q10654	Q9Y048	0
Q10654	Q22799	0
Q10654	Q21557	0
Q10654	P53013	0
Q10654	P29691	0
Q10654	P04970	0
Q10654	P17329	0
Q10654	P17330	0
Q10654	P17331	0
Q10654	Q19286	0
Q10654	P91276	0
Q94126	P53585	0
Q94126	Q23500	0
Q94126	P10984	0
Q94126	P10986	0
Q94126	P53489	0
Q94126	P34686	0
Q94126	Q09296	0
Q94126	O02108	0
Q94126	Q95YF3	0
Q94126	P34574	0
Q94126	Q09248	0
Q94126	Q9Y048	0
Q94126	Q22799	0
Q94126	Q21557	0
Q94126	P53013	0
Q94126	P29691	0
Q94126	P04970	0
Q94126	P17329	0
Q94126	P17330	0
Q94126	P17331	0
Q94126	Q19286	0
Q94126	P91276	0
Q17345	P53585	0
Q17345	Q23500	0
Q17345	P10984	0
Q17345	P10986	0
Q17345	P53489	0
Q17345	P34686	0
Q17345	Q09296	0
Q17345	O02108	0
Q17345	Q95YF3	0
Q17345	P34574	0
Q17345	Q09248	0
Q17345	Q9Y048	0
Q17345	Q22799	0
Q17345	Q21557	0
Q17345	P53013	0
Q17345	P29691	0
Q17345	P04970	0
Q17345	P17329	0
Q17345	P17330	0
Q17345	P17331	0
Q17345	Q19286	0
Q17345	P91276	0
O45952	P53585	0
O45952	Q23500	0
O45952	P10984	0
O45952	P10986	0
O45952	P53489	0
O45952	P34686	0
O45952	Q09296	0
O45952	O02108	0
O45952	Q95YF3	0
O45952	P34574	0
O45952	Q09248	0
O45952	Q9Y048	0
O45952	Q22799	0
O45952	Q21557	0
O45952	P53013	0
O45952	P29691	0
O45952	P04970	0
O45952	P17329	0
O45952	P17330	0
O45952	P17331	0
O45952	Q19286	0
O45952	P91276	0
P34420	P53585	0
P34420	Q23500	0
P34420	P10984	0
P34420	P10986	0
P34420	P53489	0
P34420	P34686	0
P34420	Q09296	0
P34420	O02108	0
P34420	Q95YF3	0
P34420	P34574	0
P34420	Q09248	0
P34420	Q9Y048	0
P34420	Q22799	0
P34420	Q21557	0
P34420	P53013	0
P34420	P29691	0
P34420	P04970	0
P34420	P17329	0
P34420	P17330	0
P34420	P17331	0
P34420	Q19286	0
P34420	P91276	0
Q10661	P53585	0
Q10661	Q23500	0
Q10661	P10984	0
Q10661	P10986	0
Q10661	P53489	0
Q10661	P34686	0
Q10661	Q09296	0
Q10661	O02108	0
Q10661	Q95YF3	0
Q10661	P34574	0
Q10661	Q09248	0
Q10661	Q9Y048	0
Q10661	Q22799	0
Q10661	Q21557	0
Q10661	P53013	0
Q10661	P29691	0
Q10661	P04970	0
Q10661	P17329	0
Q10661	P17330	0
Q10661	P17331	0
Q10661	Q19286	0
Q10661	P91276	0
Q9XVZ8	P53585	0
Q9XVZ8	Q23500	0
Q9XVZ8	P10984	0
Q9XVZ8	P10986	0
Q9XVZ8	P53489	0
Q9XVZ8	P34686	0
Q9XVZ8	Q09296	0
Q9XVZ8	O02108	0
Q9XVZ8	Q95YF3	0
Q9XVZ8	P34574	0
Q9XVZ8	Q09248	0
Q9XVZ8	Q9Y048	0
Q9XVZ8	Q22799	0
Q9XVZ8	Q21557	0
Q9XVZ8	P53013	0
Q9XVZ8	P29691	0
Q9XVZ8	P04970	0
Q9XVZ8	P17329	0
Q9XVZ8	P17330	0
Q9XVZ8	P17331	0
Q9XVZ8	Q19286	0
Q9XVZ8	P91276	0
Q18195	P53585	0
Q18195	Q23500	0
Q18195	P10984	0
Q18195	P10986	0
Q18195	P53489	0
Q18195	P34686	0
Q18195	Q09296	0
Q18195	O02108	0
Q18195	Q95YF3	0
Q18195	P34574	0
Q18195	Q09248	0
Q18195	Q9Y048	0
Q18195	Q22799	0
Q18195	Q21557	0
Q18195	P53013	0
Q18195	P29691	0
Q18195	P04970	0
Q18195	P17329	0
Q18195	P17330	0
Q18195	P17331	0
Q18195	Q19286	0
Q18195	P91276	0
Q22053	P53585	0
Q22053	Q23500	0
Q22053	P10984	0
Q22053	P10986	0
Q22053	P53489	0
Q22053	P34686	0
Q22053	Q09296	0
Q22053	O02108	0
Q22053	Q95YF3	0
Q22053	P34574	0
Q22053	Q09248	0
Q22053	Q9Y048	0
Q22053	Q22799	0
Q22053	Q21557	0
Q22053	P53013	0
Q22053	P29691	0
Q22053	P04970	0
Q22053	P17329	0
Q22053	P17330	0
Q22053	P17331	0
Q22053	Q19286	0
Q22053	P91276	0
Q27484	P53585	0
Q27484	Q23500	0
Q27484	P10984	0
Q27484	P10986	0
Q27484	P53489	0
Q27484	P34686	0
Q27484	Q09296	0
Q27484	O02108	0
Q27484	Q95YF3	0
Q27484	P34574	0
Q27484	Q09248	0
Q27484	Q9Y048	0
Q27484	Q22799	0
Q27484	Q21557	0
Q27484	P53013	0
Q27484	P29691	0
Q27484	P04970	0
Q27484	P17329	0
Q27484	P17330	0
Q27484	P17331	0
Q27484	Q19286	0
Q27484	P91276	0
Q10453	P53585	0
Q10453	Q23500	0
Q10453	P10984	0
Q10453	P10986	0
Q10453	P53489	0
Q10453	P34686	0
Q10453	Q09296	0
Q10453	O02108	0
Q10453	Q95YF3	0
Q10453	P34574	0
Q10453	Q09248	0
Q10453	Q9Y048	0
Q10453	Q22799	0
Q10453	Q21557	0
Q10453	P53013	0
Q10453	P29691	0
Q10453	P04970	0
Q10453	P17329	0
Q10453	P17330	0
Q10453	P17331	0
Q10453	Q19286	0
Q10453	P91276	0
Q9U281	P53585	0
Q9U281	Q23500	0
Q9U281	P10984	0
Q9U281	P10986	0
Q9U281	P53489	0
Q9U281	P34686	0
Q9U281	Q09296	0
Q9U281	O02108	0
Q9U281	Q95YF3	0
Q9U281	P34574	0
Q9U281	Q09248	0
Q9U281	Q9Y048	0
Q9U281	Q22799	0
Q9U281	Q21557	0
Q9U281	P53013	0
Q9U281	P29691	0
Q9U281	P04970	0
Q9U281	P17329	0
Q9U281	P17330	0
Q9U281	P17331	0
Q9U281	Q19286	0
Q9U281	P91276	0
Q27532	P53585	0
Q27532	Q23500	0
Q27532	P10984	0
Q27532	P10986	0
Q27532	P53489	0
Q27532	P34686	0
Q27532	Q09296	0
Q27532	O02108	0
Q27532	Q95YF3	0
Q27532	P34574	0
Q27532	Q09248	0
Q27532	Q9Y048	0
Q27532	Q22799	0
Q27532	Q21557	0
Q27532	P53013	0
Q27532	P29691	0
Q27532	P04970	0
Q27532	P17329	0
Q27532	P17330	0
Q27532	P17331	0
Q27532	Q19286	0
Q27532	P91276	0
Q09589	P53585	0
Q09589	Q23500	0
Q09589	P10984	0
Q09589	P10986	0
Q09589	P53489	0
Q09589	P34686	0
Q09589	Q09296	0
Q09589	O02108	0
Q09589	Q95YF3	0
Q09589	P34574	0
Q09589	Q09248	0
Q09589	Q9Y048	0
Q09589	Q22799	0
Q09589	Q21557	0
Q09589	P53013	0
Q09589	P29691	0
Q09589	P04970	0
Q09589	P17329	0
Q09589	P17330	0
Q09589	P17331	0
Q09589	Q19286	0
Q09589	P91276	0
Q9U297	P53585	0
Q9U297	Q23500	0
Q9U297	P10984	0
Q9U297	P10986	0
Q9U297	P53489	0
Q9U297	P34686	0
Q9U297	Q09296	0
Q9U297	O02108	0
Q9U297	Q95YF3	0
Q9U297	P34574	0
Q9U297	Q09248	0
Q9U297	Q9Y048	0
Q9U297	Q22799	0
Q9U297	Q21557	0
Q9U297	P53013	0
Q9U297	P29691	0
Q9U297	P04970	0
Q9U297	P17329	0
Q9U297	P17330	0
Q9U297	P17331	0
Q9U297	Q19286	0
Q9U297	P91276	0
P49029	P53585	0
P49029	Q23500	0
P49029	P10984	0
P49029	P10986	0
P49029	P53489	0
P49029	P34686	0
P49029	Q09296	0
P49029	O02108	0
P49029	Q95YF3	0
P49029	P34574	0
P49029	Q09248	0
P49029	Q9Y048	0
P49029	Q22799	0
P49029	Q21557	0
P49029	P53013	0
P49029	P29691	0
P49029	P04970	0
P49029	P17329	0
P49029	P17330	0
P49029	P17331	0
P49029	Q19286	0
P49029	P91276	0
Q21924	P53585	0
Q21924	Q23500	0
Q21924	P10984	0
Q21924	P10986	0
Q21924	P53489	0
Q21924	P34686	0
Q21924	Q09296	0
Q21924	O02108	0
Q21924	Q95YF3	0
Q21924	P34574	0
Q21924	Q09248	0
Q21924	Q9Y048	0
Q21924	Q22799	0
Q21924	Q21557	0
Q21924	P53013	0
Q21924	P29691	0
Q21924	P04970	0
Q21924	P17329	0
Q21924	P17330	0
Q21924	P17331	0
Q21924	Q19286	0
Q21924	P91276	0
Q17336	P53585	0
Q17336	Q23500	0
Q17336	P10984	0
Q17336	P10986	0
Q17336	P53489	0
Q17336	P34686	0
Q17336	Q09296	0
Q17336	O02108	0
Q17336	Q95YF3	0
Q17336	P34574	0
Q17336	Q09248	0
Q17336	Q9Y048	0
Q17336	Q22799	0
Q17336	Q21557	0
Q17336	P53013	0
Q17336	P29691	0
Q17336	P04970	0
Q17336	P17329	0
Q17336	P17330	0
Q17336	P17331	0
Q17336	Q19286	0
Q17336	P91276	0
Q9N4Q7	P53585	0
Q9N4Q7	Q23500	0
Q9N4Q7	P10984	0
Q9N4Q7	P10986	0
Q9N4Q7	P53489	0
Q9N4Q7	P34686	0
Q9N4Q7	Q09296	0
Q9N4Q7	O02108	0
Q9N4Q7	Q95YF3	0
Q9N4Q7	P34574	0
Q9N4Q7	Q09248	0
Q9N4Q7	Q9Y048	0
Q9N4Q7	Q22799	0
Q9N4Q7	Q21557	0
Q9N4Q7	P53013	0
Q9N4Q7	P29691	0
Q9N4Q7	P04970	0
Q9N4Q7	P17329	0
Q9N4Q7	P17330	0
Q9N4Q7	P17331	0
Q9N4Q7	Q19286	0
Q9N4Q7	P91276	0
O02115	P53585	0
O02115	Q23500	0
O02115	P10984	0
O02115	P10986	0
O02115	P53489	0
O02115	P34686	0
O02115	Q09296	0
O02115	O02108	0
O02115	Q95YF3	0
O02115	P34574	0
O02115	Q09248	0
O02115	Q9Y048	0
O02115	Q22799	0
O02115	Q21557	0
O02115	P53013	0
O02115	P29691	0
O02115	P04970	0
O02115	P17329	0
O02115	P17330	0
O02115	P17331	0
O02115	Q19286	0
O02115	P91276	0
Q17381	P53585	0
Q17381	Q23500	0
Q17381	P10984	0
Q17381	P10986	0
Q17381	P53489	0
Q17381	P34686	0
Q17381	Q09296	0
Q17381	O02108	0
Q17381	Q95YF3	0
Q17381	P34574	0
Q17381	Q09248	0
Q17381	Q9Y048	0
Q17381	Q22799	0
Q17381	Q21557	0
Q17381	P53013	0
Q17381	P29691	0
Q17381	P04970	0
Q17381	P17329	0
Q17381	P17330	0
Q17381	P17331	0
Q17381	Q19286	0
Q17381	P91276	0
Q20845	P53585	0
Q20845	Q23500	0
Q20845	P10984	0
Q20845	P10986	0
Q20845	P53489	0
Q20845	P34686	0
Q20845	Q09296	0
Q20845	O02108	0
Q20845	Q95YF3	0
Q20845	P34574	0
Q20845	Q09248	0
Q20845	Q9Y048	0
Q20845	Q22799	0
Q20845	Q21557	0
Q20845	P53013	0
Q20845	P29691	0
Q20845	P04970	0
Q20845	P17329	0
Q20845	P17330	0
Q20845	P17331	0
Q20845	Q19286	0
Q20845	P91276	0
Q10051	P30625	0
Q10051	Q19266	0
Q10051	Q18938	0
Q10051	Q20347	0
Q10051	P34611	0
Q10051	Q9TW67	0
Q10051	Q94392	0
Q10051	O16785	0
Q10051	Q9TZQ3	0
Q10051	Q27873	0
Q10051	P34331	0
Q10051	Q8MXI4	0
Q10051	O17732	0
Q10051	O45946	0
Q10051	P50880	0
Q10051	P49405	0
Q10051	Q9XVF7	0
Q10051	P46769	0
Q10051	Q18953	0
Q10051	O16927	0
Q10051	P47209	0
Q10051	Q93573	0
Q10051	Q22866	0
P34369	P30625	0
P34369	Q19266	0
P34369	Q18938	0
P34369	Q20347	0
P34369	P34611	0
P34369	Q9TW67	0
P34369	Q94392	0
P34369	O16785	0
P34369	Q9TZQ3	0
P34369	Q27873	0
P34369	P34331	0
P34369	Q8MXI4	0
P34369	O17732	0
P34369	O45946	0
P34369	P50880	0
P34369	P49405	0
P34369	Q9XVF7	0
P34369	P46769	0
P34369	Q18953	0
P34369	O16927	0
P34369	P47209	0
P34369	Q93573	0
P34369	Q22866	0
Q9GYI4	P30625	0
Q9GYI4	Q19266	0
Q9GYI4	Q18938	0
Q9GYI4	Q20347	0
Q9GYI4	P34611	0
Q9GYI4	Q9TW67	0
Q9GYI4	Q94392	0
Q9GYI4	O16785	0
Q9GYI4	Q9TZQ3	0
Q9GYI4	Q27873	0
Q9GYI4	P34331	0
Q9GYI4	Q8MXI4	0
Q9GYI4	O17732	0
Q9GYI4	O45946	0
Q9GYI4	P50880	0
Q9GYI4	P49405	0
Q9GYI4	Q9XVF7	0
Q9GYI4	P46769	0
Q9GYI4	Q18953	0
Q9GYI4	O16927	0
Q9GYI4	P47209	0
Q9GYI4	Q93573	0
Q9GYI4	Q22866	0
O17915	P30625	0
O17915	Q19266	0
O17915	Q18938	0
O17915	Q20347	0
O17915	P34611	0
O17915	Q94392	0
O17915	O16785	0
O17915	Q9TZQ3	0
O17915	Q27873	0
O17915	P34331	0
O17915	Q8MXI4	0
O17915	O17732	0
O17915	O45946	0
O17915	P50880	0
O17915	P49405	0
O17915	Q9XVF7	0
O17915	Q18953	0
O17915	O16927	0
O17915	P47209	0
O17915	Q93573	0
O17915	Q22866	0
Q18919	P30625	0
Q18919	Q19266	0
Q18919	Q18938	0
Q18919	Q20347	0
Q18919	P34611	0
Q18919	Q9TW67	0
Q18919	Q94392	0
Q18919	O16785	0
Q18919	Q9TZQ3	0
Q18919	Q27873	0
Q18919	P34331	0
Q18919	Q8MXI4	0
Q18919	O17732	0
Q18919	O45946	0
Q18919	P50880	0
Q18919	P49405	0
Q18919	Q9XVF7	0
Q18919	P46769	0
Q18919	Q18953	0
Q18919	O16927	0
Q18919	P47209	0
Q18919	Q93573	0
Q18919	Q22866	0
Q19537	P30625	0
Q19537	Q19266	0
Q19537	Q18938	0
Q19537	Q20347	0
Q19537	P34611	0
Q19537	Q9TW67	0
Q19537	Q94392	0
Q19537	O16785	0
Q19537	Q9TZQ3	0
Q19537	Q27873	0
Q19537	P34331	0
Q19537	Q8MXI4	0
Q19537	O17732	0
Q19537	O45946	0
Q19537	P50880	0
Q19537	P49405	0
Q19537	Q9XVF7	0
Q19537	P46769	0
Q19537	Q18953	0
Q19537	O16927	0
Q19537	P47209	0
Q19537	Q93573	0
Q19537	Q22866	0
Q19826	P30625	0
Q19826	Q19266	0
Q19826	Q18938	0
Q19826	Q20347	0
Q19826	P34611	0
Q19826	Q9TW67	0
Q19826	Q94392	0
Q19826	O16785	0
Q19826	Q9TZQ3	0
Q19826	Q27873	0
Q19826	P34331	0
Q19826	Q8MXI4	0
Q19826	O17732	0
Q19826	O45946	0
Q19826	P50880	0
Q19826	P49405	0
Q19826	Q9XVF7	0
Q19826	P46769	0
Q19826	Q18953	0
Q19826	O16927	0
Q19826	P47209	0
Q19826	Q93573	0
Q19826	Q22866	0
Q9XVT0	P30625	0
Q9XVT0	Q19266	0
Q9XVT0	Q18938	0
Q9XVT0	Q20347	0
Q9XVT0	P34611	0
Q9XVT0	Q9TW67	0
Q9XVT0	Q94392	0
Q9XVT0	O16785	0
Q9XVT0	Q9TZQ3	0
Q9XVT0	Q27873	0
Q9XVT0	P34331	0
Q9XVT0	Q8MXI4	0
Q9XVT0	O17732	0
Q9XVT0	O45946	0
Q9XVT0	P50880	0
Q9XVT0	P49405	0
Q9XVT0	Q9XVF7	0
Q9XVT0	P46769	0
Q9XVT0	Q18953	0
Q9XVT0	O16927	0
Q9XVT0	P47209	0
Q9XVT0	Q93573	0
Q9XVT0	Q22866	0
Q23120	P30625	0
Q23120	Q19266	0
Q23120	Q18938	0
Q23120	Q20347	0
Q23120	P34611	0
Q23120	Q9TW67	0
Q23120	Q94392	0
Q23120	O16785	0
Q23120	Q9TZQ3	0
Q23120	Q27873	0
Q23120	P34331	0
Q23120	Q8MXI4	0
Q23120	O17732	0
Q23120	O45946	0
Q23120	P50880	0
Q23120	P49405	0
Q23120	Q9XVF7	0
Q23120	P46769	0
Q23120	Q18953	0
Q23120	O16927	0
Q23120	P47209	0
Q23120	Q93573	0
Q23120	Q22866	0
Q09511	P30625	0
Q09511	Q19266	0
Q09511	Q18938	0
Q09511	Q20347	0
Q09511	P34611	0
Q09511	Q9TW67	0
Q09511	Q94392	0
Q09511	O16785	0
Q09511	Q9TZQ3	0
Q09511	Q27873	0
Q09511	P34331	0
Q09511	Q8MXI4	0
Q09511	O17732	0
Q09511	O45946	0
Q09511	P50880	0
Q09511	P49405	0
Q09511	Q9XVF7	0
Q09511	P46769	0
Q09511	Q18953	0
Q09511	O16927	0
Q09511	P47209	0
Q09511	Q93573	0
Q09511	Q22866	0
Q18409	P30625	0
Q18409	Q19266	0
Q18409	Q18938	0
Q18409	Q20347	0
Q18409	P34611	0
Q18409	Q9TW67	0
Q18409	Q94392	0
Q18409	O16785	0
Q18409	Q9TZQ3	0
Q18409	Q27873	0
Q18409	P34331	0
Q18409	Q8MXI4	0
Q18409	O17732	0
Q18409	O45946	0
Q18409	P50880	0
Q18409	P49405	0
Q18409	Q9XVF7	0
Q18409	P46769	0
Q18409	Q18953	0
Q18409	O16927	0
Q18409	P47209	0
Q18409	Q93573	0
Q18409	Q22866	0
Q9XTU6	P30625	0
Q9XTU6	Q19266	0
Q9XTU6	Q18938	0
Q9XTU6	Q20347	0
Q9XTU6	P34611	0
Q9XTU6	Q9TW67	0
Q9XTU6	Q94392	0
Q9XTU6	O16785	0
Q9XTU6	Q9TZQ3	0
Q9XTU6	Q27873	0
Q9XTU6	P34331	0
Q9XTU6	Q8MXI4	0
Q9XTU6	O17732	0
Q9XTU6	O45946	0
Q9XTU6	P50880	0
Q9XTU6	P49405	0
Q9XTU6	Q9XVF7	0
Q9XTU6	P46769	0
Q9XTU6	Q18953	0
Q9XTU6	O16927	0
Q9XTU6	P47209	0
Q9XTU6	Q93573	0
Q9XTU6	Q22866	0
P34659	P30625	0
P34659	Q19266	0
P34659	Q18938	0
P34659	Q20347	0
P34659	P34611	0
P34659	Q9TW67	0
P34659	Q94392	0
P34659	O16785	0
P34659	Q9TZQ3	0
P34659	Q27873	0
P34659	P34331	0
P34659	Q8MXI4	0
P34659	O17732	0
P34659	O45946	0
P34659	P50880	0
P34659	P49405	0
P34659	Q9XVF7	0
P34659	P46769	0
P34659	Q18953	0
P34659	O16927	0
P34659	P47209	0
P34659	Q93573	0
P34659	Q22866	0
Q18786	P30625	0
Q18786	Q19266	0
Q18786	Q18938	0
Q18786	Q20347	0
Q18786	P34611	0
Q18786	Q9TW67	0
Q18786	Q94392	0
Q18786	O16785	0
Q18786	Q9TZQ3	0
Q18786	Q27873	0
Q18786	P34331	0
Q18786	Q8MXI4	0
Q18786	O17732	0
Q18786	O45946	0
Q18786	P50880	0
Q18786	P49405	0
Q18786	Q9XVF7	0
Q18786	P46769	0
Q18786	Q18953	0
Q18786	O16927	0
Q18786	P47209	0
Q18786	Q93573	0
Q18786	Q22866	0
Q965H3	P30625	0
Q965H3	Q19266	0
Q965H3	Q18938	0
Q965H3	Q20347	0
Q965H3	P34611	0
Q965H3	Q9TW67	0
Q965H3	Q94392	0
Q965H3	O16785	0
Q965H3	Q9TZQ3	0
Q965H3	Q27873	0
Q965H3	P34331	0
Q965H3	Q8MXI4	0
Q965H3	O17732	0
Q965H3	O45946	0
Q965H3	P50880	0
Q965H3	P49405	0
Q965H3	Q9XVF7	0
Q965H3	P46769	0
Q965H3	Q18953	0
Q965H3	O16927	0
Q965H3	P47209	0
Q965H3	Q93573	0
Q965H3	Q22866	0
P34619	P30625	0
P34619	Q19266	0
P34619	Q18938	0
P34619	Q20347	0
P34619	P34611	0
P34619	Q9TW67	0
P34619	Q94392	0
P34619	O16785	0
P34619	Q9TZQ3	0
P34619	Q27873	0
P34619	P34331	0
P34619	Q8MXI4	0
P34619	O17732	0
P34619	O45946	0
P34619	P50880	0
P34619	P49405	0
P34619	Q9XVF7	0
P34619	P46769	0
P34619	Q18953	0
P34619	O16927	0
P34619	P47209	0
P34619	Q93573	0
P34619	Q22866	0
Q18240	P30625	0
Q18240	Q19266	0
Q18240	Q18938	0
Q18240	Q20347	0
Q18240	P34611	0
Q18240	Q9TW67	0
Q18240	Q94392	0
Q18240	O16785	0
Q18240	Q9TZQ3	0
Q18240	Q27873	0
Q18240	P34331	0
Q18240	Q8MXI4	0
Q18240	O17732	0
Q18240	O45946	0
Q18240	P50880	0
Q18240	P49405	0
Q18240	Q9XVF7	0
Q18240	P46769	0
Q18240	Q18953	0
Q18240	O16927	0
Q18240	P47209	0
Q18240	Q93573	0
Q18240	Q22866	0
Q9TZ93	P30625	0
Q9TZ93	Q19266	0
Q9TZ93	Q18938	0
Q9TZ93	Q20347	0
Q9TZ93	P34611	0
Q9TZ93	Q9TW67	0
Q9TZ93	Q94392	0
Q9TZ93	O16785	0
Q9TZ93	Q9TZQ3	0
Q9TZ93	Q27873	0
Q9TZ93	P34331	0
Q9TZ93	Q8MXI4	0
Q9TZ93	O17732	0
Q9TZ93	O45946	0
Q9TZ93	P50880	0
Q9TZ93	P49405	0
Q9TZ93	Q9XVF7	0
Q9TZ93	P46769	0
Q9TZ93	Q18953	0
Q9TZ93	O16927	0
Q9TZ93	P47209	0
Q9TZ93	Q93573	0
Q9TZ93	Q22866	0
P41848	P30625	0
P41848	Q19266	0
P41848	Q18938	0
P41848	Q20347	0
P41848	P34611	0
P41848	Q9TW67	0
P41848	Q94392	0
P41848	O16785	0
P41848	Q9TZQ3	0
P41848	Q27873	0
P41848	P34331	0
P41848	Q8MXI4	0
P41848	O17732	0
P41848	O45946	0
P41848	P50880	0
P41848	P49405	0
P41848	Q9XVF7	0
P41848	P46769	0
P41848	Q18953	0
P41848	O16927	0
P41848	P47209	0
P41848	Q93573	0
P41848	Q22866	0
P32085	P30625	0
P32085	Q19266	0
P32085	Q18938	0
P32085	Q20347	0
P32085	P34611	0
P32085	Q9TW67	0
P32085	Q94392	0
P32085	O16785	0
P32085	Q9TZQ3	0
P32085	Q27873	0
P32085	P34331	0
P32085	Q8MXI4	0
P32085	O17732	0
P32085	O45946	0
P32085	P50880	0
P32085	P49405	0
P32085	Q9XVF7	0
P32085	P46769	0
P32085	Q18953	0
P32085	O16927	0
P32085	P47209	0
P32085	Q93573	0
P32085	Q22866	0
Q23670	P30625	0
Q23670	Q19266	0
Q23670	Q18938	0
Q23670	Q20347	0
Q23670	P34611	0
Q23670	Q9TW67	0
Q23670	Q94392	0
Q23670	O16785	0
Q23670	Q9TZQ3	0
Q23670	Q27873	0
Q23670	P34331	0
Q23670	Q8MXI4	0
Q23670	O17732	0
Q23670	O45946	0
Q23670	P50880	0
Q23670	P49405	0
Q23670	Q9XVF7	0
Q23670	P46769	0
Q23670	Q18953	0
Q23670	O16927	0
Q23670	P47209	0
Q23670	Q93573	0
Q23670	Q22866	0
Q9U299	P30625	0
Q9U299	Q19266	0
Q9U299	Q18938	0
Q9U299	Q20347	0
Q9U299	P34611	0
Q9U299	Q9TW67	0
Q9U299	Q94392	0
Q9U299	O16785	0
Q9U299	Q9TZQ3	0
Q9U299	Q27873	0
Q9U299	P34331	0
Q9U299	Q8MXI4	0
Q9U299	O17732	0
Q9U299	O45946	0
Q9U299	P50880	0
Q9U299	P49405	0
Q9U299	Q9XVF7	0
Q9U299	P46769	0
Q9U299	Q18953	0
Q9U299	O16927	0
Q9U299	P47209	0
Q9U299	Q93573	0
Q9U299	Q22866	0
P53585	P27798	0
Q23500	P34652	0
P10984	Q21997	0
P53489	Q20798	0
O02108	Q17967	0
Q95YF3	Q9U357	0
Q09248	P34652	0
Q9Y048	Q93561	0
Q22799	Q21997	0
P53013	Q20798	0
P17329	Q17967	0
P17330	Q9U357	0
Q19286	Q21997	0
P91276	Q20798	0
Q18938	Q17967	0
Q20347	Q9U357	0
P34611	P27798	0
Q9TW67	P34652	0
Q94392	Q93561	0
P34331	Q17967	0
Q8MXI4	Q9U357	0
O45946	P27798	0
P50880	P34652	0
P49405	Q93561	0
Q9XVF7	Q21997	0
P47209	Q17967	0
Q93573	Q9U357	0
P41932	P27798	0
Q20655	P34652	0
Q9GS00	Q93561	0
O01422	Q21997	0
P91001	Q20798	0
Q94261	Q17967	0
P48727	Q9U357	0
Q19969	P27798	0
O18158	P34652	0
Q95008	Q21997	0
Q9NAD6	Q20798	0
Q19203	Q17967	0
Q22347	P27798	0
Q09544	P34652	0
P30429	Q93561	0
P34559	Q20798	0
Q18421	Q17967	0
Q93353	Q9U357	0
P52713	P27798	0
P40614	P34652	0
O45503	Q93561	0
Q22619	Q21997	0
Q19749	Q20798	0
Q02332	Q17967	0
P50093	Q9U357	0
P34264	P27798	0
P91353	P34652	0
Q09450	Q93561	0
P53588	Q21997	0
Q18090	Q20798	0
O17850	P27798	0
P34537	P34652	0
Q10654	Q93561	0
Q94126	Q21997	0
O45952	Q20798	0
Q9XVZ8	Q17967	0
Q18195	Q9U357	0
Q27484	P34652	0
Q10453	Q93561	0
Q9U281	Q21997	0
Q09589	Q20798	0
Q21924	Q17967	0
Q17336	Q9U357	0
O02115	P27798	0
Q17381	P34652	0
Q20845	Q93561	0
Q10051	Q93561	0
P34369	Q21997	0
O17915	Q20798	0
Q19826	Q17967	0
Q9XVT0	Q9U357	0
Q09511	P27798	0
Q18409	P34652	0
Q9XTU6	Q93561	0
P34659	Q21997	0
Q965H3	Q20798	0
Q9TZ93	Q17967	0
P41848	Q9U357	0
Q23670	P27798	0
Q9U299	P34652	0
P53585	Q21444	0
P10984	O45293	0
P10986	P41941	0
P53489	O17645	0
P34686	O17583	0
Q09296	O18209	0
O02108	P34605	0
Q95YF3	Q21444	0
Q09248	O45293	0
Q9Y048	P41941	0
Q22799	O17645	0
Q21557	O17583	0
P53013	O18209	0
P29691	P34605	0
P04970	Q21444	0
P17331	O45293	0
Q19286	O18209	0
P91276	Q21444	0
Q18938	O45293	0
Q20347	P41941	0
P34611	O17583	0
Q9TW67	O18209	0
Q94392	P34605	0
Q9TZQ3	O45293	0
Q27873	P41941	0
P34331	O17645	0
Q8MXI4	O17583	0
O17732	O18209	0
O45946	P34605	0
P50880	Q21444	0
P46769	O45293	0
Q18953	O17645	0
O16927	O17583	0
P47209	O18209	0
Q93573	P34605	0
Q22866	Q21444	0
P41932	Q21444	0
O01422	O45293	0
Q9N359	P41941	0
P91001	O17645	0
Q95PZ0	O17583	0
O17919	O18209	0
Q94261	P34605	0
P48727	Q21444	0
O18158	O45293	0
Q95008	O17645	0
Q23237	O17583	0
Q9NAD6	O18209	0
Q9N428	P34605	0
P41932	O17583	0
Q20655	O18209	0
Q9GS00	P34605	0
P27798	Q21444	0
Q21997	O45293	0
Q20798	O17645	0
Q17967	P34605	0
Q9U357	O18209	0
Q22347	Q21444	0
O01916	P41941	0
P34559	O17645	0
Q9XV52	O17583	0
O17214	O18209	0
Q18421	P34605	0
Q93353	Q21444	0
P40614	O45293	0
O45503	P41941	0
Q22619	O17645	0
Q20719	O17583	0
Q19749	O18209	0
P52899	P34605	0
O44451	Q21444	0
Q22949	O45293	0
P34264	P41941	0
P91353	O17645	0
Q09450	O17583	0
P53588	O18209	0
Q19766	P34605	0
Q18090	Q21444	0
Q22347	O17583	0
Q09544	O18209	0
P30429	P34605	0
O17850	Q21444	0
Q94126	O45293	0
Q17345	P41941	0
O45952	O17645	0
P34420	O17583	0
Q10661	O18209	0
Q9XVZ8	P34605	0
Q18195	Q21444	0
Q27484	O45293	0
Q10453	P41941	0
Q9U281	O17645	0
Q27532	O17583	0
Q09589	O18209	0
Q9U297	P34605	0
P49029	Q21444	0
Q9N4Q7	O45293	0
O02115	P41941	0
Q17381	O17645	0
Q20845	O17583	0
Q10051	P34605	0
P34369	Q21444	0
Q18919	O45293	0
Q19537	P41941	0
Q19826	O17645	0
Q9XVT0	O17583	0
Q23120	O18209	0
Q09511	P34605	0
Q18409	Q21444	0
Q18786	O45293	0
Q965H3	P41941	0
P34619	O17645	0
Q18240	O17583	0
Q9TZ93	O18209	0
P41848	P34605	0
P32085	Q21444	0
