Q15172	P12487	0
Q92621	P05868	1
Q9BT04	P12506	0
Q00796	P05858	0
P35523	P12516	0
Q4W5G0	Q9YWB6	0
Q8IZF4	P04593	0
Q01628	P35965	0
P68032	P19552	0
O14581	P04582	0
Q8IZF4	P12516	0
O43561	P08805	0
Q96PC2	P05907	0
Q9NS98	P12519	0
Q7Z698	Q72500	0
Q9NWF9	P24739	0
P19397	P05949	0
O95070	P05871	0
O43432	P05949	0
Q8TD90	P31872	0
Q16853	O89940	0
Q9NXF8	P20879	0
Q9BVN2	P18045	0
Q8IY50	P18800	0
Q5VW38	P05907	0
Q6PEY0	Q79791	0
Q5TAA0	P03349	0
P59666	P03378	1
Q96BT7	P12490	0
P60321	P12497-PRO_0000042399	0
Q7Z5V6	P08803	0
Q6PIL6	P18800	0
Q86SG6	P04589	0
Q9NRP7	P05877	0
Q9BVL2	Q70625	1
Q8NFH4	P12485	1
P05162	P35962	0
Q8NFK1	P12499	0
Q0ZGT2	P05950	0
Q99567	P03366	1
Q9UQC9	P08804	0
P43487	P05866	1
Q96SZ5	P04624	0
Q8NFH3	P24739	1
O94760	Q1H8S9	0
Q9P0S9	P08803	0
Q6P2H3	P05865	0
Q9NSD7	P18805	0
Q8N393	P12490	0
Q8NCG5	Q9WIP8	0
Q96DX5	P12519	0
O95782	P20867	1
P43360	P04587	0
Q15916	P03366-PRO_0000042285	0
Q9H4Y5	P05956	0
Q96RB7	P12479	0
Q9NW97	P04609	0
Q5T7P6	O12160	0
Q16557	P04587	0
P51168	P05949	0
Q9BVL2	Q9QPN3	0
Q9ULP0	P04589	0
P41146	P03366-PRO_0000042285	0
O43704	P20871	0
Q7Z3Z4	P69726	0
A6NI61	P04583	0
Q8TC21	P05888	0
Q99567	P05923	1
P0CG48	P69723	1
Q9UKA8	Q9YYH6	0
Q3LI67	P89582	0
P16591	P04598	0
Q9BW27	P12495	1
Q15464	P20882	0
O75663	P18801	0
Q92782	Q76129	0
P29322	P05955	0
Q8WWB5	P12497	0
Q9UBF9	P20869	0
O60287	Q9WPU2	0
Q8IX21	P05859	0
Q9Y271	P12497	0
Q8WY41	P03367	0
Q99435	P04585	0
P54709	P05924	0
Q9H2A9	Q76129	0
P33241	P20875	0
Q9P2J9	P04621	0
Q8N8R7	P04597	0
O75473	P05880	0
P33897	P24741	0
O43405	P04580	0
P60602	P04614	0
Q86UK0	P12491	0
P0DI83	P05888	0
Q7RTS3	P08807	0
Q49A26	P12498	0
P15121	P04616	0
Q8NFT6	P05858	0
Q13617	P20886	0
P35658	P05925	1
Q8WXX5	P08808	0
Q14CX7	Q9IDV3	0
Q9BVL2	P12498	1
Q9NYV9	P20871	0
Q3MJ40	P05855	0
Q9NPB8	P88761	0
Q14314	P20886	0
Q7Z429	P12497-PRO_0000042399	0
Q9BZF3	P04325	0
Q96D05	P04612	0
Q9H1C3	B0FAM1	1
Q8NGA5	P12485	0
Q86SG7	Q9WIP8	0
Q01064	Q9YYU8	0
Q6UWN8	Q70AA1	0
A6NHY6	P04578-PRO_0000038427	0
Q10586	P08806	0
P59095	P04622	0
P49792	P19554	1
Q96K49	P05927	0
Q9UKP3	P05856	0
O43612	P04593	0
Q15306	P08805	0
P00740	P04579	0
Q8NFH3	P05925	1
O14668	P05854	0
Q9C0F0	P05928	0
Q8N2F6	P20875	0
Q9P013	P05870	0
Q9UHG0	P05960	0
O00629	B9A2Q4	1
Q5VZQ5	P05900	0
Q16854	P19546	0
P12270	P20873	1
O43861	P04584	0
Q9BWG4	O90156	0
Q15370	P05899	1
Q15007	P18802	0
P51810	P03377-PRO_0000038388	0
Q8NA75	P24737	0
P19099	O73199	0
O75475	P05921	1
Q92556	P08806	0
Q9UQB3	P05947	0
O95395	Q9YYU8	0
Q9BS34	P20873	0
Q8N4B1	P19550	0
Q8NGE2	P05950	0
P15927	Q49DS8	0
Q8NCM8	P04584-PRO_0000042547	0
Q5T4W7	P88761	0
Q96A54	P04324	0
Q16690	P05871	0
Q9HCE1	P35959	0
P36894	Q9YWB6	0
P37288	P19555	0
P52747	Q9YYH6	0
E9PI22	P19554	0
Q9Y3Z3	P18099	1
Q7Z5L9	P08805	0
Q8WXF5	P04582	0
Q9UIS9	P03367	0
P25105	O89940	0
O15265	P05908	0
O75628	P69699	0
B3GLJ2	Q90VU7	0
P01860	P12491	0
Q96PT4	P03348	0
Q01658	Q70623	0
Q4W5N1	P35965	0
Q9UIA9	Q77YG1	0
P06241	P20867	1
Q96DC7	P20879	0
Q7Z5H4	Q9QPN3	0
P22607	P20869	0
P51681	P05865	1
A8MWA4	P12503	0
P55082	P05898	0
Q9H340	Q70145	0
O75475	P08803	1
Q9H672	Q9Q2G4	0
Q13424	P20869	0
P02689	A0A0U5B5J2	0
Q71U36	P04590-PRO_0000038615	0
Q9Y2T7	O11918	0
O15504	Q70622	1
Q13349	A0ZUT1	0
A8MWD9	P18095	0
Q8NEA6	O73199	0
Q9NXA8	P12520	0
Q9BZW4	P03406	0
Q9UJ68	A0A891	0
Q8NDL9	P05905	0
H0YL09	P12516	0
O75106	P04586	0
A2RUG3	Q9IF21	0
Q6KC79	P04618	1
P02792	Q70XD7	0
O14647	P35962	0
Q9H0W7	P04621	0
P0CH98	P19546	0
P53805	P05870	0
P12074	P05871	0
P41162	P12516	0
P23368	P35960	0
Q9NQ25	P19550	0
Q9Y548	P05900	0
P19532	P20887	0
P13987	Q71B33	1
P48681	P05898	0
A6NDY2	A0EXJ0	0
Q8NGY2	P04593	0
A6NCI5	P05877	0
Q9HB90	P89582	0
Q8TD90	P05927	0
O95843	P04601	0
Q6GPI1	P24737	0
P56159	P04598	0
Q9Y6L7	P24740	0
Q9HBH7	P12497	0
Q9H7X0	P05949	0
P40933	P05865	0
Q8NEA4	P03404	0
Q8TEV8	Q9WC62	0
Q9UIB8	P04587	0
Q70J99	Q72547	0
O96015	P18801	0
Q2MKA7	P04578	0
Q9HCI6	P04586	0
Q5JTB6	P12489	0
Q9NP61	P05870	0
Q9BSL1	P20887	0
Q6VUC0	P04589	0
Q9Y4R7	Q03806	0
Q9GZU1	Q9WC62	0
Q9H1E3	Q8JDI3	0
A8MT19	P04578-PRO_0000038427	0
Q13630	P05869	0
O94955	P04578-PRO_0000038427	0
P04439	P03407	1
Q04609	P04618	0
P78371	B0FAM1	0
Q8NH90	P05888	0
C9JR72	P05921	0
Q96CB5	P35961	0
Q8N720	P12478	0
Q8IV61	P04582	0
Q9UNT1	P12490	0
P17026	Q9QPN3	0
Q5CZA5	P05908	0
Q96A84	Q72497	0
Q9NSA2	P04583	0
P01730	P05857	1
O00746	P18099	0
O00321	P20879	0
Q8NG41	P03367	0
P49454	Q72874	0
Q15393	P04608	1
Q8NB14	P05867	0
Q9Y664	P05899	0
O95613	P88761	0
Q93074	P05952	0
P33076	Q72497	0
Q8NFH3	P18805	1
Q8NHR7	P04584-PRO_0000042547	0
Q9GZM6	P35966	0
P43652	P12503	0
Q8NGV6	P03349	0
Q9UIH9	P04611	0
Q14149	Q71B31	0
Q5VZ03	P05855	0
Q15746	A0EXJ3	0
Q9Y6N6	P03377	0
Q8N690	Q9WB91	0
P56537	B3UES2	0
Q99944	O90156	0
Q5FBB7	A0A0U5B5J2	0
P20963	P03406	1
Q7L273	P88585	0
Q92617	P31872	0
Q99961	P20893	0
Q8IV33	P04612	0
P01730	P04589	1
P41594	Q72499	0
Q96NJ1	P04601	0
P0DKB6	P12517	0
Q6ZNC4	P20882	0
Q8WWC4	P20893	0
Q96DX5	Q1H8S9	0
Q9ULV4	P12495	0
Q2VPB7	P05857	0
P14672	P03404	0
P63173	P05865	0
P55058	P03375	0
P43166	P19550	0
Q8WWR9	P03349	0
Q99958	P03347	0
Q6DWJ6	P05888	0
Q8TDD1	Q75760	0
Q9NYS0	P19551	0
Q9BXA5	P04588	0
Q96KJ4	P12499	0
P03973	P20890	0
Q8N8Z3	P04596	0
O75952	Q9Q723	0
Q7L211	Q72874	0
Q9BY71	P05877	0
Q6UWY0	P04608	0
Q9H4B7	Q6JN72	0
Q9Y5F9	Q70622	0
A6NDS4	P18095	0
Q309B1	A0ZUT1	0
Q6NZ67	Q994M8	0
Q9BYR8	P05856	0
P50993	P12495	0
Q8NI60	P08806	0
Q8TE68	P19554	0
Q96B45	P05887	0
Q06643	P05855	0
Q08477	P04582	0
Q1ZZU3	P35961	0
Q8WY91	P04602	0
Q9UBC5	A0EXJ2	0
P55160	Q8JDI3	0
Q14525	P04578	0
Q8IZ02	Q0ED31	0
Q6NS38	P05947	0
Q96NH3	Q1PHM6	0
Q7Z3E1	Q70627	0
Q96HA7	P12487	0
Q5RIA9	P05924	0
P30989	P20875	0
Q6ZVU0	P04581	0
Q9NQV7	Q77378	0
Q9NQ48	P03366-PRO_0000042285	0
P13647	P05866	0
Q9P0V9	P05856	0
Q6ZV89	P05854	0
Q9H9L4	P05948	0
P17096	P04616	1
P99999	P12519	1
O95965	P20879	0
Q8TES7	O73199	0
Q99684	Q9IF21	0
Q6ZMV9	P04585	0
P0C024	Q72874	0
Q96L46	P05952	0
P61575	Q2N0S6	0
O15432	O11918	0
Q6UWL6	Q9WC62	0
Q15544	P19550	0
P35453	P05866	0
Q13310	P04594	0
Q15024	P04620	1
Q9H2K0	O41790	0
P12956	P05866	1
P61457	P04604	0
O15085	P20875	0
Q9BRU9	Q1PHM6	0
Q6ZMT4	P05877	0
Q9P298	P04612	0
A0A0B4J245	P04326	0
Q9UM07	P05889	0
Q9NWT1	P05888	0
P51681	P20892	1
Q9H6S1	P20887	0
Q8N8E1	P20873	0
Q9Y3X0	Q72499	0
Q9NPU4	A0ESL8	0
Q9NYF0	P04586	0
Q93099	P20893	0
Q9UJG1	P03375	0
Q8TDN2	P04598	0
P01213	P12503	0
O00321	P05921	0
Q7Z3H0	Q70624	0
Q9H195	P05877	0
Q9Y691	P03349	0
Q9P0T0	A0EXJ3	0
Q93033	O12161	0
Q2NKJ3	P04601	0
Q9C0B1	P04608	0
Q9UBB6	P05877	0
Q13586	P05955	0
Q8NGC0	Q9WC62	0
P05141	P05950	1
P51449	P12519	0
Q9BQQ3	P35967	0
Q04912	O12160	0
P81605	P05959	0
Q8WTR7	P05908	0
P54315	P18094	0
Q9NZV7	Q77YG1	0
Q9NZV1	P04584	0
Q9ULU8	P04580	0
Q9BW72	P05921	0
Q6UW88	Q9YYH6	0
P83731	P20890	0
P78406	P08804	1
Q9BQG0	P12495	0
Q6ZVZ8	Q75760	0
Q9HBI6	P04601	0
Q9HAU5	P12494	0
Q9HBH9	P35960	0
Q92914	P12506	0
A0A1B0GUC4	P12483	0
Q9Y2C2	P04594	0
A2RUT3	P04588	0
P59665	P04581	1
Q6NYC1	P04592	0
Q8TEQ8	Q70623	0
Q7Z4W2	Q1H8S9	0
P11473	P12483	0
Q9UBT7	P20890	0
P08686	Q9QPN3	0
Q9NX63	P20879	0
Q9H204	P05882	0
O75475	P18805	1
O75531	P12518	1
B3KU38	P05868	0
Q96C28	Q9YYH6	0
Q9H2C0	P03402	0
Q8N766	Q2HZL0	0
Q13616	P03348	0
Q5CZA5	P04596	0
Q92759	P04612	1
Q01668	P05960	0
P54829	P04590	0
Q6BDI9	A0A0U5B5J2	0
P12270	P20892	1
Q8NHB1	A0EXJ2	0
Q9BXW7	P20875	0
Q9UM07	P12485	0
O75192	P05919	0
P51659	P05950	0
O15194	P20875	0
P63000	P19545	1
Q6UXE8	P04596	0
P27695	P05855	0
Q9BZJ7	P35962	0
Q92989	P19548	0
P49257	B0FAM1	1
P61571	P20887	0
Q9NRH2	P12498	0
Q99788	P12520	0
Q13023	P04604	0
A6QL63	P20887	0
P55259	P05859	0
Q6ZRG5	P04578-PRO_0000038427	0
P56975	P05925	0
O75056	P20890	0
P20645	P04610	0
Q92733	P69697	0
Q96EE3	P20883	1
Q8TEM1	P04622	1
Q9P2Z0	P05857	0
Q8WV37	P05907	0
Q86XN7	P05921	0
Q3B8N5	A0EXJ1	0
Q4LDG9	P05857	0
Q8WUK0	P04325	0
Q9P2U7	P03347	0
Q6NVV7	P05907	0
Q8N488	P04590	0
Q5T7B8	P31872	0
A5PKW4	P20879	0
Q9UKE5	Q9Q723	0
Q8WWU7	P05960	0
A0A1B0GVR7	Q9WIP8	0
O14925	Q72547	0
Q969S9	P35963	0
O60829	B0FAM1	0
Q12772	Q90VU7	0
Q96S52	Q9QPN3	0
Q14994	P04596	0
Q8N8Y2	P12479	0
P26022	O11918	0
P24278	P19546	0
Q15819	P05882	0
Q9C0C9	Q70627	0
Q8IUQ0	P88585	0
Q9UK12	Q1PHM6	0
Q8NEJ9	P05905	0
Q6NVH7	Q70622	0
Q6ZVS7	P03366-PRO_0000042285	0
Q8NHL6	P35964	0
Q8WW24	Q9YV12	0
Q14974	P04621	1
Q8NG48	P12498	0
A6NG13	Q2N0S5	0
Q9NSA1	P05925	0
P42224	P05898	0
Q9H222	P12515	0
P48595	P08803	0
P30304	P04325	0
P68036	P18095	0
Q8N8J7	P05960	0
Q9NWW5	P08807	0
Q9Y4P8	P24737	0
P29376	P24740	0
Q86XG9	P12515	0
Q86UP9	P12497-PRO_0000042399	0
A8MPX8	P04591-PRO_0000038593	0
Q9H4I8	P05856	0
Q12834	O40177	0
Q8N1T3	P04581	0
P69849	P18099	0
Q5T0L3	P04591-PRO_0000038598	0
Q8N9S9	P04584-PRO_0000042547	0
Q9BVL2	P05900	1
P60484	P04608	1
Q16890	P20887	0
A0A087WSZ9	Q03806	0
Q8WXA9	P20891	0
Q93079	P04620	1
P49790	Q70624	1
P68106	P03348	0
Q8N944	P19545	0
Q9HCM7	P05955	0
Q8N1V8	Q2N0S6	0
B2RXH2	P12519	0
Q5T230	P35963	0
Q8N1S5	P35966	0
Q8NGT0	P35960	0
Q7Z6J2	P18806	0
Q5H8C1	P04325	0
O43924	P20889	0
O95563	P19553	0
Q13546	P19546	0
Q9H147	P24741	0
Q7L945	P12485	0
P48066	Q306M3	0
P59646	P05869	0
Q9H6U8	P03369	0
Q969H0	P05905	0
Q96B33	P08806	0
Q7Z6M3	P35959	0
O75165	P19549	0
Q96MY7	Q70626	0
Q969M7	Q9WC62	0
Q8N9A8	Q9IF21	0
Q6IPR3	Q993A8	0
Q9BYP8	Q77YG1	0
Q9NP92	P05905	0
O15127	Q2HZL0	0
Q8TB61	P18097	0
A6NCN2	Q993A8	0
Q99653	Q70XD7	0
A0A1B0GVH7	P20883	0
Q9H6X2	P20872	0
Q9NS66	P05871	0
C9JSJ3	P03378	0
Q6EEV6	P03347	0
Q14118	Q8Q7Z9	0
Q7Z4S9	Q9IF21	0
Q6VAB6	Q994M8	0
P0DKL9	P05865	0
P35372	P05899	0
P12544	Q9YV12	0
Q9BQG1	O89940	0
Q9Y4A9	A9PKC6	0
Q8IVP9	P04590	0
Q8WZA6	P04620	0
Q96MN5	O73199	0
Q05BQ5	P04622	0
Q9Y3L3	P12498	0
O75110	Q1KW74	0
P53779	P04324	0
Q9HC35	Q993A8	0
P12643	P12520	0
Q63ZY6	P12497	0
O14524	P05921	0
P42785	P69726	0
Q96KD3	P05858	0
Q9NUS5	P04585	0
Q32MH5	P12506	0
P19320	Q9YV12	0
Q8NGF9	P04594	0
Q9C0B2	P04591-PRO_0000038598	0
P10155	P12497-PRO_0000042402	0
P05937	P04584-PRO_0000042547	0
Q9NS87	P24737	0
Q5SRI9	P05948	0
Q5MY95	P18802	0
Q86XP1	Q73372	0
Q9BTA0	P04581	0
Q9BYJ9	Q9Q723	0
Q8N328	P04599	0
Q15084	P24741	0
Q75N03	Q70AA1	0
P60673	P05868	0
O15195	P04594	0
Q3SX64	P05956	0
Q15067	P04612	0
O15523	P03378	0
A0A1W2PR19	P05924	0
P26367	P05951	0
Q6IF99	O70903	0
O43711	P20892	0
O75694	Q70623	1
P00491	P04588	0
P01574	Q70622	0
P12319	Q1KW74	0
Q13635	P19549	0
A0A075B6K6	P19553	0
Q96R09	P05907	0
Q3LI73	O12160	0
P55285	P05907	0
Q86Y56	P12488	0
Q9UJY5	P04621	0
O43719	A0EXJ0	0
E9KL30	P04591-PRO_0000038593	0
P04439	P05854	1
Q6ZRN7	P19545	0
P59543	P05952	0
Q8N9P0	P05923	0
Q8IYM2	P12493	0
P29803	A0EXJ2	0
P08582	P04594	0
Q5VTE0	P03348	0
P15559	P19547	0
P54750	P12489	0
Q9Y6Q5	P04604	1
Q9UPW8	P12503	0
Q14032	Q70624	0
O75069	P12517	0
P10966	P35959	1
P12956	P03369	1
O75475	P12518	1
Q58G82	P04589	0
Q9NRY2	Q9IDV3	0
Q71V99	Q71B33	1
Q5DX21	O73199	0
P04280	Q76129	0
O75150	A0A891	0
Q7Z398	P05928	0
Q6S8J3	P69726	0
Q9HCU5	Q9Q2G4	0
O75884	P20892	0
Q6ZT12	Q900A7	0
C9JDV5	P12516	0
Q9P218	P69726	0
Q8N7C4	Q6JN72	0
Q13616	P35964	0
Q9BTW9	Q71B31	0
O75694	P12518	1
Q12769	P12497	1
Q969R5	P20875	0
Q13296	P18800	0
O43292	P05856	0
P52294	P05951	1
O43747	P04324	1
P37198	P05870	1
Q9UNM6	Q77YG0	1
Q96HA1	P05951	1
P30838	P04583	0
P0C7P4	P12493	0
Q9C073	P12499	0
Q9BSN7	P08806	0
Q8IYT4	A9PKC6	0
O76038	P19552	0
Q92935	P20888	0
Q9BYQ7	P05865	0
Q86UV7	A0ZUT1	0
Q8TBP5	Q73372	0
P28065	P04602	0
Q9Y5R6	P05899	0
Q30154	P04603	0
Q56P03	P03367	0
Q16048	P12491	0
Q96AJ9	A0ESL8	0
P49590	O73199	1
P14373	P03348	0
Q9Y485	P04616	0
Q9H967	P04325	0
Q6UW60	P35963	0
Q6ZRP0	A0A0U5B5J2	0
P10243	P05959	0
I1YAP6	P12488	0
P56750	P04585	0
Q9Y242	P05868	0
Q14BN4	P05859	0
Q9Y3T9	P20893	0
Q9NPL8	P04609	0
Q99944	P12494	0
Q2TAZ0	P03407	0
Q9BXW3	P05923	0
Q7Z398	P20882	0
Q6P0N0	P03367	0
Q8WXG6	P08807	0
Q9C005	P05927	0
Q9ULN7	P35967	0
Q6ZN11	A0ESL8	0
P61073	P05950	1
Q6T310	P04580	0
O15217	Q9IF21	0
Q9H9Q2	Q70145	0
Q8N1G4	P18092	0
Q8TD91	Q2N0S6	0
P41226	P04589	0
P20337	Q9IDV3	0
Q7Z692	P19554	0
Q76KD6	P69723	0
Q9UJK0	P12517	0
Q01844	P03375	0
P52294	P19548	1
P60660	P08803	0
Q14129	P04611	0
Q16772	P20873	0
P07919	P05907	0
Q9BWT3	P04578	0
P52294	P05869	1
Q5MJ08	Q9Q723	0
O94941	Q9IDV3	0
Q5JXX7	P20872	0
O75820	P03347	0
Q96MG2	P03377-PRO_0000038388	0
Q9BZP3	Q49DS8	0
Q12899	P04603	0
O94907	Q2N0S6	0
A6NE02	P05955	0
Q7Z3B4	P04592	1
O60809	Q2HZL0	0
P35716	P12499	0
P35658	Q70623	1
Q9Y5E9	P03375	0
P59045	A0A891	0
B7Z368	P24740	0
Q9P0T4	P88761	0
A6NEC2	P20872	0
P01270	P88761	0
P30260	P35965	0
P62879	P04587	0
P82094	P19550	0
Q8WWP7	P05955	0
Q32MZ4	P04621	0
Q9BVK2	Q9YXY3	0
Q8NCW0	Q9IDV3	0
Q96BT3	P12498	0
O94777	P05952	0
P27144	P35962	0
P38117	Q1PHM6	0
Q58DX5	P19550	0
Q149N8	P12515	0
Q495Y7	Q9YXY3	0
A8MQB3	B9A2Q4	0
Q9H4I8	Q76129	0
P81605	P20889	0
Q9H0N5	P18095	0
Q9UBK9	Q72500	0
Q9UJ37	P12518	0
O75508	P04614	0
P15735	Q6JN72	0
P02462	P12519	0
P08069	P04583	0
Q9H6U8	Q2HZL0	0
P08218	P03367	0
O00764	P20879	0
P56704	P12497-PRO_0000042402	0
O00175	P05919	0
Q96AQ8	P03407	0
Q8NBI2	Q49DS8	0
P31146	P18803	0
Q6E213	P04597	0
Q9BZE7	P05900	0
Q12962	P05959	0
Q5VYY1	O89293	0
Q5T5U3	P08808	0
Q8NG68	P18092	0
Q9Y5X9	P20893	0
Q8WUM0	P12494	1
Q53HV7	A9PKC6	0
Q8N326	P20887	0
Q9UKZ4	O12160	0
Q96N96	P05898	0
Q14807	Q79791	0
Q8N6I1	P04621	0
Q5FWF5	P08803	0
O14880	O41790	0
A0A0C4DH72	P03377	0
P04279	P08807	0
Q8N8Q3	Q9YYH6	0
O14972	P04326	0
Q92538	P03377	0
Q9Y5L3	P04325	0
Q9P298	Q993A8	0
Q9Y6R4	P20883	0
O75592	Q72874	0
Q8N5D0	Q79791	0
Q14596	P12503	0
Q15853	P05866	0
Q8N3T6	P12519	0
Q2M3R5	O89940	0
Q9UNY5	P03375	0
Q9Y3Q4	P12497-PRO_0000042402	0
Q58F21	P69697	0
Q6ZW76	P03349	0
Q15054	P04619	0
P49792	P12503	1
O00750	P31819	0
O75935	P05856	0
Q5VWM5	P04588	0
Q8NE79	P20875	0
Q8TD30	Q90VU7	0
A6NKF7	P03378	0
Q15915	P08805	0
Q9HD90	P04591-PRO_0000038598	0
Q9HBJ8	Q72547	0
Q6UXK2	P12497-PRO_0000042399	0
Q49AH0	P69726	0
O75879	P04622	0
P49459	P20883	0
O15195	P04579	0
O75475	P04596	1
A6NCF6	Q0ED31	0
Q96AH0	P03377	0
Q8N9S9	P35959	0
Q0ZGT2	O73199	0
Q53GQ0	P04604	0
Q9H3H9	P24736	0
Q13686	P04623	0
O95067	P19551	0
P50052	P04620	0
Q99471	O73199	0
Q68DU8	P18095	0
Q9H063	P19552	0
P61163	P35960	0
O95503	P12498	0
Q6UWD8	P05869	0
O60583	P05905	1
Q8NGZ6	P12503	0
Q9H6Y2	P19555	0
P33076	P18799	0
O14604	P04582	0
Q9HCL0	P04597	0
P13797	P24736	0
Q9Y5S1	Q71B31	0
Q8NA70	O12160	0
Q5MJ07	P12490	0
Q8IVW1	P12484	0
Q13487	Q900A7	0
Q6R6M4	P04623	0
Q58A45	Q70AA1	0
A6NNE9	P04604	0
P55199	P04612	1
Q13009	P04584	0
Q9UPY5	P12479	0
Q6ZRI8	P31820	0
Q13418	B0FAM1	0
Q6Y288	P03348	0
Q15761	P05919	0
Q5JUX0	O40177	0
O15084	Q9Q723	0
Q9Y673	P20886	0
Q8WWG1	P35965	0
Q8N7S2	P04592	0
Q96KX0	Q79791	0
P12270	P04616	1
Q6UWK7	P12479	0
Q6A163	P19551	0
Q02161	O12160	0
Q8WZ75	P18092	0
Q9UGI0	P05871	0
Q9GZY0	P08803	0
Q9NX01	P04591-PRO_0000038593	0
O95870	Q1KW74	0
Q70CQ4	P12488	0
P04792	P03377	0
P23381	P05900	0
Q9NYI0	Q9YWB6	0
Q9NXL6	P04596	0
Q6UW88	P12488	0
P55008	Q70AA1	0
Q9BW66	P12495	0
Q96DU9	Q2N0S5	0
P10073	Q9WPU2	0
P60369	P18099	0
Q14916	P35965	0
O43307	A0EXJ0	0
Q5TA76	P08804	0
Q6IEG0	Q77YF9	0
Q07890	P05900	0
Q9BVG4	P12497	0
Q9BSI4	P20891	0
Q8WWT9	P18803	0
Q00839	Q9YYU8	0
A0A1B0GVG4	P05899	0
Q8N8A8	Q76129	0
O14513	P20886	0
Q8NH76	P20879	0
Q2TB10	P20872	0
Q5JRX3	P12515	0
Q16665	P20871	0
Q99814	Q1PHM6	0
Q96A25	P04580	0
A6NN06	P18094	0
Q9BUA6	P19551	0
Q9UKM9	P20877	0
P26641	P03347	0
Q15726	A0A891	0
Q14534	Q90VU7	0
O95999	P08804	0
Q8TB45	Q72547	0
Q96CH1	P04325	0
Q00888	P04597	0
Q9BYR7	P35961	0
P20815	Q9YV12	0
Q5EBM0	P05906	0
A6NH52	P19545	0
P30953	Q8JDI3	0
Q9NSB2	P35959	0
P22681	Q76129	0
P45880	P18805	0
P35754	P04591-PRO_0000038598	0
Q9HAC8	P05928	0
P0C2L3	P24741	0
O60810	P24740	0
O43681	P05960	0
Q12906	Q73372	0
P17038	P18802	0
P40145	P04619	0
Q7RTT6	P18803	0
Q86VQ3	P03378	0
Q15046	P04580	0
P0CG47	P12503	1
P12270	P12497	1
P15260	P04596	0
Q9Y5B0	P04611	1
P25067	P05908	0
Q9UJZ1	P05908	0
B2RV13	P12506	0
Q6PCB8	P69726	0
Q9NYW3	Q9WIP8	0
Q6ZMR5	P19549	0
Q9UM54	P05877	0
P61225	P08808	0
Q5TZJ5	P12506	0
P28223	P20877	0
Q14541	O12160	0
O43824	P05950	0
Q8NEG4	P31872	0
Q6UX07	Q9YWB6	0
P57721	P69699	0
Q9Y6X0	P20893	0
Q15904	P05948	0
Q8NFH4	P05954	1
Q8IVM0	P18800	0
P07327	P03369	0
A8MYB1	P24737	0
Q9BXC0	Q900A7	0
Q96QD9	O70903	0
Q9H7D0	Q70AA1	0
Q9NQ66	P69697	0
Q9H2S1	P69699	0
Q8WVL7	P04624	0
Q96AB6	Q8JDI3	0
Q8N983	P18801	0
Q9BVM2	P18097	0
P13196	Q72497	0
Q9Y6G9	Q77YF9	1
Q13232	O12161	0
P48047	O73199	0
O43719	P04608	1
P52566	P04604	0
Q96BT1	P04623	0
P02795	Q76129	0
O60683	Q76129	0
Q9Y5M6	P04621	0
Q9BQ87	Q70627	0
P04733	P20869	0
P01704	P24741	0
Q9NS26	P05952	0
Q8NGS8	O73199	0
P13164	Q77YF9	0
P82663	A0EXJ1	0
Q13033	P35962	0
Q573B4	O12160	0
Q8WUM0	P18805	1
Q6ICL7	P20888	0
O43684	P69723	0
Q96PY0	P08803	0
P33151	Q2HZL0	0
O95471	P20873	0
P30405	P05923	0
P52298	P04612	1
Q7LBE3	Q77378	0
O60218	Q73372	0
Q7Z6K1	P19554	0
Q8NF67	P04590-PRO_0000038615	0
B2RPK0	Q49DS8	0
Q96J87	P18092	0
Q56P42	P04326	0
P12270	P04596	1
O95470	O41790	0
Q9UNK4	P04613	0
P78410	A9PKC6	0
Q9H205	P04582	0
Q27J81	P04623	0
Q6AHZ1	Q2N0S6	0
O60551	P12519	0
Q674X7	P88585	0
Q9BYZ2	P35965	0
O00628	P05919	0
Q8TDP1	P12517	0
Q99816	P04591-PRO_0000038598	1
Q01954	O40177	0
P22362	P05868	0
O95171	P04588	0
P62987	P08807	1
P14780	P04623	0
P62805	P04608	1
P0DMS8	P12483	0
P52294	P04620	1
Q86VL0	P04608	1
Q99592	P04596	0
Q96PB7	P69726	0
Q8N5Y2	P12485	0
A6NJB7	P12497	0
Q9HBG4	P12497-PRO_0000042399	0
O75346	P18800	0
Q96KJ4	P31820	0
P21695	P20869	0
P35913	P04610	0
Q9NUQ3	P05899	0
O95944	P04582	0
Q9BZH6	P12519	0
Q8NGH8	P05960	0
P0DMN0	P88761	0
Q9UNZ5	P08805	0
Q71U36	P69726	0
P48065	P04324	0
Q6Q788	P35959	0
P02745	Q71B31	0
O75683	P12519	0
Q9NX00	P12515	0
Q9H607	P05871	0
A0A1B0GU29	P05882	0
P62937	P20883	1
Q9Y5W9	Q9YV12	0
Q16626	P18799	0
Q8WYQ5	P05857	0
Q9H6U8	P19555	0
Q6P9F5	P05866	0
P85037	P04586	0
P10768	Q9WC62	0
Q9BY15	B9A2Q4	0
A6NN73	P12518	0
Q8NGF4	Q70626	0
Q53GL7	Q9YXY3	0
Q9Y5F2	P05924	0
O15123	P08808	0
Q8IWW6	P12495	0
Q14914	P19550	0
Q7Z739	P12488	0
Q7LBE3	P05899	0
Q3ZCM7	P05867	0
Q02338	P31872	0
P26640	P04579	0
P04921	P12490	0
Q08722	P04613	0
Q15404	P04590	0
Q8N7C7	Q1PHM6	0
A6NDR6	O11918	0
P05543	P18803	0
Q6NYC8	P20892	0
Q9Y2J8	P04584	0
P49798	P04624	0
Q9UKE5	Q72497	0
Q8IZC4	P08804	0
P35452	Q72874	0
Q96FG2	P69726	0
O43581	P04604	0
O00587	P12485	0
Q99567	P08804	1
O75037	Q77YF8	1
Q8N1F7	P04585	1
P43155	P20877	0
Q9H444	P03406	0
Q07020	Q79791	0
P41161	Q70623	0
Q9H334	P04594	0
P09417	P12491	0
Q9HC16	P05866	1
Q7Z7L7	Q1KW74	0
O00592	P12489	0
Q5M8T2	Q306M3	0
Q6P161	P12493	0
Q86SJ6	P20887	0
Q92918	P05954	0
Q32Q52	Q70145	0
Q15084	P04585	1
O75311	P04601	0
Q15546	P04610	0
P62937	P24739	1
Q02410	Q9Q2G4	0
E9PQR5	P35964	0
P15621	P04578	0
Q9H792	Q70AA1	0
P51659	P05959	0
Q9H920	P04578	0
P07910	P04620	1
Q9BY60	P31820	0
Q6ICI0	P04599	0
P28336	P12497-PRO_0000042402	0
Q53HI1	P12497-PRO_0000042399	0
O43688	Q70XD7	0
O43314	Q72500	0
P43146	P12504	0
Q8TAQ9	P19545	0
Q8TCX1	P04601	0
Q9BWC9	P03377	0
Q8NAJ2	P04619	0
Q86TV6	P35961	0
Q9BW27	P20883	1
O43617	P03367	0
Q9BXQ6	P12515	0
Q8TB92	P04613	0
Q14974	P05868	1
Q8IV01	Q994M8	0
Q9H992	P03366	0
C9JFL3	P03366-PRO_0000042285	0
P52294	P05867	1
Q92819	P05872	0
Q15021	P05869	0
A0A075B6N3	P19545	0
P43361	P04609	0
P18825	P04604	0
P43003	P05899	0
Q538Z0	P31819	0
Q9UHX1	Q70622	0
Q9H0C2	P04604	0
Q8NH05	Q77YG1	0
Q8IYD8	P03377-PRO_0000038388	0
Q86YB7	P24738	0
Q96DX7	Q1KW74	0
P80217	Q2N0S5	0
P00750	P31872	0
P17096	P69723	1
Q8IZD9	P05868	0
P50549	Q9WC62	0
O15084	P04594	0
Q96CT7	P12517	0
Q8N3P4	P04601	0
P13010	P19548	1
Q6NUJ2	P05907	0
P81277	P35962	0
Q9ULZ3	P03377	0
Q6ZTZ1	P04603	0
P19971	Q70625	0
I3L1E1	P19549	0
Q6ZUL3	P24739	0
Q5VSP4	P05898	0
Q86WK9	P19555	0
Q8N8P6	A0EXJ2	0
P15259	P05925	0
Q30KQ7	P08803	0
A8K276	Q76129	0
A4D256	Q9IDV3	0
Q9BUL9	P04589	0
Q9BSI4	A0EXJ2	0
P0DMU9	B3UES2	0
P49790	P12519	1
Q13425	O11918	0
Q9H9L4	P05866	0
Q8NGN8	P69726	0
Q32MQ0	P04590-PRO_0000038615	0
Q6HA08	P04585	0
Q8IYH5	A0ZUT1	0
P14923	P05868	0
Q9UPI3	P03369	0
Q96MD2	Q6JN72	0
P0CJ92	P03378	0
P14416	P18801	0
Q16629	P20893	0
Q5U5J2	P12498	0
Q9NWB1	P05867	0
P28221	P35959	0
P51522	P05900	0
P61218	P04581	0
P62699	P18097	0
P46783	Q994M8	0
P18846	P20892	0
P20648	P04623	0
O14627	O12161	0
Q9H3Q3	P12516	0
Q92945	O70903	0
Q9UID3	P69723	0
A0A075B6S2	P24741	0
Q496J9	Q9YYH6	0
P43363	Q994M8	0
O15480	A9PKC6	0
Q9Y6C2	G9HS63	0
P00325	P19547	0
Q68CP4	P05872	0
P07477	Q9IDV3	0
Q96JA1	P04603	0
Q96HA1	P04618	1
A6NLI5	B3UES2	0
Q8N2I9	P03375	0
Q9UPR6	P12497	0
P07738	P04608	0
Q9GZP7	Q77YG1	0
O60437	Q70622	0
Q9P2C4	P05951	0
P60893	P05948	0
P10747	P03406	1
Q8N910	Q70145	0
P08631	A0ESL8	1
Q8NCW0	P12519	0
Q9H9P5	P20873	0
Q9BXL6	P04620	0
Q7Z3Q1	P18098	0
A6NKU9	P04584	0
P0DMC3	P24741	0
Q8WYN0	P03366-PRO_0000042285	0
Q9H0H5	P04621	0
Q7Z419	P12491	0
Q9C0B1	O40177	0
P22314	P05868	0
P04732	P04618	0
O60361	P05854	0
Q96MM3	P05908	0
Q9UJ94	P19548	0
Q6UWS5	B9A2Q4	0
O95602	Q70XD7	0
P06454	Q2N0S6	0
Q9P2Z0	O41790	0
Q8IZU9	A0EXJ1	0
Q9P1U1	P08805	0
Q9H2E6	A0EXJ3	0
Q92556	P19546	1
P35749	Q70627	0
Q9NRG9	P05872	1
P78346	P05887	0
Q9NWB6	P08808	0
Q8IZU0	P12479	0
Q9Y6I0	P04611	0
P17947	P05928	0
Q8IXQ5	P05877	0
Q14863	P04584	0
Q9Y6X0	P18801	0
P28562	P12478	0
P61077	P19546	0
Q16777	P12497	0
Q8IVT5	Q72497	0
P78332	P19548	0
O15504	P12499	1
Q15842	P12490	0
Q6Q788	P04608	0
Q14565	P04609	0
P52294	P05900	1
P08311	P19548	0
P48307	P04592	0
O14647	Q9WB91	0
Q6ZNG0	P20886	0
Q969G5	P12494	0
P51681	P05888	1
Q9UK76	P19552	0
Q96QB1	O73199	0
Q9NNZ6	Q73372	0
Q5SQS8	Q03806	0
O75475	P05890	1
P51681	P08806	1
Q8NCA5	Q49DS8	0
Q96E35	P20882	0
Q92575	P04609	0
P22061	Q70626	0
Q96Q77	P05954	0
Q6DT37	P03378	0
Q8NCY6	P35966	0
Q8NFH4	P19554	1
A0A1B0GTY4	P04581	0
Q96M61	Q9YYH6	0
Q9BV97	P19554	0
A6NDR6	P12497-PRO_0000042399	0
Q9UJA9	P05924	0
Q8TCT0	P04579	0
Q9HD67	Q9IF21	0
Q53H80	G9HS63	0
Q92626	P05949	0
Q6PG37	Q77378	0
Q9Y4C4	P12489	0
Q9ULV8	A0EXJ1	0
Q01955	P04620	0
Q9BYK8	P03407	0
Q9NZS9	P20883	0
Q8TBF8	P12491	0
O15525	P04601	0
H3BU77	P05924	0
Q6ZMK1	P04584	0
Q9NYF3	P04324	0
O95968	P05954	0
Q7RTR8	P05906	0
Q9BZK7	Q9YYU8	0
Q9H8H0	Q70623	0
Q9H607	P04578-PRO_0000038427	0
O43699	Q306M3	0
A0A1B0GX31	P18799	0
Q86VS8	P18802	0
Q15365	P19546	0
Q6ZV60	P12497	0
P80294	Q70145	0
P17066	P05947	0
P32004	P03378	0
P15814	O70903	0
P00846	P05856	0
Q5JX71	P05871	0
O60381	P12494	0
P50458	P20871	0
Q56P03	P12478	0
P47884	P04589	0
Q3KNW1	Q8JDI3	0
P29372	Q77YF8	1
P55199	P24738	1
Q9NUM4	P19547	0
O95684	P18045	0
Q9UHL9	P20883	0
Q9UIW0	P20873	0
Q96K12	P19549	0
A0JD36	Q2HZL0	0
Q5VZB9	P04613	0
Q00587	P03377-PRO_0000038388	0
Q99459	P04618	1
Q7Z7N9	P19549	0
Q9HB14	P20869	0
Q9H9J4	Q03806	0
Q9NZP0	P04584-PRO_0000042547	0
O60422	P05866	0
Q6GPH6	A0A891	0
A6NL05	Q77378	0
P61247	P19552	0
O75496	P05919	0
Q07157	Q77YF9	0
Q9H4D0	P05871	0
P52948	P20875	1
Q8N145	P04616	0
O15027	P05921	0
Q5JTH9	P05905	0
Q86SH4	P08806	0
P22003	P19553	0
P20142	P12491	0
P05413	P04602	0
Q9HD47	Q8Q7Z9	0
O95861	P05905	0
Q5SRE5	P05868	1
Q86TV6	P04584	0
P07099	P69726	0
Q8TB40	Q9QPN3	0
Q9BW72	P08803	0
P18825	P18098	0
O15047	P04616	0
P78369	P04591-PRO_0000038596	0
Q9NXN4	P04608	0
P01011	P05905	0
P49643	Q90VU7	0
Q6ZV70	P35964	0
Q96A26	Q900A7	0
A6NGH8	P05882	0
Q8TC20	P04583	0
P13010	P12495	1
Q9H0L4	Q9WPU2	0
Q96DL1	P04582	0
Q8NB12	P05954	0
O43426	Q994M8	0
Q9Y5F1	P04591-PRO_0000038596	0
Q9BSH3	P18806	0
O15270	P03366	0
P61570	Q9YXY3	0
Q12788	P04599	0
Q3SXR2	P03402	0
P56856	P35966	0
Q9NSC2	P69699	0
Q8WUY9	P04582	0
P51959	P04603	0
Q9Y6M4	P05950	0
Q9UER7	A0EXJ0	0
P18621	P05960	0
Q8IYT3	P12483	0
Q9Y6T7	P05921	0
E9KL44	Q9WB91	1
Q9GZV1	Q72547	0
P61247	P04620	1
Q8WTU2	P19549	0
P48764	Q9QPN3	0
O00507	P18098	0
Q6ZQV5	P03378	0
Q7Z422	P04598	0
O15079	P20886	0
Q52LD8	P12503	0
Q13263	Q9WC62	0
Q17RA5	Q994M8	0
P36508	P04578-PRO_0000038427	0
P31431	Q72500	0
A4D1U3	P05960	0
A6NFX1	Q77YF9	0
Q5TBK1	P04620	0
Q6ZUX7	P03404	0
Q15370	P05900	1
Q8NGD0	P05858	0
Q7RTU9	P05905	0
P11049	P20877	0
A2RU37	P05956	0
Q8NGV7	P05857	0
Q7KYR7	P05870	0
O14744	P19548	0
P0CI26	P20879	0
Q8TF01	P12489	0
Q9UDX3	Q8JDI3	0
P52740	P04597	0
Q8WUA4	P12491	0
Q9H254	O12160	0
Q8NC06	P05856	0
P58294	P08804	0
Q8N609	P03407	0
P07550	P12487	0
Q96AA3	P35961	0
Q14157	P05865	0
O75529	B3UES2	0
O95970	P04581	0
Q9BYX4	O89293	0
Q5W111	Q03806	0
Q63HM1	P03375	0
Q9UIQ6	P03347	0
Q9HCN2	P05898	0
Q9UP38	P04584	0
Q9NX14	P12499	0
Q8TC76	P18799	0
O43852	P04578	1
P31146	P31819	0
Q96FQ7	P04324	0
Q92733	P04580	0
O75531	Q72874	1
Q8N9L1	B9A2Q4	0
Q96NU7	Q03806	0
P10073	P19545	0
P28907	P05867	0
P61073	P12487	1
Q9NVL1	Q72497	0
Q14457	P04593	0
Q9BQN1	P03377	0
Q14623	P05888	0
Q96PN6	Q70626	0
Q99603	Q900A7	0
A4D161	P05923	0
P0C025	P03406	0
P55056	P08808	0
Q8TDE3	O41790	0
Q5TBA9	P12478	0
Q8NGH9	P12483	0
Q9BRJ6	P04583	0
P01619	P05856	0
P28325	Q90VU7	0
Q8TB33	Q9YXY3	0
Q71UI9	P04608	1
Q96Q45	P12503	0
Q9H5V7	Q70627	0
Q8HWS3	P12498	0
Q96EQ8	P05959	0
P63010	P04324	1
Q9HC16	P35962	1
Q6NVU6	P18094	0
P12755	P04591-PRO_0000038596	0
P48200	P18097	0
Q9UN86	P12518	0
Q9HCU9	P12478	0
Q15842	P24739	0
P51681	P35964	1
A0A075B6N2	Q72547	0
Q96A37	P05960	0
Q4G0G5	Q73372	0
Q9NYV8	P03369	0
Q8TCW9	P18802	0
P39656	P35964	0
Q7Z7C8	P04608	1
Q9Y5B9	Q9WPU2	0
Q15545	P20877	0
Q8WVH0	P05870	0
Q96MH7	P24738	0
Q96LJ8	P20891	0
Q9Y664	P03369	0
Q6NXS1	Q9WIP8	0
B2RBV5	P20873	0
Q9Y6M7	P20883	0
P07954	P05854	0
Q86XS5	P04584	0
Q86YZ3	P04591	1
Q96HA7	P15829	0
Q9UBS4	Q994M8	0
Q92523	P05879	0
O60755	P08806	0
P49354	P04587	0
P49763	P04578-PRO_0000038427	0
Q76KD6	P12497-PRO_0000042402	0
P39905	P20882	0
Q9HD15	Q9YYH6	0
Q9Y6Q5	P03406	1
Q8NH03	P20889	0
Q8TBY9	P31872	0
Q9H0H9	Q76129	0
Q5FWF6	P04594	0
Q9Y217	P19550	0
Q17RM4	P05870	0
P0CG48	Q70622	1
A6NCL1	Q9YXY3	0
Q9H6L2	O90156	0
Q8N300	P04589	0
P10966	P04325	0
Q8WX94	P04610	0
A6NC62	P19546	0
A0A1B0GTR0	Q9WIP8	0
Q969M1	P08803	0
Q6P2P2	P20867	0
Q86TB9	P05906	0
Q9Y4B6-3	P04584-PRO_0000042547	0
Q9BT49	P19553	0
Q86WP2	Q2N0S5	0
Q6FI13	P04618	0
Q8IYT2	Q75760	0
Q6UWF5	P20892	0
P49257	Q1H8S9	0
P78406	P12519	1
Q14004	P18802	0
Q9Y223	A0ZUT1	0
Q9BQI5	P05948	0
Q8NGF9	P12494	0
Q15397	P04608	1
Q8NGG3	P20889	0
Q99708	Q1PHM6	0
P46199	Q306M3	0
Q5HYK7	P04579	0
Q9BTX1	O40177	0
Q9UQB9	P04589	0
Q86SH2	Q8Q7Z9	0
Q6ZN11	P12491	0
Q9BU64	Q9YWB6	0
Q16658	O90156	0
A6NGQ2	P20889	0
P51668	P35963	0
Q96T60	P05858	0
Q6P2P2	P24736	0
Q58FG1	P03407	0
Q9Y2Y6	P05887	0
Q96E17	P04585	0
P52757	P04603	0
O14579	P05923	0
Q8TEB1	P20886	0
Q6ZMG9	Q70XD7	0
Q99613	P04585	1
P04439	Q9YYH6	1
P0DJR0	P05890	0
Q13072	P05879	0
Q86UY5	P05888	0
Q9P0P0	P12491	0
Q86WT1	P12520	0
Q08AG5	Q9Q723	0
Q15643	P05908	0
O75829	Q72874	0
Q5TAG4	P05868	0
O95561	P24739	0
Q6ZP98	Q9YYH6	0
Q9Y653	Q79791	0
Q8TF45	P04611	0
O14653	O41790	0
P00813	O12160	0
B2RU33	P31872	0
P51157	P18097	0
Q96H72	Q9IDV3	0
Q8WX77	P19553	0
Q6NVY1	P03349	0
Q96MX3	P20889	0
P62195	P12479	0
P42166	P18092	0
Q8N9P0	P05960	0
Q8IXT1	P04611	0
A6NM10	P12479	0
P43080	P19553	0
Q6IBU4	P12517	0
Q6ZMT9	P31872	0
Q5T197	O12161	0
Q9BW27	P03348	1
Q13634	P05924	0
Q9Y6J0	P12490	0
P21728	P05855	0
P21580	P04590-PRO_0000038615	0
Q6DKI2	Q72497	0
P39880	P24740	0
Q9Y320	P04603	0
Q6UW63	P03406	0
Q8NFH3	P04619	1
Q5H9S7	P88761	0
Q01151	P20893	0
Q9H6V9	P35967	0
P08631	P04603	1
B9A6J9	Q76129	0
Q9H1D9	P24736	0
Q86TS7	Q8Q7Z9	0
Q96HA1	P20892	1
Q5W0Z9	P08807	0
Q96H86	Q70624	0
Q13438	A9PKC6	0
Q14592	P12494	0
Q8WXD5	P24739	0
P34949	Q70627	0
P23258	P05899	0
P08134	A0ESL8	0
A8MYU2	P20887	0
Q96DB5	P05887	0
Q15825	P35962	0
P30968	P05924	0
Q9H488	P04325	0
Q53EU6	P35961	0
D6R901	P04590-PRO_0000038615	0
Q96J84	P05867	0
A6NLC8	P12516	0
Q9Y5B0	P05906	1
Q494R0	P04608	0
Q6ZVK8	P04584-PRO_0000042547	0
Q6ZW05	P05866	0
Q5H9K5	Q8JDI3	0
O75335	P04579	0
Q96PG1	P19553	0
Q96CW1	P04601	1
Q86UA1	P03366-PRO_0000042285	0
Q9NZW5	P04599	0
Q96L11	P04610	0
Q8IX05	P12488	0
Q92626	P04325	0
Q8N511	P19545	0
Q9P2D1	Q9Q2G4	0
O95897	P05956	0
Q5U5J2	P04618	1
A0A2R8YFM6	P04602	0
Q9UHN1	P03367	0
P62937	P05925	1
Q8N4F7	Q1KW74	0
Q9ULZ9	P04614	0
Q9BRV8	P03347	0
P22102	P04581	0
Q96IK1	P03402	0
Q96T54	P20879	0
O75342	O73199	0
A5D8W1	Q77YG1	0
P22087	B9A2Q4	0
P12270	P03348	1
Q8N6C5	P24739	0
Q9UK76	Q03806	0
P29350	P12517	0
O00151	Q9Q723	0
O60312	Q77YG1	0
Q9BUL5	P03366	0
Q8N1T3	P88585	0
Q9Y6A1	P24736	0
A0A0B4J274	P05899	0
Q9NVH6	A0A0U5B5J2	0
Q9NXX6	P05879	0
P07099	P12493	0
Q2M3G0	P05899	0
B5MD39	A0EXJ3	0
P35372	B0FAM1	0
O94905	Q993A8	0
Q8TEM1	P19547	1
A0PJX8	Q70XD7	0
P53805	Q70622	0
P53621	Q993A8	0
Q8NCQ2	P20875	0
P02746	P05855	0
Q52M93	P04603	0
Q6P5X5	Q72499	0
Q6P1M9	P04590-PRO_0000038615	0
Q9BWL3	O11918	0
Q5VTT5	P03377	0
A6NMK8	P12518	0
Q8N1Q8	P04601	0
Q13618	P04591-PRO_0000038598	0
O75936	Q0ED31	0
Q969G6	P20875	0
Q9P2E3	Q73372	0
Q96BW1	Q900A7	0
Q4VXF1	P12497-PRO_0000042399	0
P43357	P19548	0
P09848	P05871	0
Q4G0S4	P05872	0
P07327	P12487	0
P01700	P05950	0
Q86T96	P20873	0
B5ME19	P03378	0
Q5VUM1	O11918	0
Q96KF7	P04584-PRO_0000042547	0
Q9NPH2	P05868	0
P62877	Q8JDI3	0
P62937	P05888	1
Q8N3J3	Q77YG1	0
Q8NDX2	P04599	0
Q5T0B9	P69718	0
Q13426	P12515	1
O60381	P12488	0
P0CW19	P03375	0
P14735	P05948	0
Q15370	Q70623	1
P57730	P69726	0
A8MU10	P35963	0
Q7Z692	P05925	0
Q9ULD9	P05869	0
P50416	P05956	0
Q8N5Z5	P19545	0
P50548	P69718	0
Q9Y2M5	P12487	0
Q9BYU5	P04591-PRO_0000038598	0
A0A5B6	P05856	0
Q8TCJ2	P20886	0
Q8N8V2	P12515	0
Q15878	P04584-PRO_0000042547	0
Q2VPK5	P04609	0
A6NNH2	Q994M8	0
Q9BZW5	Q306M3	0
P49019	Q72874	0
Q8N1N2	P31819	0
P78406	Q70623	1
Q8N4C8	P04578	0
Q9NVL1	Q1H8S9	0
P62277	P05923	0
Q8WTZ3	P35967	0
P04155	P89582	0
P57679	Q77YG1	0
P15538	Q1H8S9	0
O14521	P05872	0
P55210	P04591-PRO_0000038593	0
O43847	P04620	1
O00154	P19554	0
Q6UWM9	P12519	0
Q7Z4M0	P20888	0
P04732	P31819	0
Q9UPP2	P05871	0
O60814	Q9Q2G4	0
P61964	P05868	0
Q9H0K1	P05867	0
Q9NRG9	P05899	1
Q9H974	P05869	0
Q92802	P04611	0
Q9ULZ0	P05960	0
P37198	Q70625	1
P32242	P24736	0
Q01813	Q72499	0
Q99972	P03348	0
Q9NY74	P04602	0
P20794	P89582	0
A6NJG6	Q72497	0
O76041	P04592	0
A8MZA4	P03348	0
Q92608	P19545	1
O95551	P05948	0
P08922	Q73372	0
Q99259	P69718	0
Q9NYS0	P24741	0
P19387	P05906	1
O94886	P05888	0
Q99581	P20873	0
Q86VV8	P04578	0
Q92793	P04608	1
P18054	P20877	0
Q8IY37	P04587	0
Q02083	Q2HZL0	0
Q6UWT4	Q72874	0
Q9NPE6	Q9YV12	0
Q9UBV7	P04324	0
P50570	P05867	0
P28698	Q8Q7Z9	0
P11498	Q72500	0
Q96PC3	Q9QPN3	1
A1E959	P05869	0
P14854	P12497-PRO_0000042399	0
Q9HCM1	Q72500	0
P28062	O11918	0
Q4G0S7	P24741	0
Q15058	P05877	0
Q9Y315	Q72497	0
Q9NS15	P05948	0
Q4V321	P08807	0
Q8N7K0	P20873	0
P52294	P05925	1
Q8TAF5	A0ESL8	0
Q6PJG2	P04623	0
P17040	P35965	0
Q96GM8	Q9YYH6	0
Q9ULV1	P05889	0
Q9NZH8	A0A0U5B5J2	0
P16298	P19548	0
P09923	Q77YG1	0
P23467	Q994M8	0
A0A0C4DH26	O89293	0
Q8N4L4	P04613	0
O95864	P05869	0
D3W0D1	P04624	0
Q13219	P05960	0
P57082	Q70626	0
Q02790	P04585	1
Q9NRZ9	P18098	0
Q12874	P12515	0
A0A0B4J234	Q8Q7Z9	0
Q9BXM9	P20877	0
Q8NFH3	P04588	1
P20813	P03347	0
Q8NGA6	P04581	0
Q9P2F5	P12499	0
Q16674	P04579	0
P78417	Q6JN72	0
O95400	P12495	0
Q9HC16	P20883	1
Q8N1G1	P04592	0
Q9P0K8	P20867	0
P09874	P04593	0
Q13183	P04613	0
P17081	P18802	0
Q8NFD5	P12488	0
Q6PIL6	P05887	0
Q5TD94	P18094	0
Q86Y91	A0EXJ3	0
Q99816	P05888	1
P11279	P12518	0
P04217	P20888	0
Q96CG3	Q72874	0
Q96BI1	P12478	0
Q8WW32	P04608	0
Q9BY08	P35960	0
P60568	P12491	0
Q8TDI8	P04613	0
O95006	P05898	0
O14958	P04614	0
P04233	Q9Q723	0
Q5EBN2	P04324	0
Q92567	B0FAM1	0
Q92629	P04597	0
P68431	P04608	1
Q8WV83	P19553	0
Q07021	A0EXJ2	1
Q9NZW5	P04621	0
Q9H7H0	P69699	0
Q4KMP7	P20892	0
Q96B86	P18800	0
B2RB89	P04587	0
P26640	Q72500	0
Q9H0H0	P04591	1
Q13224	P05898	0
P78406	P12498	1
A6NJZ3	P12498	0
Q5TID7	P04611	0
O95971	P04584	0
Q14164	Q0ED31	0
P28698	P24739	0
Q9BY66	Q70AA1	0
A6NKB5	P04324	0
Q9Y5F1	O89293	0
Q9Y2M0	P35962	0
Q8IWX8	Q72497	0
P49790	P19548	1
Q6ZRI8	Q49DS8	0
Q92685	P12488	0
P18754	P05864	1
Q9H171	P05950	0
P42127	P05905	0
Q8TEM1	P12483	1
P13686	P18098	0
P58215	P12493	0
Q8NGT0	P05854	0
Q8TBX8	P20875	0
P25089	P04585	0
Q08499	P04614	0
P25025	P04598	0
Q8WU03	Q9QPN3	0
P62487	P05908	1
Q6VEQ5	P04592	0
Q9NP72	P24739	0
Q6IPX1	P04583	0
Q8NHW6	B3UES2	0
P0C7P2	P04596	0
Q6S8J3	Q8JDI3	0
Q9Y6V7	P05880	0
Q6FHJ7	P05900	0
P31269	Q2HZL0	0
Q9NRG9	P08804	1
A6NIM6	P03366	0
O75818	P04591-PRO_0000038596	0
Q3B7T1	P05889	0
Q8NHA4	P20883	0
Q9NQ48	P18095	0
Q96Q77	P04579	0
Q6GYQ0	Q994M8	0
Q15303	P04609	0
Q8IUH3	P05854	0
P0C7X2	P05955	0
Q9NRC8	Q6JN72	0
Q8NGL0	P20871	0
P49407	P05950	0
Q13148	P04583	0
Q9NZM3	Q306M3	0
Q9NUQ2	P12497-PRO_0000042399	0
Q9H3P7	P24738	0
Q96PP8	P04611	0
Q9NUG4	P05898	0
P30203	P05872	0
Q9BSK2	P04613	0
Q6ZN57	P20867	0
Q2VPA4	P35962	0
Q9Y4G6	P04597	0
O43196	O12161	0
Q8NFH4	P04618	1
P47929	P19551	0
O76015	P15829	0
Q96IC2	P04622	0
A0A1W2PS18	P05949	0
P61073	P12497	1
P57771	Q900A7	0
Q8N148	P12503	0
P46783	P04584-PRO_0000042547	0
Q5BKU9	P03377-PRO_0000038388	0
Q9Y219	P12497	0
P78539	P05952	0
O96028	P05868	0
P01036	P05960	0
Q9Y5L4	Q9YV12	0
Q5T0T0	P04324	0
P24723	P12499	0
P08913	P20875	0
P42681	P18094	0
P49715	P18803	0
Q7Z5K2	Q2N0S5	0
Q9H175	P04611	0
Q13683	P20879	0
Q14839	P03349	0
P05386	B3UES2	0
P0C7N4	P04620	0
A6NE21	P03406	0
Q8N1W1	P04598	0
P22083	P04603	0
Q9UKX7	P04585	1
P07585	Q9YYU8	0
P61587	P12495	0
Q6HA08	P03349	0
Q9UID3	P12485	0
Q86W42	P05857	0
Q9P0T4	P12485	0
Q5JTD0	P12489	0
O75636	Q9YYH6	0
P46459	B9A2Q4	0
P61604	P20875	0
A6NHY2	P05960	0
C9JYA1	Q77YG1	0
P05166	Q2N0S6	0
Q8N371	Q9YYU8	0
Q01959	P05956	0
Q5JR59	P04597	0
Q9NS73	P04584	0
Q9UNX3	P04619	0
Q9H2A9	Q71B31	0
Q96NL6	P04581	0
P35408	P03377	0
P32320	P04584-PRO_0000042547	0
Q96NE9	P04589	0
C9JH25	P04591-PRO_0000038593	0
O14905	P04624	0
Q7RTR8	P12478	0
P19801	Q70626	0
Q9UNY5	P03378	0
O95971	Q9YXY3	0
P12980	Q9IDV3	0
Q9NTG7	Q8Q7Z9	0
Q8WTR2	P18099	0
Q86SQ7	P35960	0
Q3B7I2	P05887	0
P29972	P05887	0
Q96NW7	O12161	0
Q13576	Q9YXY3	0
O60880	P04324	0
O15259	P05952	0
Q9HCC6	P05859	0
Q9H7U1	Q1KW74	0
Q15041	P05952	0
P12273	P04587	0
Q6UY18	P03375	0
Q13555	P08803	0
Q02080	P35959	0
Q12846	P05919	0
O60840	P04620	0
P49862	P05857	0
Q86YT5	Q70AA1	0
Q13069	Q70145	0
Q96L03	P04584-PRO_0000042547	0
A6NGE4	P05857	0
Q15382	P20889	0
Q9NS18	P35964	0
Q96KR6	P24738	0
P0C7M7	P05898	0
Q9NXL6	P69697	0
Q96LW2	Q72499	0
Q9GZZ7	P04602	0
Q68CQ1	P12479	0
P54098	P04583	0
Q8IVF1	P20888	0
Q969W9	Q9WB91	0
Q9BQS8	P04619	0
Q9UBQ0	P05856	0
P07306	P04590-PRO_0000038615	0
Q6ZRG5	A0ESL8	0
A6NL88	A0ESL8	0
O95258	P35966	0
Q4G0X4	P04620	0
Q8N653	P20877	0
P55017	P04586	0
Q9UQ53	P04578	1
Q9P0J7	P24741	0
Q8N6Y0	P05880	0
Q9H251	P05900	0
Q8NA54	B9A2Q4	0
P51449	Q900A7	0
A0PJX8	P04609	0
Q9HCL2	P04586	0
A0A0K0K1C0	P05870	0
P50750	P20893	1
P01258	P04578-PRO_0000038427	0
P0CG48	Q70623	1
Q99525	P04608	1
P09429	P24736	0
Q9P243	A0EXJ2	0
Q8TC27	Q70622	0
Q8N8N7	P35963	0
Q6X4W1	P04583	0
Q9UFE4	P19552	0
Q86UR5	Q2N0S6	0
Q9NS26	P12517	0
Q8IZJ0	P05950	0
Q15018	P05866	0
Q15776	P18801	0
P78406	P12515	1
Q14004	P04587	0
Q8NGK5	P05870	0
Q8IWE4	P04578-PRO_0000038427	0
A1KXE4	Q72497	0
P48426	P04584	0
Q96LA6	P05868	0
Q8TF63	P24738	0
P15498	P19552	0
Q9H342	P19552	0
P48050	P12520	0
Q86VM9	P04586	0
O75409	P04612	0
Q9BZQ4	P03377-PRO_0000038388	0
Q96F46	A9PKC6	0
Q5DID0	P04601	0
Q6PG37	O70903	0
O15554	P20883	0
Q7Z4H3	P20867	0
Q8IXH7	P35965	1
P51170	P19547	0
P61244	P04623	0
Q8N2Z9	P05856	0
Q9Y2V7	P05949	0
Q5VU57	P04622	0
Q9C056	P04326	0
P54198	P12515	0
Q96BY6	P03404	0
Q9NRB3	Q70625	0
O60220	Q70AA1	0
Q92730	P18094	0
O00399	P03348	0
Q5T871	A0ESL8	0
Q9UMX0	P04612	0
Q99624	P04579	0
Q9BXJ5	A0EXJ0	0
Q9BVW5	P19548	0
O43182	P04596	0
P53611	A0ESL8	0
Q5MJ68	O40177	0
O43854	P12479	0
O96014	O12160	0
Q15048	P18803	0
Q0Z7S8	P04602	0
Q8WZA6	P24737	0
Q99675	Q70626	0
Q7L5N7	P12503	0
Q9NYB0	P18805	0
Q5W041	P03347	0
O15522	P03404	0
A0A0B4J234	P04592	0
Q8NH93	Q72497	0
Q92993	P04608	1
Q9BYK8	P05854	0
Q3C1V8	P04591-PRO_0000038593	0
Q8N4W6	P18806	0
Q9UJU3	P05925	0
Q15650	P18800	0
Q9P2R7	P88761	0
Q96M53	P04590	0
Q6S8J3	Q70145	0
Q9Y6K1	Q75760	0
Q92771	P12506	0
Q00973	Q70625	0
O00193	P03404	0
Q9H009	P69723	0
A0A0C4DH43	P20872	0
Q30KQ9	P04599	0
Q5SRE5	P04594	1
Q9Y226	P03378	0
Q5SRD1	P88585	0
P0DPH7	P05956	0
Q13177	P19546	1
P49788	P12503	0
Q9H270	P69718	0
Q9H3G5	P04612	0
Q8WXB1	Q77378	0
Q8IWV7	O12161	0
Q02978	P12489	0
Q16650	O90156	0
O15511	A0EXJ1	0
P13631	P19546	0
P14416	A0EXJ3	0
Q8NFR3	P04591-PRO_0000038593	0
Q5T5C0	P04624	0
Q6P3R8	Q49DS8	0
Q6ZQY7	Q900A7	0
O15444	P03347	0
O00584	P12499	0
Q8WUB2	Q2HZL0	0
Q6IEE7	P20892	0
P20591	Q72874	0
P01730	P20889	1
Q01628	Q76129	0
Q8IY26	Q9WC62	0
P32247	Q73372	0
P51816	P20882	0
Q8NA56	P03367	0
Q8NG81	P19551	0
A6NF36	P12497	0
Q9Y5E9	P18099	0
O43921	P04586	0
Q8IW35	Q9QPN3	0
Q02539	O40177	0
Q8TBE9	Q70625	0
P60371	P04591-PRO_0000038593	0
Q12836	Q70625	0
Q76M96	Q79791	0
P18848	P04582	0
Q9NWX5	P04581	0
P61224	G9HS63	0
P43360	P04619	0
Q15366	P12495	0
Q12965	P19546	0
Q70CQ3	Q70626	0
P41968	Q77YG1	0
Q03135	B0FAM1	1
Q8N6Q1	Q72497	0
E9PAV9	P20890	0
A0A075B6N4	P04612	0
Q2TBE0	P12520	0
Q9Y4C1	P04584-PRO_0000042547	0
Q9NYR9	P05888	0
Q9Y5L2	P18094	0
P21730	P12503	0
Q6UX98	Q1KW74	0
P13196	Q71B31	0
Q9NQ48	P05898	0
P14618	P20872	0
Q96GD3	P05905	0
P24593	P04609	0
P06732	Q49DS8	0
P12273	P05868	0
Q16526	P12498	0
Q7RTT6	P04589	0
Q86YD5	P05959	0
Q92945	P18098	0
Q99527	A0A891	0
O94827	A0EXJ2	0
Q5VZ66	P04326	0
Q6ZUG5	P20872	0
P12270	P05956	1
Q96HN2	P04620	0
A6NM43	P18099	0
Q16849	P04621	0
P55157	Q70XD7	0
P78406	P69728	1
Q8TEX9	P04599	0
Q13740	P04619	0
Q68EM7	P12497	0
Q9BV81	P04602	0
Q92963	P05960	0
Q86T90	P18801	0
P11216	P05923	0
Q5HYW3	P04602	0
Q86Y25	P12479	0
Q9NVR0	P08806	0
Q8NFM4	P20879	0
A0A0K0K1D8	P03349	0
Q9UNN5	P19555	0
A0A087WXM9	P03367	0
P51677	P12519	0
Q5HYI8	P20893	0
P04899	Q70625	0
Q96PH6	A0EXJ2	0
Q06265	A9PKC6	0
Q8TAX7	B3UES2	0
Q9ULT0	Q77YF9	0
Q9HBF4	P05871	0
P81605	P04592	0
P30711	P35964	0
Q8N720	P05855	0
Q8TEQ6	P20891	0
Q86VZ2	P03404	0
B4DX44	P05925	0
A2RUB6	P12485	0
Q9H1K1	P03378	0
Q9BY76	P08808	0
Q6ZNB5	Q9WPU2	0
P61073	P18803	1
Q8TE82	P04613	0
Q9P2K3	P20892	0
P03901	P20869	0
Q96HA1	P35964	1
Q92621	P20883	1
Q9UK41	P20889	1
P78347	P04621	0
Q9HCK0	Q1H8S9	0
Q9P0P0	P05950	0
Q96LC7	P19549	0
Q96K12	P35963	0
Q86V21	P35961	0
Q8NCS4	P19552	0
P22059	O70903	0
P0DJJ0	P69723	0
O75874	P12503	0
Q6NY19	P04591-PRO_0000038596	0
P01705	A0ZUT1	0
Q5SZK8	O89940	0
Q96N96	P04588	0
Q5T200	P05948	0
Q8TDC3	P04604	0
Q9UBF1	Q9YXY3	0
O15432	A0ZUT1	0
A1L429	P35962	0
Q96A37	P19546	0
Q9BT30	P12478	0
O00232	P24737	0
Q9BVH7	P05954	0
P12757	O12161	0
Q6P280	P05856	0
O75521	P89582	0
O95567	P05887	0
Q8N7G0	P04580	0
Q8NGC5	P19545	0
O60494	P19546	0
O14668	Q1KW74	0
P0DP03	Q8JDI3	0
Q8IZT8	Q9Q723	0
P01130	P24737	0
P78363	P05899	0
B1AJZ1	P03349	0
S6B291	P05949	0
P43026	P18094	0
A6NGE4	P69723	0
Q0WX57	P05906	0
Q8TAI7	Q70625	0
Q96HR9	P05924	0
O95177	P12491	0
Q15052	P04601	1
P28370	O89293	0
Q9H6R6	Q71B31	0
Q96BP2	P12478	0
Q8IVW6	P05869	0
O15492	P18092	0
Q7Z614	P05950	0
P17480	P12498	0
P19075	P12488	0
Q9UHJ6	Q9YV12	0
A0A0U1RQE8	A0ESL8	0
Q5VTH9	P05952	0
P56178	A0ZUT1	0
Q7LDI9	P04624	0
Q96FC7	O73199	0
Q9UKA8	P19553	0
Q99797	P20882	0
P51681	P19550	1
Q9BYC9	Q900A7	0
Q6PRD1	P04590-PRO_0000038615	0
P01730	P69718	1
Q9H9C1	P04596	0
A0A1B0GX51	P05960	0
Q6PCB0	P31872	0
Q9H9V4	P35962	0
Q96RP8	A0EXJ1	0
P62917	P04591-PRO_0000038596	0
Q9UKQ9	Q9WB91	0
Q9BR09	Q9WPU2	0
Q9BQ51	P04596	0
Q8N5U0	P05879	0
Q8N386	P04619	0
Q01543	Q1PHM6	0
P51572	P20887	0
Q9Y5E5	Q71B31	0
O75509	Q993A8	0
Q9H1F0	P24740	0
Q96I76	P05908	0
Q8N635	P05905	0
Q6PL45	B0FAM1	0
Q92731	P35961	0
Q6ISB3	P05919	0
P46060	P04618	1
P0C7W9	P12493	0
P62937	P19550	1
Q7Z4K8	Q8Q7Z9	0
P49901	P04623	0
Q8NFG4	Q90VU7	0
A0A096LP55	Q70XD7	0
O60476	P35963	0
Q8TD16	P05919	0
Q9H3U7	P12499	0
P31150	P04587	0
Q92988	P19547	0
P62191	P04608	1
Q5SV17	P03348	0
Q96B36	P05955	0
Q92759	P04608	1
P51681	P03402	1
P04150	Q72497	0
Q8IV04	P05854	0
Q96RD7	B9A2Q4	0
Q8IWL2	P05899	0
Q9BZW2	O11918	0
P0C6P0	P04590-PRO_0000038615	0
P57740	P12516	1
Q14457	P03407	1
Q9H0R4	P24738	0
Q96DD7	P35964	0
P48304	O89293	0
Q0VAF6	B9A2Q4	0
Q8NHB8	P35967	0
Q92621	P05947	1
Q8TCG1	P20867	0
P02462	P12478	0
Q6P087	P20893	0
P20809	P05951	0
Q96LR9	Q77378	0
Q96EX1	P05955	0
Q9H720	P08806	0
Q9NVR0	P05948	0
Q5VZR4	Q306M3	0
Q9Y3E7	P31820	0
Q9BSJ8	O90156	0
Q8TEM1	P04588	1
Q9NZI8	P18045	0
P62937	P20873	1
P0C7V6	P19549	0
P57054	P05859	0
P61024	P18806	0
Q6P3S6	O70903	0
O15504	P04593	1
Q13426	P12503	1
Q9GZR7	P05949	0
Q86WV1	P18803	0
Q9H0P7	Q1H8S9	0
Q8N2I2	P04612	0
Q96PJ5	Q9Q723	0
Q8N5B7	Q71B31	0
F2Z3M2	P19551	0
P01563	Q70624	0
Q8IZD4	P04604	0
Q9BSQ5	P04610	0
Q9NSY0	P12489	0
P59666	P03377	1
Q9UPY3	P04621	0
P17096	Q72874	1
P62877	P05900	1
Q7Z7M0	Q03806	0
P49005	P12485	0
Q5TEZ5	Q1KW74	0
Q9GZX3	P69718	0
Q8IXQ4	A0EXJ0	0
O00237	P12490	0
P51610	P04583	0
Q9H4M7	P69697	0
Q9H342	P35961	0
Q96LA8	P03366-PRO_0000042285	0
Q8TCU4	Q0ED31	0
P21918	P04622	0
Q8NGY3	P05950	0
O60240	Q1H8S9	0
Q8IV77	P24738	0
Q01954	P05865	0
Q6UWF7	Q8Q7Z9	0
Q9Y2H0	P03377-PRO_0000038388	0
P0C2Y1	P20879	0
Q99865	Q9Q723	0
O15155	P08805	0
Q14990	P04601	0
Q92614	Q70145	0
Q9NZQ3	P04589	0
P59074	P04581	0
Q86Z23	Q9YV12	0
P30101	B0FAM1	1
Q9Y2M5	P04591-PRO_0000038596	0
Q9Y2H5	Q9Q2G4	0
A8MQ27	P12497-PRO_0000042402	0
Q7Z5L0	P05951	0
P27482	P04609	0
O95425	P05928	0
Q9NYZ1	P04587	0
Q9Y2D2	P08804	0
Q9HB14	Q70145	0
Q9P2D1	Q73372	0
Q2Q1W2	P04324	0
Q8IZC6	P19552	0
Q9UL01	P04591-PRO_0000038596	0
Q8WWT9	P08806	0
P10092	P69726	0
Q14442	Q993A8	0
Q99567	P69699	1
Q96JB1	P18799	0
Q9H8H0	P19554	0
Q8N841	P31820	0
Q9NPB1	P05887	0
Q9BWQ6	P24741	0
Q13491	Q76129	0
P04217	P12504	0
Q9UNY5	Q9YYH6	0
Q8N6D2	P20877	0
Q9BYH8	Q90VU7	0
Q9HCH3	Q9Q2G4	0
P04080	Q70625	0
Q9NYQ6	P19546	0
P0DSE2	P04584	0
Q6ZTY9	P03348	0
Q9P2E5	P35965	0
P01282	P18045	0
Q01518	O89940	0
P0C7V0	P20882	0
Q9UHF0	P04324	0
O75475	P12483	1
P63279	Q73372	0
Q9Y5Z7	P20891	0
P07108	P04616	0
Q8NES3	P05864	0
Q05066	P03404	0
Q9NPB1	P05924	0
Q99816	P20889	1
Q5H9I0	P04612	0
P49792	P03369	1
Q9BQ50	P04614	0
Q6NT32	P12495	0
Q2M296	Q70145	0
Q16348	P05952	0
P19447	P04608	1
A6NE52	P04586	0
Q96DT5	P18098	0
Q9UGU5	P05928	0
O60481	P20879	0
Q9BW30	P05924	0
A0A286YF46	P05856	0
Q96HD9	P03348	0
Q14CZ8	P05856	0
Q5XPI4	P24737	0
O94804	P05924	0
Q9BWM7	P05955	0
Q9HC16	P24737	1
P84996	P04584	0
O75078	P12504	0
P02750	P03348	0
Q9H4F1	P05952	0
Q4G0W2	P69699	0
P0C7U9	P18099	0
Q96T76	P19546	0
P62937	P20887	1
Q9NRW7	Q1PHM6	0
P23510	P18802	0
P23527	Q70XD7	0
Q6PF05	Q77YG1	0
P16499	P08808	0
Q15828	P05871	0
O95084	Q9IDV3	0
P54868	P05900	0
Q7Z3D4	P05951	0
Q14839	P05859	0
P56180	P20890	0
Q8WTQ4	P20877	0
O95279	Q70625	0
Q6NW34	P12483	0
Q92990	P69723	0
Q96PQ5	Q2N0S5	0
Q2WGJ9	P05888	0
Q6ZST4	P18092	0
P28072	Q77YG0	1
Q8TF62	P05921	0
Q9BYJ4	P12520	0
Q5TZF3	P18092	0
Q9UBI1	P04622	0
Q96S97	P05856	0
Q8TF65	Q994M8	0
Q9BVI0	Q2N0S6	0
Q86UW1	A0A0U5B5J2	0
A8MTT3	A0ESL8	0
P56179	P04602	0
Q8NB42	Q90VU7	0
H3BU77	Q9QPN3	0
Q9P289	P12517	0
P42285	A9PKC6	0
Q9Y2B5	P04597	0
Q86VF7	P05866	0
Q04721	Q70623	0
O96001	P03347	0
Q573B4	P05921	0
P61513	P04591	1
A6NGY5	P18095	0
Q14807	Q70145	0
Q2WGJ8	Q73372	0
P25391	P69699	0
Q9GZT9	P35966	0
Q96CW1	P04591	1
Q8IXS8	P04585	0
Q9P0T7	P12479	0
Q9H0F6	Q9YYU8	0
Q96LW7	Q900A7	0
P19484	P19546	0
Q9C0A1	P03366-PRO_0000042285	0
P26022	P05866	0
P39880	P18800	0
O15504	P35960	1
P59022	P18098	0
Q12874	P05949	0
Q6GV28	P04618	0
O95972	P20875	0
P11274	P05955	0
Q13426	P12518	1
P37173	P04580	0
P01733	P19548	0
Q6ZTQ4	P04591-PRO_0000038593	0
Q8NGX3	B3UES2	0
Q96CB5	P04609	0
P15088	P05872	0
Q9NQX1	P05956	0
Q9UP52	A9PKC6	0
Q7L8J4	P18805	0
Q14542	P05887	0
Q9BUL9	P05956	0
Q13017	Q72500	0
O94911	Q2N0S5	0
Q6PEZ8	P05955	0
Q6L8H2	Q8JDI3	0
P0DP23	P04601	1
Q562E7	Q72497	0
P86397	P31820	0
P53803	P04612	1
Q9UQV4	P12497-PRO_0000042402	0
P14854	Q49DS8	0
Q6ZN08	P03349	0
A5D8V6	P03347	1
Q9Y5X3	P04621	0
Q9BQE9	P05855	0
P59923	P69726	0
Q9BSJ2	P05872	0
Q9NRB3	P04580	0
Q96GI7	P24741	0
Q6AI39	A0EXJ0	0
P10124	P04620	0
Q9UBD3	P20871	0
Q99795	P05859	0
Q16822	Q993A8	0
P27918	P69718	0
Q9BU79	P69726	0
Q6ZNI0	P18095	0
P53985	P05887	0
P62937	P05867	1
Q01362	P08805	0
Q96S21	P12519	0
P07316	P19553	0
P12259	P04583	0
Q9H0R4	P04588	0
Q6ZUX7	P20888	0
A6NFI3	Q2N0S5	0
Q96CP6	P05877	0
Q96HJ9	Q03806	0
O14519	Q2HZL0	0
Q9H4E5	P20867	0
Q9Y586	P18805	0
Q08AI6	Q75760	0
P02795	P03366	0
Q5HY92	P05866	0
Q8NC26	P04599	0
P53680	P04601	1
Q8N4M1	P69723	0
B4DS77	P12504	0
Q9NY87	P04326	0
P43363	P19545	0
Q8N264	P05927	0
Q8WXQ8	P18092	0
Q8WYR4	P20893	0
P56746	P19555	0
Q684P5	P12484	0
Q8TCS8	P12506	0
P62249	P88585	0
P55771	P18095	0
Q9UKX7	P04587	1
P78536	P35967	0
Q6GTX8	P05921	0
Q6IPX1	P05950	0
Q5XKE5	P24738	0
Q99439	P05927	0
Q13285	P04612	0
Q6ZMV8	P05889	0
Q9BYP8	P08806	0
P01213	P04326	0
Q6PIU1	P69726	0
Q96IC2	P31872	0
Q2T9K0	P04587	0
Q6NX45	Q72547	0
Q6VY07	P05858	1
Q8WVI0	Q9Q2G4	0
Q9NP86	P18098	0
P10301	P18094	0
P13569	A0EXJ0	0
Q9NZD2	P08804	0
P61018	P05879	0
Q99542	P05907	0
P14410	P12493	0
Q7RTX0	P08806	0
Q5W0Z9	P20877	0
Q13769	P08805	0
Q9NXL2	P04590	0
Q8IWN7	P04624	0
Q8TCJ2	P04608	0
Q502X0	P05864	0
O43633	P04591-PRO_0000038593	0
Q16348	P05956	0
Q5T6V5	Q6JN72	0
Q9ULW8	P08804	0
O60315	P20869	0
Q92621	P04620	1
Q8WVX9	A0EXJ1	0
P05160	Q9YV12	0
Q01650	P04614	0
Q99674	P18805	0
Q6GTX8	P24741	0
O75475	P03369	1
Q6ZNQ3	P35962	0
P35251	P03349	0
Q7RTS3	P03349	0
Q9H9A5	P19547	0
Q5JVG2	Q77YG1	0
Q8IUA0	P04587	0
Q00987	P04608	1
Q15916	Q77YF9	0
Q9Y6M5	A0EXJ0	0
Q9H6B9	P19555	0
Q9UMW8	O89940	0
P22888	A0EXJ2	0
Q8NH74	Q900A7	0
Q8TD06	P04619	0
Q86SE8	P05959	0
Q8N8Z6	Q77YG1	0
O60711	P05887	0
Q6WCQ1	P03406	0
Q9ULW8	P18806	0
O14763	B0FAM1	0
Q96N03	P04596	0
Q9NV88	Q90VU7	0
Q8IYX0	P04596	0
P46087	P05899	0
Q9HCM4	P04583	0
Q13093	O11918	0
Q8IW92	O89940	0
A2RU49	P12491	0
O75569	P05900	0
Q86Y39	P05925	0
Q9P218	Q9Q2G4	0
P07910	P04618	1
Q8N4S7	Q9Q2G4	0
P63122	P05928	0
P07237	P04618	1
P38646	P12518	0
Q96K31	P04586	0
Q9UII6	P05872	0
P51679	A0EXJ2	0
Q9P219	P04592	0
P13010	P12497	1
P47872	Q72874	0
Q92600	Q1H8S9	0
A4D1P6	P12487	0
P18065	P04580	0
Q6DN72	P05859	0
P40238	P05947	0
Q6ZNE5	P19545	0
A2RUB6	P04618	0
Q86UD3	P20889	0
Q9NQ55	P04601	0
Q96J02	P69723	1
Q9UKP3	P03378	0
Q9NSD7	Q9YWB6	0
Q96SJ8	P12497-PRO_0000042402	0
P59536	P12516	0
P51681	P19549	1
O15273	P04584	0
Q8N816	Q9WIP8	0
Q86UE3	P05908	0
Q92625	P05898	0
C9JRZ8	Q994M8	0
Q96NN9	P04623	0
Q9BYZ8	P20889	0
Q9UK33	A0ESL8	0
Q14CX5	P35960	0
Q96AC1	P05888	0
Q8WYQ4	O89293	0
P61626	P69723	0
O75344	Q72500	0
P48775	P04598	0
Q15013	P18098	0
Q9Y2M0	P04591-PRO_0000038596	0
Q6AZZ1	P03369	0
Q2VIQ3	P04588	0
O14578	P04591	1
Q5T280	O89940	0
B2R4R0	Q77YF8	1
Q6ZRX8	Q9QPN3	0
P0DMS9	P15829	0
Q6PI98	P35967	0
P62328	P04580	0
Q00872	P03366	0
Q99523	P04578	1
Q16348	P05879	0
Q8NGL1	P04578-PRO_0000038427	0
Q9P1Q0	Q70AA1	0
A6NK06	P03378	0
P56880	P05888	0
Q96NL8	Q72497	0
P12270	P04589	1
Q9UGT4	P19545	0
A6NC78	P04608	0
Q8WXB1	Q49DS8	0
O00585	P04592	0
O00139	P05869	0
Q9Y2D2	A0EXJ2	0
Q9NR09	P03367	0
Q7Z2K8	Q72500	0
P52294	P05927	1
Q6IBU4	P04578	1
Q12769	P12485	1
O75678	P31820	0
Q6UWW9	P18099	0
Q8WUM0	P05954	1
Q9BZK8	P69718	0
P33402	Q9YYU8	0
A6H8Y1	P19555	0
P11245	P35965	0
Q9BZ97	Q1H8S9	0
P0C7V4	P05907	0
P01111	P04616	0
Q9Y2G1	Q70625	0
P14060	P12504	0
Q6ZQY3	P04604	0
A0PJE2	P05950	0
Q5VT79	P12499	0
Q6ZSB3	P12484	0
O15540	P05859	0
Q86X45	P05879	0
A0A075B6S6	A0A891	0
Q9UJU2	P05855	0
Q8IZ52	A0EXJ2	0
O75131	Q9Q2G4	0
Q8NET4	P20882	0
Q16762	P19549	0
P23142	P05949	0
Q96LZ3	P04588	0
Q99766	Q9IF21	0
O75531	P05868	1
Q03164	P03367	0
Q9NYB9	P12519	0
A8MUZ8	Q77378	0
Q9BXG8	P04585	0
P50553	P05921	0
Q13227	P12498	0
P19338	P12516	0
Q06323	Q9Q723	0
P32942	P12518	0
Q96PP8	P05906	0
Q14980	P04608	1
Q496J9	P05888	0
P11464	P05870	0
P0DPQ6	P20877	0
Q9HCD6	Q70627	0
O60403	P03367	0
Q9Y4P8	P04620	0
Q6DCA0	P20891	0
Q9Y237	Q9WB91	0
Q9P1Z2	P03369	0
Q8TCS8	P12518	0
O75385	P05858	0
Q13608	Q77YF9	0
Q8TC26	P19545	0
P22090	P18801	0
Q6IPU0	O90156	0
O15165	P03369	0
P15822	P05898	0
P55318	P08808	0
P61218	P05908	1
P27169	P03366-PRO_0000042285	0
Q13426	P05900	1
Q6L8G9	P12487	0
Q92543	P03369	0
Q9NRV9	P04604	0
Q9HAT2	P04591-PRO_0000038593	0
P01730	P20892	1
Q2TAL5	P05868	0
P60372	P18806	0
Q6ZNC8	P05900	0
Q96J65	P05907	0
P0CV99	A0ZUT1	0
Q8NHX4	P20887	0
Q96EE3	P05870	1
Q53SF7	Q994M8	0
P15291	Q993A8	0
Q9BZD7	P04593	0
Q8IYE0	P05951	0
O43610	Q72499	0
O60812	P04583	0
Q16478	P12497-PRO_0000042402	0
Q5JS54	Q70622	0
P05019	P18094	0
P04233	Q9WB91	1
Q12769	P08807	1
P17081	Q900A7	0
Q8WX92	P04613	1
Q5VT97	P05870	0
Q9Y4C0	P05947	0
Q49AM1	A0EXJ3	0
P30533	P05919	0
Q9UGM5	P18805	0
Q5GLZ8	P05871	0
Q6QNY1	P04618	0
Q9NUJ1	O12161	0
P49593	P05857	0
Q96RS6	P04622	0
O00144	P12497	0
Q9H8W2	P04592	0
Q13232	Q73372	0
A6NLE4	P20867	0
Q7Z6E9	P12497-PRO_0000042402	0
Q9H223	Q71B31	0
Q15058	P04602	0
P78508	P19547	0
Q8TE02	P05908	0
O95279	Q03806	0
Q86UQ8	Q9Q2G4	0
O60636	P05954	0
Q96K49	P20892	0
Q9P0K7	P35960	0
Q8N9H8	P18801	0
Q6ZUB0	P12515	0
Q30154	P24737	0
Q99645	P05880	0
Q14694	O41790	0
Q58A44	P20882	0
Q8TD23	P04588	0
Q92839	P05956	0
P83876	B9A2Q4	0
A8MVZ5	Q9YXY3	0
Q8N328	B3UES2	0
Q6UX41	P19551	0
Q96PU8	Q9YYH6	0
Q5H9T9	Q70627	0
Q9H1K0	P04583	0
Q6IMI6	P12497-PRO_0000042402	0
Q99952	Q70624	0
P35712	P04324	0
Q9NWF9	A0EXJ2	0
O60664	P05949	0
Q5HYC2	P05871	0
P50052	P24738	0
P22676	Q72547	0
A8MU46	P19549	0
Q6JEL2	P12487	0
A6NET4	P19547	0
Q6ZNB6	P04326	0
Q96PQ7	P88585	0
Q96A54	P04604	0
Q99250	P18799	0
A6NGB0	P18806	0
Q96KB5	O70903	0
P01825	P04578-PRO_0000038427	0
Q5FWF7	P20890	0
P59539	P05955	0
Q96A00	Q72874	0
O60397	P04610	0
Q9P2P1	Q9WPU2	0
Q1W6H9	P04579	0
P43353	O73199	0
Q71RC9	Q71B31	0
P36268	P05856	0
Q9Y2C9	P18098	0
Q9NRY5	P04601	0
Q8TDU9	A0EXJ0	0
P40306	P12493	0
Q9UN36	P05898	0
Q92556	P19545	1
Q96QD8	P19545	0
Q96BN2	Q9YYU8	0
P0DMB2	P05870	0
Q8NFV5	P08808	0
Q12769	P04587	1
Q9BQL6	P18801	0
H0YKK7	Q70XD7	0
P01833	P12485	0
Q9Y4K3	P04580	0
Q9C0K1	P04604	0
Q8WUM0	P08807	1
Q8ND61	P05867	0
Q8N3T6	P04584-PRO_0000042547	0
A0A087WTH5	P04599	0
Q9H6X4	P12493	0
Q96EU7	P20871	0
Q6ZVT6	P05889	0
Q8NEP7	P35967	0
P31327	G9HS63	0
Q15973	P20879	0
Q9Y5P6	P04592	0
P62979	P20882	1
Q9UKN7	P05866	0
P0C7T7	P04612	0
Q12846	P04579	0
Q8N3C7	B0FAM1	0
Q9NR80	P19552	0
P48449	P12491	0
O95905	P04620	0
Q9BRT3	Q70XD7	0
Q5XUX1	P15829	0
Q6P4Q7	Q75760	0
Q99650	P05907	0
Q8NHW3	B0FAM1	0
P09038	P03377	0
Q99435	P05857	0
Q9BVW6	P12483	0
O75973	Q70145	0
Q96KS0	P03402	0
Q8IZP0	P04587	0
Q9NPI1	Q72547	0
Q5BJF2	P03349	0
Q99567	P05924	1
Q9NYP8	P04588	0
P19838	Q9WB91	1
Q5TDP6	P05906	0
Q01581	Q72497	0
Q0ZGT2	P24737	0
O60506	P04618	1
Q7Z4K8	P05899	0
A6NHN6	P18802	0
Q8NGQ6	P20888	0
P00973	P04604	0
O75900	Q9IDV3	0
P49281	Q70624	0
Q8N660	P35964	0
Q5SRD1	B9A2Q4	0
P43487	P12485	1
P57679	P04587	0
Q7Z5L2	P12506	0
Q9Y5I7	Q72497	0
Q92521	Q49DS8	0
Q9Y2J8	P03375	0
O75449	P12497	0
Q13214	Q9YWB6	0
A0A1B0GUS4	P04579	0
Q96DR4	Q8Q7Z9	0
Q7KZF4	P03369	0
Q96BR5	Q2N0S6	0
A0A087WTH1	P20888	0
Q9Y275	P05887	0
O43711	A0ZUT1	0
O43324	P19554	0
O75694	P05950	1
Q8IWT3	Q75760	0
Q9Y619	Q9YV12	0
Q86VP6	P12495	0
Q92466	P04603	0
Q96P56	Q70AA1	0
Q9H6F5	P31820	0
Q7Z309	A0EXJ0	0
Q2TBA0	Q9IDV3	0
Q9Y5E4	P12499	0
Q9Y585	P04326	0
Q13105	P12520	0
Q9H015	P04597	0
Q9NYK6	P04582	0
P15289	P04604	0
Q9C0J9	Q9YXY3	0
Q96HV5	P03377	0
Q96L73	P04602	0
Q07687	Q900A7	0
P00325	P03377	0
O43766	P20891	0
Q9UKX7	P24740	1
Q9H6Y7	A0ZUT1	0
Q14442	Q2N0S5	0
Q8NHU0	O12161	0
Q8IZ41	P05923	0
Q5FWE3	P04608	0
Q8NH01	P20882	0
Q9Y6X5	P35965	0
Q8TBN0	P31820	0
P78406	P05865	1
P13010	P04586	1
P01730	P05858	1
Q86W92	P08807	0
Q8N6F8	P12517	0
Q99727	Q70XD7	0
Q9P0N8	P03402	0
H3BN30	P19555	0
O60583	P19552	1
P0CL85	Q900A7	0
Q8NC44	P04585	0
P49458	P20883	0
Q99567	P12495	1
Q9H607	P35959	0
Q9NZK5	P69726	0
Q9H7L9	P69723	0
Q5TC84	Q70627	0
Q9P086	P19547	0
Q8NFH3	P05864	1
P17658	P20891	0
Q9ULA0	Q77378	0
Q6ZUT6	P08806	0
P08048	P04609	0
Q9NS69	O89293	0
O75531	P05889	1
Q9BRP8	P69718	0
Q6ZU45	P04585	0
P11142	P04608	1
Q8N283	P04594	0
P61077	P03402	0
Q8WXA8	Q8JDI3	0
Q9BXY0	P12483	0
Q9Y5V3	P69723	1
O95922	P20877	0
Q9UH65	O70903	0
Q9NYW1	P04602	0
P24588	Q9WPU2	0
Q15070	P18098	0
Q8WTR4	P04622	0
Q9UIV8	P89582	0
Q96LJ8	Q9Q723	0
P08185	P12498	0
Q9UKT6	P18803	0
A0A1W2PPG7	P20891	0
Q5T7P6	P24741	0
A6NI15	P12517	0
O14994	Q994M8	0
P37198	P20891	1
Q7Z7D3	P18045	0
Q4G0N0	B0FAM1	0
Q92620	O12160	0
A8MTI9	P20890	0
O75832	P19549	0
Q00403	Q77YF9	1
P48729	Q1KW74	0
O00212	Q79791	0
P49792	P05864	1
Q9H0K4	Q70XD7	0
P15918	P20890	0
Q8NG76	P08805	0
P05230	P04590	0
Q8N307	P05869	0
Q2TBE0	P04578-PRO_0000038427	0
Q96MT7	P04619	0
Q6UWF7	P05899	0
Q8NDC0	Q8JDI3	0
Q5T751	Q9Q2G4	0
P49005	O89293	0
Q86TM6	P04583	0
Q9P218	P18801	0
P04439	P12478	1
O75971	P05921	0
Q9UIG5	P03402	0
Q9NRJ1	P12498	0
Q9NQT5	P35966	0
Q68CQ4	P24738	0
Q14019	P24740	0
Q969E3	P04324	0
P78406	P08808	1
O00175	Q9QPN3	0
Q9BYE3	Q77YG1	0
P42681	P04608	0
Q96KJ9	P05956	0
P35658	P12485	1
P10747	P05854	1
Q8NGD5	P08803	0
Q8TF01	P05925	0
Q7Z7J9	P05880	0
Q32P44	B9A2Q4	0
O96028	Q70145	0
Q9UMR2	Q9YXY3	0
Q9BT49	P12515	0
P19387	P35965	1
P15514	P05949	0
Q05996	P35967	0
O95096	P04593	0
P43363	P04602	0
A0A0A0MT76	P31872	0
P59998	P12519	0
P16112	O11918	0
P0DOY3	P24740	0
O75531	P04620	1
Q9NRH1	A0EXJ3	0
Q7Z3H4	P12516	0
Q2PZI1	P03366-PRO_0000042285	0
Q92621	P12483	1
Q9BT30	Q90VU7	0
Q9Y4G6	P05923	0
P30556	P12499	0
Q7Z3B4	Q70622	1
O15047	P04608	1
Q6L8Q7	Q72497	0
Q5VV52	P35960	0
O43292	Q72497	0
Q96Q27	P04610	0
Q8NFH4	P08808	1
A8K761	B0FAM1	1
P30926	P12485	0
Q8N9L9	P20875	0
P17676	Q70623	0
P57739	P88585	0
Q8WW59	P05900	0
Q15645	P04618	1
A6NC62	P20875	0
Q9Y2Y1	P05921	0
Q7L190	P05868	0
A6NKG5	P08806	0
Q9BTX1	Q70625	0
Q8TC12	P12518	0
P49888	P04602	0
Q96EE3	P05951	1
Q9H7M6	Q2HZL0	0
Q5D862	P12493	0
Q6ICC9	Q76129	0
Q9H3Y0	Q9WIP8	0
Q7Z4W3	P19545	0
Q2TAP0	Q75760	0
Q8WVV9	Q70XD7	0
Q9UJ55	P20886	0
Q9Y2Y8	P05882	0
Q96RU3	A0EXJ0	0
Q9Y2T1	P05877	0
P12956	P20882	1
P29536	P03402	0
Q14872	Q9WC62	0
Q9BW27	P05927	1
Q14126	Q75760	0
Q96BM0	Q1PHM6	0
O95475	P12504	0
P61266	P04602	0
Q8WUY3	P12484	0
P54315	P12517	0
Q14563	P18803	0
Q8NGS2	P20867	0
Q2QD12	P12503	0
Q8TDS7	P05908	0
Q8WUA4	Q6JN72	0
P78406	P03369	1
Q6ZRR7	A0EXJ0	0
Q9BQ89	P05899	0
P29375	P88585	0
P09619	O41790	0
Q13324	P04582	0
P50539	O41790	0
Q8N9H6	P24739	0
A8MUA0	P20893	0
O43747	P05859	1
Q01851	P03377	0
P07358	P04591-PRO_0000038596	0
Q12765	P05907	0
Q05397	Q993A8	0
P62979	P05949	1
P62166	Q9QPN3	0
O95398	P05899	0
P16220	P35964	0
P0DP04	P04324	0
P20701	P05955	0
Q8NFM4	Q9YWB6	0
Q86YE8	P12495	0
Q13342	O70903	0
Q8NGA0	P03377	0
Q9UHP9	P04579	0
Q86UY6	Q9WIP8	0
Q9NQ79	P20883	0
P43490	Q70627	0
P07902	Q8JDI3	0
Q8NGQ6	Q306M3	0
P10092	P03404	0
Q9NYK1	B0FAM1	0
P0CL84	Q71B31	0
H3BTG2	P04578	0
Q9NZR1	P12499	0
P49840	Q70145	0
Q13838	P69699	0
A6NF34	O73199	0
Q9NYQ3	P24737	0
P34947	P05950	0
Q8WUM0	P05923	1
Q86XP6	P05879	0
Q5VTQ0	P04579	0
Q8TAQ9	A0A0U5B5J2	0
Q15019	P05858	0
Q06033	A0EXJ0	0
Q6ICL7	P04583	0
Q0VG99	P19553	0
Q8WXF0	P05907	0
Q13614	P12478	0
O94827	O12161	0
Q8WUH6	Q9IF21	0
Q15147	B3UES2	0
P06127	P05889	0
Q07820	P05900	0
O14841	P05866	0
Q14147	P04609	0
Q5SRR4	P20875	0
Q9UNK9	P18098	0
Q9UPX6	P24737	0
Q96IR3	P18094	0
Q96JZ2	Q70624	0
O60361	Q900A7	0
Q96HA1	P04588	1
P20591	P12516	0
P42336	P08808	0
Q6ZWB6	P12489	0
O75311	P04589	0
Q2M3C7	P12506	0
Q5JSZ5	O90156	0
A6NND4	P35961	0
P21953	P05905	0
P05129	P20888	0
A0A075B6S6	P05887	0
P49915	P05870	0
Q9H1K0	P05954	0
Q9NX18	Q70624	0
Q9NVX2	P35959	0
Q9Y276	Q90VU7	0
P36896	Q79791	0
Q9BW27	P12484	1
Q12907	B0FAM1	1
B1ANH7	P12497	0
O95072	P12478	0
P30411	Q306M3	0
P01568	P12497	0
O60783	P08808	0
Q96J66	P12484	0
Q5FWF7	Q9Q2G4	0
Q9H1R2	P04584	0
Q9BYJ0	P05949	0
Q9UDR5	P20872	0
Q969S8	Q9YXY3	0
P59923	P03378	0
O14979	P04618	1
P0DKV0	P20882	0
P17661	A0EXJ1	0
Q4UJ75	Q306M3	0
Q9Y2Q5	Q900A7	0
A0A2R8Y5P7	P03367	0
Q99497	P31820	0
Q9BUY5	Q77YG1	0
P26640	P04578	0
Q9NRG9	Q70623	1
O15091	P04579	0
Q0P5P2	P05889	0
Q8N292	P20872	0
O95864	Q9Q723	0
O95237	P19551	0
P17706	P05952	0
Q14764	P12515	0
A4QPB2	P05872	0
P61604	Q72874	1
Q5T319	P04598	0
Q9Y324	Q72499	0
P05026	P04614	0
P78386	P18800	0
Q96A61	P19547	0
W5XKT8	P08807	0
Q68J44	Q900A7	0
Q9UHJ3	O73199	0
O15382	P18803	0
Q9BV38	O11918	0
A0A0U1RR11	A0ZUT1	0
Q96N66	P03347	0
Q9Y2E4	P19546	0
Q96PP8	Q2N0S5	0
Q9H8M7	Q9Q723	0
Q96GD0	P04590-PRO_0000038615	0
Q8WU03	P20873	0
Q8N5H3	P20889	0
P19320	A0EXJ1	0
Q96PP8	P05888	0
Q8NGY5	O89940	0
Q8NH63	P04611	0
P68431	P05856	0
O95985	P05905	0
Q5GAN3	P04581	0
P41595	P05867	0
Q9P0R6	Q70623	0
Q9NPA3	P20871	0
Q3SXY7	P12478	0
Q9NWU5	P04591-PRO_0000038596	0
Q9Y6X0	P04618	0
Q32M92	P03377-PRO_0000038388	0
O75339	P05888	0
O60831	P05900	0
P59923	P04603	0
Q9UBQ0	Q8Q7Z9	0
A6NES4	P04612	0
Q9UHG3	Q77YF9	0
Q9P241	Q1PHM6	0
Q8NFH3	P12520	1
Q9BXW4	P18098	0
P59665	P05880	1
B2CML4	P04601	0
Q15772	P04618	0
Q9NRX5	P08807	0
Q9UIL1	P05869	0
Q9BZG1	P69699	0
P05814	P04608	0
Q9Y535	P20893	0
O75127	P88761	0
Q9BV57	P12494	0
P62937	P12503	1
Q9HBW1	P05954	0
Q9H814	P88585	0
Q9Y4X1	P12478	0
P39023	B0FAM1	0
P22732	P12515	0
Q9NRV9	P03377-PRO_0000038388	0
Q9NQS5	Q6JN72	0
Q9Y6X0	P04597	0
Q6NW40	Q8JDI3	0
P27487	P05924	0
P54252	P12494	0
Q96QH2	P20883	0
Q13569	P04582	0
Q6EKJ0	P03375	0
O60260	P03404	0
O14717	P08804	0
Q8TEB7	P05877	0
P06239	P20867	1
Q8WWZ7	G9HS63	0
Q8TDS7	P05959	0
Q6WRX3	P12498	0
Q07699	P12518	0
P21673	Q994M8	0
Q6P047	P03347	0
P09958	P20873	0
P20226	P12497-PRO_0000042399	0
O95497	Q9YWB6	0
Q9NP55	Q75760	0
P52948	P05872	1
P01730	Q70626	1
Q8IWX5	P35961	0
Q8WV93	Q77YG1	0
Q6ZSJ9	P88761	0
Q9BZM1	P04618	0
Q00688	Q9Q723	0
P0DMW2	P03378	0
Q9UI40	P05858	0
Q16534	P12484	0
Q13426	P05899	1
Q969S9	B3UES2	0
Q9UBD0	A0EXJ2	0
Q9P0P8	Q70623	0
A6NL05	Q8JDI3	0
Q96CT2	P12517	0
Q9NPZ5	P04592	0
P06133	O90156	0
Q68EM7	Q9WIP8	0
Q6ZTQ4	P69699	0
Q15526	P03375	0
Q8IXW5	P18806	0
Q96G04	P04622	0
Q9H6Q3	B9A2Q4	0
Q9H5F2	P20869	0
P55317	P04585	0
P32942	P05864	0
P29728	P04587	0
Q9C0C4	P20886	0
Q9BYD9	Q9QPN3	0
Q8WVJ2	P04612	0
Q9NYV8	P05956	0
O60939	P05906	0
Q12791	Q77YG1	0
P35318	P04583	0
Q9H2A3	P04599	0
Q92750	P05868	0
O00629	Q72874	1
Q8N9I0	P05877	0
P18615	P04610	1
A0A0J9YX75	Q90VU7	0
Q9Y6Q6	P35963	0
Q9UN37	P24737	0
Q9UBP9	Q9YV12	0
Q8NFH5	P19554	1
P0DPQ4	P04593	0
P19174	P05925	0
P15172	P12499	0
Q8N6C8	P08803	0
Q6ZN44	P04616	0
P0DKB5	P05899	0
P17787	P04621	0
Q5VSL9	P12485	0
P13010	P18806	1
Q8IX07	O89293	0
Q9Y2E5	Q77YF9	0
P55769	P04591-PRO_0000038596	1
P12271	Q9YWB6	0
Q5W064	P19550	0
Q12796	P05877	0
O95199	Q9IDV3	0
Q9Y5E1	P04620	0
Q86YV9	P03377-PRO_0000038388	0
Q9H4A4	P35964	0
Q8NFH5	P08808	1
Q9Y5E1	P04610	0
P62304	P05857	0
A5D8V7	P05899	0
A6NLU0	Q9YYU8	0
A8MVU1	O89293	0
Q8NGH5	P05879	0
O76070	A0EXJ3	0
Q8NFH4	P12503	1
Q8NFH3	P05950	1
P42695	P04592	0
O43809	P35967	0
Q9NWD9	Q77YF9	0
Q9UQ26	P04614	0
Q8N6N2	A0A0U5B5J2	0
P37108	Q72547	0
A1L190	O90156	0
Q86VZ1	P04578-PRO_0000038427	0
Q9H720	P05872	0
Q16643	Q9WPU2	0
P27216	P12495	0
Q7Z408	P05924	0
Q86UK5	P69723	0
Q9H871	P04591-PRO_0000038596	0
O15504	P05868	1
Q8TBE9	P03406	0
Q9NSD4	A0EXJ3	0
Q8NFH4	P19555	1
Q69YW2	P03349	0
Q9Y6D5	Q90VU7	0
Q96TA1	P08806	0
O00206	P18803	0
Q9UKP3	Q2N0S6	0
O15504	P03366	1
Q9UBP5	P05880	0
Q9BWF2	O40177	0
Q3LI58	P12490	0
P41219	Q70625	0
A0PK05	P24737	0
P60852	P19550	0
P08684	P24739	0
Q53H82	P12483	0
Q15075	P05869	0
P01730	P05871	1
Q9H0T7	P12490	0
P01133	P20883	0
Q6P1Q0	A0A0U5B5J2	0
Q9UK99	P05899	0
P35573	P18099	0
P61073	P12517	1
D6RIA3	P04591-PRO_0000038593	0
P10966	P04603	1
P04155	P05890	0
Q9P283	P04578	0
Q92783	P20892	0
B2ZZ89	Q2N0S5	0
Q5VT66	P04620	0
Q99418	P03367	0
Q86W33	P19553	0
P11150	Q72874	0
Q9H9P2	P31872	0
Q9H9H5	P05898	0
Q9NZU0	P05908	0
P11509	P04612	0
Q5T5B0	P18094	0
Q12766	P04587	0
Q9Y2H5	Q70627	0
Q7Z7M9	P05890	0
P05089	P05905	0
Q9NS67	P04603	0
Q99217	P04611	0
Q9H2Y7	P05877	0
Q569K4	P35963	0
P38606	P05877	0
Q6NXR0	P03375	0
Q9UPQ0	P20889	0
P11226	A9PKC6	0
P05423	P12494	0
Q9H7F4	P88761	0
P03901	P35962	0
Q8IW35	P18801	0
P54849	P03369	0
P05451	Q03806	0
P80303	Q8Q7Z9	0
Q7LBE3	P04602	0
Q8TCY0	P08808	0
Q5BKX6	P03349	0
A6NNM3	P05927	0
Q5SW96	P05864	0
Q14687	A0A0U5B5J2	0
Q53FP2	P05868	0
P04179	P15829	0
P0C7Q6	Q79791	0
Q8WUG5	Q9YYU8	0
Q9UHD8	P04603	0
Q92496	P04326	0
G3V5T9	O70903	0
Q9Y3Z3	P05877	0
Q5T7P6	P04588	0
Q9UBX2	P04578	0
Q96GT9	P05900	0
Q9UPP2	Q1H8S9	0
Q6UXT9	Q2HZL0	0
P20273	P04584	0
Q13426	P20887	1
Q9NRM6	Q6JN72	0
Q496F6	P05908	0
A6NHY6	P03347	0
Q0VFX4	P20887	0
H3BSY2	P88585	0
Q8TE49	P05949	0
P09038	P04608	1
Q96DG6	O11918	0
Q6P0N0	P08807	0
Q13427	P69718	0
Q5H8A3	P31819	0
A5PLL1	P05948	0
Q05952	P88761	0
O43900	Q9YYH6	0
O00459	P35963	0
Q9UII6	Q70624	0
O14795	P05877	0
P62913	B0FAM1	0
Q9Y5B9	P04324	0
Q4FZB7	P05889	0
P36404	P24736	0
Q96JB1	P04603	0
Q9HD90	P05907	0
Q9UJX0	P18095	0
Q2QD12	Q9WC62	0
Q12798	P05907	0
Q96HR8	P05907	0
Q96GW9	P04601	0
Q8IWV7	P35961	0
Q96IP4	P12494	0
Q86VW1	P04597	0
Q9BWW4	P05900	0
Q9UBE8	P12503	0
Q99567	P03369	1
Q13137	P04593	0
A6NKD9	P04608	0
Q8N4C6	P12479	0
P01906	P69726	0
Q8NBW4	A0EXJ1	0
Q6ZRX8	P18045	0
Q96S65	Q9YYU8	0
P58417	P20890	0
Q9NZQ7	P05890	0
Q7RTV2	P69726	0
P12270	P12483	1
O75373	P19555	0
Q8WWL7	Q49DS8	0
O60234	P04597	0
Q06330	P04603	0
O43427	Q2N0S5	0
Q9BQ24	Q993A8	0
O95997	P12488	0
Q5FWF7	P12488	0
O75064	A0EXJ2	0
Q9Y5C1	A0ESL8	0
Q7Z745	P20886	0
P08631	P04324	1
Q16891	P04591-PRO_0000038596	0
P13010	P69723	1
O75204	P04623	0
Q9NQW7	P05905	0
Q9NRG9	P35966	1
Q7Z7H3	Q72874	0
P60604	P03375	0
Q5VT28	P18097	0
A3KFT3	P05855	0
P51946	P24738	1
Q0VD86	Q79791	0
P61916	P05907	0
Q9NRM6	P31819	0
Q9H5V7	B0FAM1	0
P61289	P69723	1
Q8NHW4	P12498	0
Q8IYX0	A0EXJ1	0
P17014	P08808	0
P35232	P04608	1
O60925	Q6JN72	0
Q3B7T3	P05900	0
O43837	P03407	0
Q8IU81	P20882	0
Q6GPI1	P69699	0
Q86VB7	Q77YF9	0
Q15717	P05900	0
P09769	P20891	0
P11217	P05954	0
Q6UX52	P03377	0
O95406	P20883	0
Q8N446	P12493	0
P12236	P05951	1
O94880	Q9WB91	0
Q01538	P12491	0
Q15329	P04608	0
Q8WU43	P35961	0
Q7Z7H3	P18098	0
Q9UPW6	P35962	0
Q9H3G5	P20888	0
Q16698	P04623	0
Q9H8T0	O89940	0
Q03518	Q9WIP8	0
Q8NDX5	P20886	0
Q9ULW8	O40177	0
Q96NW7	O41790	0
O14599	P04613	0
P29460	P19550	0
Q99594	Q0ED31	0
P60827	P05877	0
Q6Q788	P04620	0
Q9NRG9	P12515	1
P62937	Q70626	1
Q15334	Q70623	0
Q8NFH4	P19547	1
O43184	P04578	0
Q99958	P04622	0
Q08945	P05905	1
Q9H867	P05890	0
Q5T655	P05900	0
Q14584	P05872	0
Q15493	P35964	0
Q7L7L0	P18799	0
P01730	P18801	1
Q8NFW8	P18806	0
Q9UNH6	P05859	0
A8MTY0	Q1H8S9	0
Q99742	P05959	0
P0CE72	P05927	0
P0C874	P88585	0
Q9NSE4	P35963	0
Q8N690	P05960	0
Q15020	P04608	1
Q96M85	P19550	0
O75923	Q75760	0
Q9H159	Q70XD7	0
Q9H7B4	P05859	0
Q9UHG3	Q993A8	0
A6NKK0	P03378	0
Q8N2K1	P18094	0
Q6UB98	P04587	0
Q3SXZ3	P05959	0
Q96DE9	A0A891	0
Q8IYG6	P05865	0
Q9HC16	P05948	1
Q9NWR8	P04578-PRO_0000038427	0
Q99440	P05925	0
Q96NT3	O12161	0
Q9UKF5	P19555	0
Q15796	P05949	0
Q2UY09	P04593	0
Q9H3M7	P19548	0
Q9NYL5	P18799	0
O75311	P69718	0
P68371	P69699	0
Q6XUX3	A0EXJ3	0
Q8WXJ9	P05906	0
Q8N8J7	P18097	0
Q9H156	P05877	0
O15374	P05960	0
P17027	P05890	0
Q14244	P20875	0
Q9BS91	O40177	0
P30559	P12518	0
O75116	Q9YYU8	0
Q9HBQ8	A0ZUT1	0
O00421	Q9QPN3	0
Q13563	P24740	0
Q9P0B6	P20892	0
P51681	P31872	1
P24522	P04578	0
O43298	P04580	0
Q5SVZ6	P05888	0
Q9BQI5	P19550	0
P53680	P18092	0
Q9Y252	P31872	0
P11161	P04592	0
Q96FN9	P05870	0
Q9P0W2	Q1KW74	0
Q6P087	A0EXJ2	0
Q86WI0	P04597	0
W5XKT8	P05956	0
Q6ZW05	P04591-PRO_0000038598	0
Q14807	P05879	0
P26927	P20879	0
Q5JPB2	P03378	0
Q7L0R7	P05927	0
Q9H1J7	Q72497	0
Q9UIA0	Q70145	0
O15075	P04614	0
Q32M92	P05949	0
Q9UKT4	P04585	0
Q9NY91	P04598	0
O14548	P69718	0
P18754	P12485	1
O75475	P04623	1
Q9BWU1	P19554	0
P06702	P03367	0
P56696	Q9WPU2	0
Q53GL7	P03407	0
P06454	P04585	0
Q9H2W6	Q79791	0
Q8N4P3	Q900A7	0
Q9Y5F0	Q70627	0
Q96L50	P05855	0
P49019	Q9IDV3	0
Q8N6M5	P04614	0
O60671	A0ZUT1	0
P52948	P04623	1
O60610	P05868	0
Q9HCG8	P04586	0
Q8TDX7	P05919	0
Q8IYY4	P05877	0
P11168	P05906	0
O94941	Q70AA1	0
Q8N456	Q9WB91	0
Q32P28	P24739	0
P30086	P05890	0
Q9H8G2	P05928	0
Q9ULI4	P05882	0
Q9NWD9	Q79791	0
Q969S3	P03369	0
Q92759	P20879	1
Q9BVQ7	P04620	0
P15309	Q9WB91	0
Q9Y2Q3	Q03806	0
Q9H4B7	Q9WIP8	0
P49326	P05923	0
P0CG47	P05921	1
P12872	Q49DS8	0
O75920	Q9YXY3	0
Q9UNH5	Q9YXY3	0
Q9NPQ8	P04611	0
Q8NE79	P05877	0
Q9BZM3	Q70145	0
P43005	P03402	0
P62495	P04610	0
Q9NRX6	Q70XD7	0
Q96IX5	P04590-PRO_0000038615	0
Q7Z3Z0	P04578-PRO_0000038427	0
Q96N19	Q9IDV3	0
O00231	P03406	0
Q08945	P04613	1
Q9BSG5	P12489	0
P63027	P19553	0
Q6UWJ8	P18097	0
P51681	P05927	1
P62826	P05864	1
P01730	P04624	1
P83916	P04324	0
Q8NEJ0	P05919	0
Q3KQZ1	P12478	0
Q9Y3B2	P04618	1
Q9BXS6	P19551	0
P54315	Q03806	0
Q9Y2L8	P04326	0
P49023	O12161	0
Q5EE01	P04588	0
Q9UHR6	P12485	0
O75581	Q8Q7Z9	0
P52435	P20893	1
Q96NZ8	P20887	0
Q92765	O40177	0
P16284	P12495	0
O43680	P04590-PRO_0000038615	0
O60284	Q73372	0
P46783	P04579	0
H3BV60	P05954	0
P00736	P03366	0
O75064	P03377-PRO_0000038388	0
Q8NGT2	P18806	0
Q8N142	P04325	0
P46199	P20873	0
Q6ZN18	P20869	0
Q6ZMN8	P05858	0
P09110	P04603	0
Q9UF02	P12497-PRO_0000042399	0
Q9NXZ2	P05864	0
P81274	P19553	0
P50539	P05950	0
P61073	P35966	1
Q9BZE7	P05959	0
Q9H0F6	P05948	0
Q96QF0	P05854	0
P55197	P04612	0
Q9NYH9	Q9YWB6	0
Q13472	Q03806	0
A6PVY3	P04584	0
A6NGR9	P88761	0
P0C7V9	P31820	0
P49458	P04618	1
Q9P218	P20893	0
Q9H8M9	Q9Q2G4	0
Q8WW52	P31820	0
Q8NHL6	P35961	1
Q4KMG9	P05858	0
P51681	P12487	1
O96017	P12495	0
A8MUL3	P05959	0
Q5W0V3	P24741	0
Q8NHQ8	P24739	0
O75531	P05924	1
Q9BXW7	P35959	0
P01833	P05871	0
P30419	P05856	1
P17676	P04608	1
Q8IXI2	P12499	0
Q5TI25	A0ESL8	0
P51948	P04610	1
P78362	P35964	0
P21854	Q72547	0
Q9NZJ4	Q6JN72	0
P55198	P04613	0
P41743	P18800	0
Q1ZZU3	P04598	0
Q8TC12	P04596	0
A6NN90	P20871	0
Q9NQM4	P19546	0
P57730	P05952	0
Q8WXK4	P05870	0
O75616	P19548	0
Q8WTR4	A0EXJ1	0
P35226	P20888	0
Q13183	P05882	0
Q9BT56	P24739	0
P51172	P05890	0
Q4VC05	P05871	0
P13640	P04578	0
P0DMR3	P12503	0
Q9H9H4	P12494	1
Q5SQS7	Q70XD7	0
Q7L8J4	P05871	0
Q8TBN0	P04604	0
P03986	P24737	0
Q8N0U2	P05857	0
Q14938	A0EXJ3	0
P48047	Q72497	0
Q5T160	Q77YF9	0
P61236	P05854	0
O43166	P18802	0
P32780	Q306M3	0
P17096	P08807	1
P51911	P04597	0
Q96RD9	P05888	0
Q00765	P04602	0
P21589	P20890	0
O60841	P04604	0
Q9H3S3	P08808	0
Q9Y6B7	Q9YXY3	0
P20042	P04620	1
Q9H237	O70903	0
O95470	P12495	0
Q9P015	P05869	0
Q9NQV7	P12490	0
Q8TDD5	O89293	0
Q9BTT4	P05865	0
Q6IV72	P08806	0
Q9BXJ4	P69699	0
Q8TED4	P18803	0
Q5JU00	Q9Q723	0
Q86UW7	P05908	0
P12270	P05899	1
O75400	O11918	0
Q16630	P04618	1
Q13258	P12488	0
P19105	P05872	0
Q8WUM9	P12497-PRO_0000042399	0
Q14118	P35966	0
Q6FI13	P04602	0
Q5HYL7	P05921	0
P27707	O40177	0
Q9Y2W3	P20888	0
P52926	P05919	0
Q8TCD5	P88585	0
Q9BSV6	P18800	0
Q8IZF2	P04589	0
Q9NR96	P04591-PRO_0000038596	0
Q9Y2E6	P35966	0
Q9UKX7	P04599	1
Q8TD57	Q9WB91	0
O75694	P05869	1
A0A075B6N1	P04586	0
Q15124	P05870	0
Q9Y478	P05859	0
P48066	P19549	0
Q9NVX0	P03377-PRO_0000038388	0
Q7Z406	Q72874	1
P10155	P18805	0
Q9BYE9	P12479	0
Q8NEB7	P04582	0
Q8NEP7	P12503	0
Q01196	P05947	0
Q96L73	Q70AA1	0
Q9UKA1	P05950	0
Q8N4Q0	P12515	0
P19447	P05907	1
Q9GZT5	P05954	0
Q9NVH1	P04579	0
O95377	P03402	0
Q14241	P20893	1
O95985	P20886	0
Q9H0D2	P12495	0
P05814	P04326	0
P35659	Q9IF21	0
Q96QV1	P04578	1
Q96P70	Q9WC62	0
Q6SJ93	P69718	0
Q9UNX3	P12493	0
P12270	P04620	1
Q8NGR1	Q9IF21	0
Q96HJ3	A0ZUT1	0
Q15080	P03402	0
Q9Y258	P12491	0
Q8NCL9	P04610	0
Q7Z3B4	P04594	1
Q9NRD9	P05952	0
Q5VZ72	O40177	0
O95750	P19550	0
Q15170	P20891	0
A2A288	P05858	0
Q9Y691	O40177	0
Q5VWG9	P08807	0
P19878	Q9Q2G4	0
P59282	P04610	0
Q9UJ55	Q72874	0
Q9UKP5	P18094	0
Q6NXP2	Q9WIP8	0
P0DJD9	Q73372	0
Q9BYR9	Q03806	0
Q8IUA0	P20883	0
O95219	P04597	0
Q9GZU0	P04621	0
Q96R28	Q6JN72	0
P0DP58	P18099	0
P61073	P05898	1
Q9H1J5	P04589	0
O60869	P05906	0
Q86Y78	P12503	0
O60551	P05887	1
Q9BUP0	P12485	0
A6NN06	P12506	0
O15335	Q72499	0
O95926	Q994M8	0
O14966	P05900	0
Q8WW34	P05867	0
Q6U7Q0	P05899	0
Q9H9E1	P04585	0
Q9UMR3	A0ESL8	0
P22676	P04585	0
P37287	P08807	0
A2VCK2	P18802	0
P57740	P35962	1
Q5VW36	P05921	0
Q8NFH4	P18806	1
Q8NFX7	P69697	0
Q8NGC0	P03367	0
Q06330	A0EXJ1	0
Q8TEM1	P04599	1
A2RUS2	P12490	0
Q96A56	P12491	0
O15409	Q9WPU2	0
Q8TBJ5	P18806	0
Q9BWT1	P20869	0
Q92621	P04596	1
O60256	A0EXJ2	0
Q9HBJ0	P12517	0
Q9Y6E7	P05905	0
Q8NGI2	P05952	0
Q9BVL2	P08803	1
Q2M2E3	P04608	0
Q5TA89	P05952	0
A0A087WXM9	P18799	0
Q5SXH7	Q72497	0
O00716	P04602	0
P54849	P05855	0
Q8NDV7	Q77378	0
P80297	P04598	0
O43916	Q9IDV3	0
Q9UNA3	Q73372	0
Q86VK4	P89582	0
A1L4K1	P35964	0
O60225	Q70AA1	0
Q96MA6	Q0ED31	0
P14859	P04584	0
Q9UBE0	Q77YF9	0
Q01201	P03407	0
Q969G9	P04592	0
O94985	P08807	0
Q9HCM9	Q9YWB6	0
Q9BRG1	P05924	0
Q9UQG0	P12483	0
O75093	P04590	0
Q9HC29	Q70622	0
Q6NYC5	P05887	0
Q9ULS5	P05888	0
Q12769	P05867	1
Q5VWQ8	Q9IDV3	0
Q08AG5	P12499	0
Q8TC44	Q71B31	0
P51116	P69697	0
Q96PZ0	P12479	0
Q5BKY9	Q72547	0
P28070	P12488	0
O76038	Q1H8S9	0
Q8IX95	P31872	0
O14775	P04604	0
A0A0K0K1E9	Q70145	0
P42658	P20869	0
Q15811	P18801	0
Q6UW32	P04585	0
Q96SL1	P04586	0
Q7Z422	P31872	0
Q8WWY3	P04620	1
Q8TBZ3	P04591-PRO_0000038593	0
P11766	P05889	0
P14854	Q9IF21	0
Q9UG56	P19553	0
Q3Y452	P04593	0
Q96AB3	P05955	0
Q9HA90	P04604	0
Q96LP2	P35959	0
Q8TF45	P18802	0
Q9BVJ7	P24736	0
Q9BSF4	Q72547	0
Q8WWH4	P05858	0
P0DOY3	Q9YWB6	1
P12270	P12515	1
A0A075B6R2	P12498	0
Q8NBH2	B0FAM1	0
P80217	Q9IF21	0
Q9ULK4	P04589	0
P20800	Q72497	0
P26951	P05954	0
Q14117	P03366	0
Q8WWM9	P12519	0
Q9UBL6	P20891	0
O43747	P05858	1
Q08830	P04581	0
P15088	Q77YF9	0
P02458	Q8JDI3	0
O43681	P19555	0
Q8NEY3	P12478	0
Q13563	G9HS63	0
Q96S16	P08803	0
P31275	P03407	0
Q86SU0	P04591-PRO_0000038596	0
Q8TEM1	P05889	1
Q9H246	Q70626	0
O75694	P04585	1
Q8NAT2	P35960	0
A2RUT3	P05871	0
P01624	P04592	0
Q96IK0	O12161	0
Q6VMQ6	P04616	0
P49765	P04593	0
Q8IXJ9	P05955	0
Q13724	P05890	0
P78348	P35959	0
Q9Y5E6	P12478	0
A0A599	P03367	0
Q8IVJ8	Q9WB91	0
A6NGS2	P12485	0
Q9Y3I0	Q9YWB6	0
O60225	P05960	0
Q9NVE7	Q70625	0
Q12866	P12484	0
Q16775	Q9IF21	0
Q9UKX7	P05870	1
P41159	Q1PHM6	0
Q9H2X9	O40177	0
Q96S90	P18802	0
Q9HCM9	P05868	0
Q13615	P12503	0
P52948	P05900	1
O95394	P05928	0
Q8WYR4	P04324	0
Q8NGL1	Q2HZL0	0
O00622	P12478	0
P21673	P69726	0
Q9BYX2	P05869	0
Q9H4A9	P20877	0
Q9ULE0	P12517	0
P35914	Q70AA1	0
Q6NUP7	P04619	0
Q96I99	P12478	0
P26006	Q72874	1
P07919	P19547	0
Q6IPR3	P15829	0
P49792	P19555	1
O15525	P04325	0
Q8NEB7	P05921	0
Q9H2C5	Q1H8S9	0
Q96NS1	P12483	0
P62917	P12494	0
Q1A5X7	P12499	0
O60809	P19553	0
Q8N511	Q72497	0
A4D161	P03404	0
Q9Y5B8	P04621	0
Q9HBU9	P05925	0
Q9BYV8	P19550	0
P49795	P24737	0
Q9NQE9	P69726	0
Q9NQ50	P12489	0
Q8N2X6	P04614	0
O75688	P04584	0
Q0VFZ6	Q9WPU2	0
O60942	P35962	0
P07948	P05949	0
P21108	P05960	0
P58215	P12478	0
Q8IWT0	P04584-PRO_0000042547	0
Q9NP92	P12497-PRO_0000042402	0
Q13099	Q72499	0
Q96CB9	P05890	0
Q7L622	Q70627	0
Q8NH76	Q9YYH6	0
Q8TE54	P04614	0
O95475	P12498	0
Q96B42	P04602	0
Q9UJ78	P04613	0
Q9Y493	P03366	0
Q9NQE9	P24741	0
P50336	P04584	0
Q5H9J7	P35966	0
O43236	P24739	0
Q13838	P04579	0
P02818	P05867	0
O15230	P03369	0
A6NK75	P18803	0
Q7RTU1	P31820	0
Q96PE6	P20869	0
P35658	Q70625	1
O95476	O89293	0
P43490	P03375	0
Q9UBX8	P20889	0
O96024	P08803	0
Q9H773	Q70AA1	0
Q96LP2	P18805	0
Q6P7N7	Q1KW74	0
Q9NRH3	P04609	0
Q96L73	Q9YYU8	0
Q5XUX1	P05866	0
Q96MM7	P05889	0
P59047	P12504	0
Q6RFH5	P19549	0
Q8IXJ6	P04608	1
Q8NGE1	P12518	0
Q8IUA0	P03407	0
A0A1B0GVZ9	Q72497	0
P0CF75	P05869	0
P80365	P05869	0
Q99576	P12499	0
Q8IY63	P35963	0
Q9Y2W7	P05928	0
P51795	P12495	0
Q92621	P12504	1
O15504	P04621	1
Q9H992	Q2HZL0	0
Q96FZ7	P04622	0
Q92633	P04602	0
P62937	P04583	1
Q14964	P35960	0
Q96KN2	P12490	0
P28223	P12484	0
Q9UL58	P05865	0
A8MTZ7	O89940	0
P13535	P04601	0
Q9Y5Q9	P05856	0
Q6IEE7	P20867	0
Q9NS86	Q72547	0
O14901	P19548	0
P52888	P05870	0
P55771	P12494	0
O95202	P04592	0
O75373	Q8Q7Z9	0
Q8WVF5	Q6JN72	0
Q8NCG7	P20867	0
Q9HBL6	Q70623	0
Q709C8	Q8JDI3	0
Q9Y6Y9	P20886	0
Q8N2E6	P04591-PRO_0000038598	0
Q8TAT5	Q1KW74	0
B3KS36	A0A891	0
Q9UHC7	P12495	0
P17031	Q900A7	0
P50443	P19553	0
Q969U7	P04602	0
Q5JU85	B9A2Q4	0
Q5FVE4	P18803	0
Q96T60	P08804	0
O43286	P24736	0
Q16531	Q72500	1
P02750	P05856	0
P51157	P18799	0
Q9NRU3	P12494	0
Q5TCH4	P05890	0
P83105	P04590-PRO_0000038615	0
Q8N6M0	P04590	0
Q8TAM2	P31872	0
P11216	P18045	0
Q9NWY4	Q70626	0
Q92621	P12518	1
P30876	P20893	1
P20807	P08806	0
Q8IYS4	Q72874	0
Q8NCQ3	Q6JN72	0
Q9NVU7	Q2N0S6	0
P21549	P04587	0
P49640	P35966	0
O60841	P05921	0
P0C5J1	P31820	0
Q96KN2	Q8Q7Z9	0
P27482	P69697	0
P38936	Q9WIP8	0
Q8N9A8	P03377-PRO_0000038388	0
Q9Y4C0	P12520	0
Q17R55	P12483	0
P62979	P04599	1
Q8WZA6	P12478	0
Q99726	P03406	0
Q9BQ89	Q1H8S9	0
Q8IXM3	Q306M3	0
Q400G9	P04597	0
P50750	P05921	0
A0A2R8YCJ5	Q2N0S5	0
Q5U5J2	P35967	0
P60891	P05857	0
Q9C0E2	P04619	0
Q16563	P05889	0
Q99676	P20883	0
Q96MN9	P03366-PRO_0000042285	0
O94910	P03377	0
O75694	P08803	1
Q96CW6	P04584	0
Q5SRE5	P24740	1
Q7Z340	P04608	0
Q9H4F8	Q70626	0
Q8NBA8	O70903	0
A0A0K0K1G8	P04624	0
Q8WXK3	Q900A7	0
Q9GZK4	P04583	0
Q9NTX7	P04590	0
O76014	P12479	0
O95155	P05858	0
Q9Y6H5	P20867	0
Q86YC3	P19551	0
P29353	O89293	0
Q6PL24	P04589	0
Q969F2	P15829	0
Q9Y5P1	P03347	0
Q2M385	Q9WC62	0
Q9NZZ3	P04580	0
Q13423	Q70XD7	0
Q8WZ92	P03406	0
Q14592	O90156	0
Q75QN2	P19555	0
Q8NGX3	P04589	0
O95696	P12494	0
Q08AI6	P31820	0
Q9Y217	P03404	0
P00751	P12519	0
Q00056	P24739	0
Q14134	Q77YG1	0
Q9UIX4	Q70AA1	0
A6NCL2	Q993A8	0
Q9P0P8	Q77YF9	0
P61221	P05879	0
O15460	Q79791	0
Q96H35	P12485	0
Q5VWP3	P05866	0
P41217	Q72547	0
Q9UKX5	P04586	0
Q8NFY9	Q9YXY3	0
Q6NUS8	P20871	0
P20671	P12483	0
Q6ZMY6	P04578-PRO_0000038427	0
Q8IX18	Q70622	0
Q96PN6	P18092	0
A0A087WSX0	P18097	0
Q08830	P05947	0
Q9NYR9	P35964	0
Q9C0D2	Q72497	0
Q76LX8	P03366	0
O95424	P04590-PRO_0000038615	0
Q9BW19	Q9YWB6	0
P20700	O89940	0
O43261	P04584-PRO_0000042547	0
Q6ZVL6	P04622	0
O15244	P20886	0
Q6ZWB6	O11918	0
Q9ULL4	Q75760	0
Q9BZB8	A0EXJ1	0
P51114	P20867	0
Q8N1H7	P04609	0
Q9H156	P19549	0
P09565	P05864	0
Q96RI0	P05921	0
Q9P1V8	P04325	0
P24864	Q70626	0
P13010	P05927	1
Q5T2E6	Q72499	0
P49848	A0EXJ2	1
Q9HBI5	P12515	0
B3KS81	P05856	0
Q3MJ16	P24740	0
O15061	P24741	0
Q68D85	P04587	0
Q06416	P04586	0
P62979	P24736	1
Q86VF7	P35961	0
Q96I13	P12518	0
Q96M91	O12161	0
Q13509	P04620	1
Q13309	P04587	0
Q6HA08	P04612	0
Q8N2R8	P18095	0
Q8NBU5	P08808	0
Q01433	P12497	0
Q7Z2Y5	P03402	0
Q6ZW76	P04599	0
P25490	P04599	0
O95251	P04585	0
Q15751	B0FAM1	0
Q9UHL9	P05907	0
Q96H78	P24741	0
Q6ZP80	P05888	0
P02533	P12516	0
A0A0G2JMD5	P05947	0
P20339	P08807	0
Q9HCU9	P35962	0
Q8N815	P04596	0
Q5VU97	P20893	0
Q9UL59	P20867	0
Q96K75	P69723	0
Q96HP8	P12493	0
P04839	P18803	0
Q93074	Q77YG1	0
O60928	Q994M8	0
Q5VTL8	P69697	0
P0CF74	P04621	0
Q53R12	Q49DS8	0
Q8TEW0	P04620	0
O94827	P05949	0
Q66K74	P89582	0
Q9Y6Y8	Q9Q723	0
Q6NYC8	P05854	0
Q6ZQX7	P12491	0
Q96HZ4	Q70145	0
Q8N9B4	P15829	0
A6NKK0	P04596	0
P21673	P12504	1
Q96HQ2	Q1KW74	0
Q9BSW7	P24741	0
O75694	P12493	1
Q68D91	P04326	0
A0A1B0GX49	P04624	0
Q5TEC3	P04611	0
P32247	Q9YV12	0
Q13467	P12488	0
Q5W5W9	P05865	0
Q96RR1	P05888	0
Q6ZS10	P12494	0
Q8TEU8	P12520	0
P81172	P04324	0
Q8N9U0	P20891	0
Q9BXX3	O11918	0
Q8IYK2	P04622	0
Q9H999	P35964	0
P51530	Q9QPN3	0
Q16206	P04596	0
Q6ZRR7	P04589	0
Q9UHP7	P04325	0
Q15059	P24739	0
Q9UHM6	P05857	0
A0A1B0GVR7	Q2HZL0	0
P01782	P31820	0
Q9BTL4	P12503	0
A8MT19	P03407	0
P86791	P88585	0
Q9UFP1	Q306M3	0
Q86U86	P20887	0
Q0VAA5	O73199	0
P35442	P04586	0
Q15417	O41790	0
Q8IZU0	P18799	0
P57740	P03348	1
Q6ZV29	P04611	0
Q9Y5B9	P04609	1
O43493	B9A2Q4	0
Q6PK82	P04601	1
Q6IEZ7	P12497-PRO_0000042402	0
Q49A33	Q0ED31	0
Q12929	P04584	0
P34130	P19548	0
Q9H478	P05947	0
Q8N488	P04597	0
O14791	P03407	0
Q9BQA5	P05899	0
Q15459	Q72547	0
P10071	P05855	0
Q5XUX1	P31872	0
Q9UPZ3	P69699	0
Q16594	P12489	0
Q1AE95	P12497	0
P51452	P05923	0
Q96EU6	A0EXJ3	0
Q6TCH4	P12519	0
Q92478	Q70627	0
Q8IW50	P69718	0
P0CG47	P04592	1
Q15672	P04325	0
O43504	Q9Q723	0
P49842	P04601	0
Q4G0T1	P04594	0
Q9BR11	P04589	0
Q9H173	O70903	0
Q8TAT5	P05960	0
P11117	P05867	0
Q8N5I9	P08805	0
Q86VH2	P03377-PRO_0000038388	0
A8K8P3	P35962	0
Q08495	O12161	0
P04439	P04601	1
O60308	Q72497	0
B3EWF7	P12497	0
Q13228	P05960	0
Q4KMQ2	P08803	0
Q9Y238	P03378	0
O43826	Q9QPN3	0
Q9NZN4	Q9YXY3	0
P10645	P69726	0
Q5BKY9	P04612	0
O95294	Q9Q2G4	0
Q6E213	P24737	0
A8MYZ6	P31819	0
Q9UHA7	P04609	0
Q03393	P03366-PRO_0000042285	0
Q9NX61	P24740	0
Q15822	Q72497	0
O14653	P05925	0
Q8TAA1	Q8JDI3	0
Q9NRA8	P03407	0
P18858	Q72874	0
P52294	P03369	1
Q9NXR1	P04589	0
O43281	Q9IDV3	0
P59922	P18098	0
Q9H1X3	P05864	0
O14735	P05900	0
Q9Y5B6	P08804	0
Q8NE01	P12518	0
O94901	O12160	0
Q8NCR9	P05869	0
A0A075B6V5	Q994M8	0
Q9UGM1	P18803	0
Q9H2X0	P05959	0
P11441	P04620	0
P25789	Q77YG0	1
Q14582	P05879	0
Q9HB21	A0EXJ2	0
P49736	P04593	0
P32519	Q70622	0
E9PIF3	P05928	0
Q6NSW5	P04324	0
O43921	Q9IF21	0
Q9H344	P18806	0
Q9BXJ2	P05928	0
Q92901	Q8Q7Z9	0
Q8TDV0	P35967	0
O75487	Q993A8	0
Q96KD3	P12479	0
Q6RSH7	P04590	0
P14778	P12497-PRO_0000042399	0
Q9NWT8	P05960	0
O14657	P20893	0
P20290	P35960	0
Q9BWT3	P88761	0
Q96E40	P35959	0
B2R4P9	Q70XD7	0
A8MT70	P18801	0
Q9Y6F9	Q72497	0
Q8TEZ7	P04586	0
Q9NR16	P05872	0
Q8WUN7	P04597	0
P17482	P03377-PRO_0000038388	0
Q9NZC7	P24740	0
Q6IPU0	P69726	0
Q5T6M2	Q9YYU8	0
P0CG23	B3UES2	0
Q3SYA9	P20889	0
Q96A37	Q70623	0
P0DMV0	P04604	0
Q86Y33	P04589	0
Q9NY26	P05872	0
Q96C01	Q70145	0
Q0VG06	Q72547	0
Q8TD33	P04614	0
Q96FV9	P24737	0
Q9UBP0	P05880	0
Q6ZN92	P24738	0
Q8NB16	Q8JDI3	0
P03979	P04620	0
Q99816	P18800	1
O60503	Q9YWB6	0
Q8IUK5	Q9Q2G4	0
O96017	Q9YYH6	0
A6NL99	P12504	0
C9J442	P18099	0
O75635	Q9WPU2	0
Q01740	P05927	0
Q8NEM2	P35966	0
Q96PS1	P24737	0
Q8TBZ2	P20892	0
Q9BSL1	P88761	0
P55286	P05928	0
Q8N1F7	P35960	1
Q6ZNA4	P20893	0
P08709	Q71B31	0
Q8N339	Q9WIP8	0
Q9UNL2	Q73372	0
Q96IR7	P04624	0
O15245	P04608	1
P61073	P12515	1
Q8NBD8	P04608	0
Q9H8W4	P04324	0
O14530	P18805	0
Q6NUT2	P12504	0
P32455	P05870	0
Q8NGD4	P05888	0
P02671	P05879	0
A1A519	Q76129	0
Q9P0K8	P35967	0
P54829	P18805	0
Q6NX45	P04594	0
Q9UKX7	P05868	1
Q9NX95	Q306M3	0
Q8NHX9	P12493	0
Q2HXU8	P05949	0
Q96KS9	P03378	0
Q9NX45	G9HS63	0
B2R491	P04620	1
P0DN82	P20867	0
Q8N2U0	P12506	0
P54793	P04604	0
Q6NSI1	P12478	0
Q9H8X9	P24741	0
H3BNL1	P35965	0
Q96A25	A0A0U5B5J2	0
Q6VMQ6	P05959	0
Q02153	P05856	0
Q8TBK9	P04583	0
P62942	P03367	0
Q9BXS5	Q70622	0
Q9NWT1	P05882	0
Q8WYH8	P20871	0
Q6UX71	A9PKC6	0
A6NCI5	P20867	0
P01222	P12503	0
O75436	P12506	0
Q8NGT1	P12484	0
P61221	P04591	1
A0A087X1C5	P20889	0
A8MYP8	Q77YG1	0
Q9Y6Y0	Q994M8	0
Q8TBC4	P12517	0
Q9NX00	Q1KW74	0
O75340	P04592	0
Q15323	P35966	0
Q969X2	P04583	0
Q9H6X4	P04613	0
Q9NQW5	P20869	0
P02652	P05947	0
Q6PII5	O73199	0
Q9UNH7	Q8Q7Z9	0
Q9ULZ2	P88585	0
Q13200	Q77YG0	1
Q6ZR85	P05882	0
O14788	P04604	0
Q6UN15	A0A891	0
Q9BRU2	P69726	0
Q9NQA5	P05882	0
Q15035	P03349	0
Q99805	P04613	0
P49703	P18045	0
Q9P0L9	Q72499	0
Q9BVQ7	P12497	0
Q5VVB8	P04324	0
Q08828	P05857	0
Q8N5I9	P12503	0
Q8TF74	P05951	0
Q8TEM1	P05950	1
P09544	P04591-PRO_0000038596	0
Q8WUJ0	Q72497	0
Q15056	P12493	0
Q8N5I9	P05868	0
Q96HA1	P03369	1
Q8IZR5	P04597	0
O95049	Q2N0S6	0
P61073	P04619	1
Q92786	P03367	0
Q12837	P04609	0
Q13123	P04586	0
P49917	P05899	1
Q9H0W9	P20889	0
O75352	Q993A8	0
Q9Y297	P18095	0
Q9P0L0	P05898	0
Q9UHW9	P04591-PRO_0000038593	0
Q9NYP8	P19546	0
Q9UH64	P19549	0
P81133	P08805	0
P57764	Q77YF9	0
P34972	A0A0U5B5J2	0
Q9Y6Q5	P04601	1
P61278	O90156	0
Q6SJ96	P19546	0
Q86SU0	P35961	0
P48058	P05859	0
Q9GZP9	P03366	0
Q76MJ5	P19555	0
P58335	P04588	0
Q7Z3B4	P05924	1
P43004	Q70626	0
Q9BW27	P08803	1
Q9Y2T7	P05955	0
Q00688	P04616	0
P49790	P05925	1
P29274	P04324	0
Q8WWM7	P05908	0
O43776	P04592	0
Q6UXL0	P05959	0
Q9H8W5	P18802	0
Q9Y5W7	G9HS63	0
Q9BUG6	P04589	0
Q2M3A8	Q9IF21	0
Q5VTE0	P05925	0
Q6UWL2	P19550	0
Q9BZM2	P12519	0
Q9UJ70	P05928	0
Q6UXR4	P05899	0
Q9H511	P18092	0
Q6UXP3	P04326	0
P25208	Q90VU7	0
O94875	P05871	0
P06401	P12497	0
P68400	Q72547	1
Q5EG05	Q9YV12	0
Q8N402	B0FAM1	0
P45985	Q900A7	0
Q96PD2	O90156	0
P82673	P12488	0
Q8TAU3	P05858	0
Q8TDY2	P12494	0
Q16342	Q77YG1	0
O15072	P04597	0
Q7Z6J8	P08807	0
P16452	O40177	0
Q6QAJ8	P04586	0
Q9NZI2	P20890	0
Q99941	P03377-PRO_0000038388	0
Q15459	P04620	1
O75534	P69697	0
Q6ZRP7	P04614	0
O75151	P05927	0
Q9P2W3	O11918	0
Q5VZ19	P04587	0
Q9NX18	P31872	0
P07204	P12497-PRO_0000042399	0
Q8IZS5	P18094	0
Q96TA0	P05869	0
Q6X784	P05950	0
Q13237	A0ZUT1	0
Q9HD42	P12517	0
Q9UHJ6	P04593	0
Q5T890	P20869	0
O95486	P04591-PRO_0000038596	0
P78406	P12495	1
Q96AZ6	P20886	0
Q9BVH7	P12503	0
Q96QE3	P19555	0
Q03426	Q77378	0
A6NJB7	P15829	0
A0A0B4J240	P03367	0
D4HNR6	B9A2Q4	1
O95470	P03349	0
O43795	P04603	0
P51610	P35967	0
Q8NFH5	P05868	1
P13866	P05865	0
A6NIJ5	P18800	0
Q13426	P03367	1
Q9NR23	Q77YF9	0
Q8N4N3	P04624	0
Q9P0W0	P20891	0
Q9Y3B8	P18799	0
Q9H4A9	P12498	0
Q9BVQ7	P89582	0
A6NHG9	O89940	0
O75781	Q2HZL0	0
P41159	P19549	0
P62987	P08805	1
Q8TAQ2	P04325	0
Q5JSQ8	P05898	0
Q96I25	P04591-PRO_0000038596	1
Q92772	Q9IF21	0
Q8N1F7	P05955	1
P10809	P04578	1
P19224	P04609	0
Q0VAQ4	A0ESL8	0
P38567	Q71B31	0
P0CW23	P04591-PRO_0000038598	0
C9JVI0	P20893	0
Q86UK0	Q1PHM6	0
Q8TES7	O40177	0
P0CW18	P04578-PRO_0000038427	0
Q02045	Q9YYU8	0
O15305	P19545	0
Q9BXU0	Q9WIP8	0
O75309	Q71B31	0
Q9H6B4	P20887	0
Q8N766	P19552	0
O14713	P18806	0
Q9H4G8	P18805	0
Q96MZ0	P05879	0
Q6ZN08	Q9YV12	0
P62937	P04579	1
Q9BY42	A0EXJ0	0
Q9P215	O89940	0
P22310	P19552	0
Q15973	P69699	0
Q9H5Z1	P19547	0
P08582	P12487	0
Q92997	P12503	0
O60248	P18802	0
P21675	P04608	1
Q9H857	P04586	0
A8MT66	P05880	0
Q9BQI7	Q9WC62	0
Q6UXP3	O11918	0
Q9C0F0	P69699	0
Q5RL73	P19550	0
Q8NFD4	P05877	0
Q6P158	Q03806	0
Q9HCM7	Q76129	0
P04264	P35965	0
P12956	P08806	1
O75167	P05888	0
Q9H5I5	Q72500	0
Q9UBX8	P35964	0
Q9HD87	P04579	0
Q9NXL2	Q70XD7	0
P51681	P04591	1
O14494	Q9YYH6	0
P0C5J1	P12483	0
Q9Y6X8	B0FAM1	0
P04439	P03366	1
Q8N3K9	P03377-PRO_0000038388	0
P08476	Q2N0S5	0
Q99871	P20889	0
P78406	P20873	1
O75197	P04596	0
Q96PX6	P05927	0
Q8NFX7	O12161	0
P34969	P04578-PRO_0000038427	0
Q10567	P04585	0
P0C1Z6	Q9YYH6	0
Q5VWQ0	P04580	0
Q16600	P05919	0
Q9BYN7	P12494	0
Q9UH73	P88585	0
Q9NQ79	P05877	0
Q5VZB9	P35965	0
Q9NXH9	P03366	0
Q04941	Q9YV12	0
Q5T2E6	Q72547	0
O75347	P12519	0
Q96FZ7	P19555	0
A8MYX2	P04587	0
P51681	Q70626	1
Q8WXT5	P05866	0
Q9UQQ1	P05864	0
Q6PEV8	P12518	0
Q6PKC3	Q71B31	0
P11464	P12499	0
Q13895	P35961	0
Q9H6Z9	P04622	0
P78346	P12497	0
P16118	P12483	0
Q9BSD7	P20879	0
Q5TAG4	Q70622	0
P49792	P04591	1
Q9UBV8	P05871	0
O60942	P12493	0
P0CW00	P12497	0
Q6ZNB7	P03377	0
Q12769	P08808	1
Q8NGP4	P04592	0
Q8TEM1	P04593	1
Q9P253	P04591	1
O95782	P05868	0
Q9BRK3	Q9QPN3	0
Q5VT98	P08805	0
P01814	P19553	0
Q6QAJ8	P04608	0
Q9GZR5	P05856	0
P34059	P04589	0
P31321	Q77YG1	0
O14735	P12499	0
Q9NUV9	P18097	0
Q9UDV7	P03366-PRO_0000042285	0
Q8NI77	P04609	0
Q96FQ7	P69723	0
Q8NFT6	Q900A7	0
Q99665	P18802	0
P68366	P04620	1
Q8NDG6	P19547	0
Q3SY84	A0EXJ0	0
O43325	P05927	0
O43827	P20888	0
Q9HC35	P35966	0
Q7Z3B4	P19548	1
Q6ZWE6	P20872	0
P49591	P05864	0
P41225	Q79791	0
Q9BZP6	P04591-PRO_0000038596	0
Q6P996	O90156	0
P0CJ78	Q77YF9	0
Q96CW1	P05854	1
Q9Y6Q6	P05888	0
Q3KQU3	P04582	0
Q8MH63	P35959	0
Q8N4Q0	Q1KW74	0
Q9BZE7	P89582	0
P21796	P69728	1
Q53FT3	Q70622	0
Q8TDX9	A0EXJ2	0
Q9H2C0	O90156	0
Q96NT5	P05871	0
P57740	Q70623	1
Q8WXH4	Q6JN72	0
P07686	P18095	0
A0A589	P18805	0
Q6P1L8	P05866	0
Q86YC3	Q993A8	0
O00330	P12518	0
Q14974	P20869	1
P55039	P04578	0
P62937	P04585	1
Q9H8Y1	G9HS63	0
Q8TDD1	P12489	0
P06730	Q900A7	0
Q16633	P12506	0
Q6ZS92	Q77YG1	0
P42575	P12484	0
A0A1B0GX78	P20883	0
O75467	Q79791	0
Q14118	P19546	0
P12270	P20887	1
Q6PF04	P12490	0
Q01453	P19546	0
O75478	P20892	0
P54725	Q70XD7	0
Q8IYJ0	P20886	0
P11182	P04593	0
Q9UBP4	Q70AA1	0
Q8N556	Q72874	0
Q9H2Z4	Q2HZL0	0
Q6ZUT4	P88761	0
Q96JK9	P05882	0
P51572	P04601	1
Q6DJT9	P18099	0
Q8TD22	P05923	0
Q76N89	Q72547	0
Q6V1P9	P20872	0
P0C7W0	P20877	0
P19388	P18098	0
P40967	P04603	0
U3KPV4	P18799	0
Q8IYM2	P88585	0
Q8N782	P04585	0
Q15257	P03402	0
O95801	O89940	0
Q96B86	P18806	0
P54922	P18095	0
Q9HBI6	P05854	0
Q16760	P35960	0
Q9H7F0	P12520	0
Q5HYM0	P04618	0
Q9ULE6	P20875	0
Q9Y619	Q9YYU8	0
Q96AY3	P18800	0
Q5TGI0	P20893	0
Q5HY64	Q9WB91	0
Q7Z5L7	P05898	0
P17050	P05908	0
Q8N1L4	A0A891	0
Q9Y657	Q77378	0
Q56VL3	P20873	0
Q6VAB6	P04611	0
Q9H3K2	P05855	0
P49792	P04599	1
Q96BZ9	Q77YG1	0
Q9NRG9	P12485	1
P23229	P05907	0
Q5EBL4	Q77YG1	0
P07360	P18045	0
P08758	P05956	0
Q8NGD2	Q9QPN3	0
P62195	P04588	0
Q96I59	P18801	0
Q8WUM0	P12493	1
Q8TCU5	P19552	0
Q16891	P05955	0
Q86WV5	P19546	0
P62318	P35967	0
P32247	P03402	0
Q5QJE6	P04608	1
K7EIQ3	P31819	0
P69891	Q9QPN3	0
P51787	A0EXJ2	0
O94876	P69697	0
A6NIK2	P05889	0
Q14512	P04591-PRO_0000038593	0
Q9NZV8	P20877	0
Q8WUM0	P12497	1
O95777	P03404	0
Q8IWP9	P19546	0
Q6UXV0	P04590-PRO_0000038615	0
Q96CW1	P05857	1
O43502	P05954	0
Q8WTU2	P08808	0
O75694	P20889	1
Q8NEZ2	Q77YF9	0
Q9NRR3	P12494	0
P50591	P03366	0
Q96E17	P20886	0
Q8IXT1	P05871	0
Q9BVG3	Q9IDV3	0
P57058	P18094	0
Q9BZE2	Q75760	0
Q86SQ4	P05890	0
Q92597	P18098	0
P31943	Q9IF21	0
A0A1B0GV85	P24737	0
Q5VWM4	P05959	0
Q6P387	P05864	0
Q86VV4	P05959	0
Q9UBW8	P04578	0
Q9NXJ5	P35967	0
O95785	P08803	0
Q96L42	P03369	0
Q6PCB8	P19546	0
Q9Y2B4	P05921	0
Q96FC9	P04608	0
Q6ZNA1	Q1PHM6	0
Q6GMV2	P03378	0
P49716	Q72874	0
A6NC51	P04618	0
Q15067	Q1PHM6	0
Q6ZMM2	Q49DS8	0
O00358	Q77YG1	0
Q8N3T1	P20875	0
Q5JQS6	Q9YYU8	0
Q2T9L4	P05854	0
Q5VXJ0	P05908	0
Q8NBJ9	P18800	0
Q5T1N1	P04578-PRO_0000038427	0
P50570	P19554	0
Q9ULH4	P05954	0
P33908	B0FAM1	1
Q16795	Q2N0S5	0
Q9Y5B6	Q9Q2G4	0
Q6PF15	P08804	0
Q96HY6	O70903	0
Q15116	P05907	0
Q13177	P12487	0
P07195	P24741	0
Q02952	O40177	0
O43663	A0EXJ0	0
Q9H0S4	P04608	0
Q9BSA4	P19554	0
Q6AI12	Q73372	0
P16220	P19548	0
Q8N4S0	P03402	0
Q14602	P12488	0
Q8NEZ4	P18094	0
Q9Y6R9	P05956	0
P57077	P18045	0
O43824	P08803	0
Q9NX70	P04596	0
Q14094	Q9Q2G4	0
Q5TB80	P20893	0
Q96QK1	P04602	0
Q9BSK4	P19550	0
P33316	A0EXJ3	0
Q8TAU0	P04326	0
O15119	P04582	0
Q9BSJ8	O89293	0
P30559	P05906	0
Q6ZV70	Q72497	0
P0C854	Q77YG1	0
Q30201	A0EXJ0	0
O43508	P05859	0
Q8NFH5	P12483	1
P33763	O73199	0
O75192	P04589	0
Q6N069	P03347	0
Q9H300	P12497-PRO_0000042402	0
Q8WV92	P05947	0
O95810	P05869	0
P10747	P03404	1
Q9Y6W6	P05889	0
Q8N8S7	Q9YWB6	0
Q8WVN6	P04614	0
Q9NWF4	P04583	0
Q9UBV8	Q6JN72	0
Q6UX72	P05954	0
Q8WWV3	P08807	0
O00154	Q6JN72	0
O00327	Q9WPU2	0
D6REC4	B0FAM1	0
P37198	P05888	1
P08253	P04324	0
Q5VYP0	Q70145	0
P31040	P04591-PRO_0000038593	0
Q15413	P08803	0
P61073	P03377	1
Q8IZT6	P05870	0
P24539	P03366-PRO_0000042285	0
P15289	P03407	0
P01033	P12497-PRO_0000042402	0
Q6U7Q0	Q70627	0
O43361	P05947	0
Q96I24	P20869	0
Q53ZX0	P19548	0
O14905	P04581	0
O14948	P04598	0
Q8N7H1	P05898	0
Q96JT2	O73199	0
Q7Z5J4	Q9QPN3	0
Q9BQI4	P12483	0
P04179	P04619	0
P57771	P04596	0
Q14542	P04619	0
Q1RN00	Q2N0S6	0
Q8NHA4	P19547	0
Q15884	P05923	0
O15213	P12495	0
Q8NH61	P05870	0
Q147U1	P03348	0
Q9NY43	P69723	0
Q9P253	P05877	0
A6NJL1	P05877	0
H3BNL1	P05954	0
Q9NXG2	P05867	0
Q9HDB8	Q70627	0
Q96HW7	P19547	0
C9JH25	P20879	0
P0C6C1	Q994M8	0
Q969X1	Q994M8	0
Q8IWJ2	P12484	0
Q13002	P20888	0
Q16342	O90156	0
P04083	G9HS63	0
Q99988	P12495	0
Q5SRE5	P12498	1
Q92565	A0A0U5B5J2	0
Q15233	P05947	0
Q9UIJ5	Q70627	0
Q13572	P04590	0
O15514	P04612	1
Q15672	P03378	0
P35269	P03404	0
Q8N6R1	P03377-PRO_0000038388	0
Q0VAQ4	P04326	0
Q9NP66	P20869	0
Q9BX51	P18097	0
O43602	Q9YYH6	0
Q7Z3B4	P03367	1
Q9HDB8	P04602	0
Q8NGQ5	A0A0U5B5J2	0
O75969	P12516	0
Q9H4A6	Q9WPU2	0
P23946	Q1H8S9	0
P53803	P05905	1
Q9H7Z7	Q71B31	0
Q8NFH3	P08804	1
P62684	P12488	0
Q8N8P7	P19547	0
Q8N7P3	O89940	0
Q9NXJ0	P19548	0
A2IDD5	P05950	0
Q75VX8	O12160	0
O00151	P12520	0
Q9Y664	P04623	0
P35442	P04624	0
Q5T848	P04593	0
Q9H9H5	P20886	0
Q9NNX6	P15829	0
O14492	P69726	0
O95868	P04590-PRO_0000038615	0
Q9P272	P04324	0
Q96HA1	P05955	1
Q5MNZ9	P19550	0
Q6DN03	P12499	0
P41970	Q77378	0
Q14195	P03348	0
Q6PG37	P18799	0
O95970	P05923	0
Q00444	P19554	0
O15504	P12515	1
Q92574	P03369	0
P55042	P24737	0
Q9BXL8	P05907	0
Q9H322	P24739	0
A6NFY7	P18094	0
Q9UGT4	P12519	0
Q86YA3	A0EXJ1	0
Q17RA5	P03347	0
Q9BUJ0	P05866	0
Q92503	P31820	0
P0DPD6	P69718	0
Q8TBZ0	P04578	0
Q9BXN6	Q2N0S6	0
P21506	P04586	0
Q9H832	P04619	0
Q9C0E2	Q70623	0
P00403	P05949	0
Q13435	P12497	0
Q96HH9	O40177	0
Q9H2U1	P04618	1
P63267	P04623	0
Q9Y617	P04590-PRO_0000038615	0
Q9HBF4	P05947	0
Q8TAA3	P15829	0
Q9NZR1	P12487	0
P01215	P12520	0
Q9BXQ6	P88761	0
Q8N0U4	Q70622	0
Q9Y238	Q70622	0
O95199	P03407	0
P20585	Q6JN72	0
Q9P266	P18092	0
Q9BVJ7	P12478	0
P53673	P19547	0
P05090	P18806	0
Q9Y2P0	P35967	0
Q8WUP2	O70903	0
Q9HAN9	P18095	0
Q96MV8	P12495	0
P08833	P05866	0
Q8N196	P05923	0
P28072	Q77YF9	0
O15350-2	P05870	0
P62993	P04578	0
P32942	P04578	1
O60941	P12519	0
Q9UKX7	P05866	1
P21453	P19551	0
P0C7L1	P05890	0
Q9H9L3	Q70623	0
Q6BEB4	P03369	0
P0CG29	A0ZUT1	0
P53674	O12160	0
Q96E35	Q2N0S6	0
Q13426	P18800	1
P51659	P18806	0
Q9BQQ3	P20882	0
P47804	P04586	0
Q7Z2W9	P35964	0
Q99626	P20869	0
A8MT69	P05890	0
Q60I27	P69718	0
P32926	O70903	0
Q5T481	P24739	0
P17014	B9A2Q4	0
P14859	P24736	0
Q9ULE0	P05868	0
Q12798	P04578-PRO_0000038427	0
P17600	P35967	0
P06310	P89582	0
Q9Y5I0	P12479	0
Q68CJ9	P35965	0
Q8IY49	P18045	0
P49189	Q2N0S5	0
O14649	P04610	0
Q96AE4	Q9YXY3	0
Q9Y519	P12503	0
Q9H8G2	Q9YYH6	0
O75475	P05871	1
Q8N6S4	P04591-PRO_0000038598	0
Q8NGI3	P04623	0
Q502W7	O90156	0
Q15398	P35967	0
P48552	Q9YWB6	0
P78357	P05924	0
Q9BYC2	P31819	0
Q7Z2Y8	P05866	0
P13010	P12499	1
Q3KRB8	P12497-PRO_0000042402	0
Q92831	P04589	0
Q8NCW6	Q8JDI3	0
P50613	P20875	0
Q9H633	Q994M8	0
Q86UF4	P05882	0
Q9Y2V0	P12478	0
P19544	Q2N0S5	0
Q8NGW1	Q71B31	0
Q14534	P04599	0
P35227	P18802	0
Q15477	P05856	0
Q5TYW1	P12493	0
P61073	P12495	1
Q92563	P05854	0
P0C7P3	P03377	0
Q5VVB8	P20869	0
Q12769	P05919	1
Q15797	P35959	0
Q9NRG9	P04620	1
E9PQX1	Q79791	0
Q13546	Q994M8	0
Q6TGC4	P03377-PRO_0000038388	0
O75531	P05898	1
Q5SVS4	P04588	0
Q9Y5W9	P15829	0
Q8WVE6	P15829	0
Q15435	A0ZUT1	0
Q9NU23	P35961	0
Q6EMB2	P04591-PRO_0000038593	0
Q99456	P04586	0
O43541	P24741	0
Q15560	P04602	0
P17096	B9A2Q4	1
Q14204	P05858	0
Q05655	P03347	0
P12956	P05890	1
P30876	P05905	1
Q13829	A9PKC6	0
A6NDV4	P05954	0
Q96C01	P24737	0
Q13507	P03378	0
Q96AZ6	P12479	0
Q7Z5L2	P18097	0
Q9UMX2	O70903	0
Q9NQC8	P05866	0
Q9H9Q4	P04591-PRO_0000038593	0
Q9UKB3	P05921	0
Q96FE5	P03402	0
A0A0K0K1D8	P12506	0
Q8N130	P05882	0
O94776	P04325	0
Q96M66	Q1PHM6	0
Q8N9W8	P19555	0
Q8NH67	P69723	0
Q14320	P03407	0
Q08629	P05859	0
O75907	Q9Q723	0
A0A2R8YEM2	Q77YF9	0
Q9UQ72	P12487	0
Q9BWW8	P19553	0
Q9BXT6	Q9YWB6	0
Q9H209	Q8JDI3	0
Q9ULZ0	P05866	0
O43687	P05879	0
Q5VZ66	B0FAM1	0
Q12769	P03366	1
Q9H320	P12515	0
Q7RTU1	P12515	0
Q9BUM1	P03402	0
P58170	P04608	0
Q9BY14	Q03806	0
Q86VU5	P88585	0
P28072	P04578-PRO_0000038427	1
Q16829	Q900A7	0
Q8N8Y2	B0FAM1	0
O14653	B9A2Q4	0
Q9NRG9	P05959	1
Q8IVF5	P04603	0
Q15904	P04601	1
O75376	P04585	0
P35125	O11918	0
Q69YU3	Q77378	0
P29322	Q2N0S6	0
Q9NR28	P05928	1
Q8N8M0	P05868	0
A8K8P3	P05927	0
Q8TAF7	P20869	0
P14672	P05859	0
Q96EK6	Q9YXY3	0
A6NM76	P12517	0
Q15061	P08807	0
Q0PNE2	O89293	0
Q86VZ1	P03377-PRO_0000038388	0
Q96QR8	P04618	1
O43147	P04616	0
P10301	P03366	0
Q5JTD7	Q9WPU2	0
Q96R72	P19546	0
Q9NZJ5	P12506	0
P78536	P04604	0
Q68DX3	P69723	0
Q71F23	P19549	0
Q8N895	P19550	0
Q14644	P18094	0
Q14DG7	P03369	0
P53805	P03375	0
Q7Z7N9	O40177	0
Q9Y5F2	P05905	0
O75558	Q1H8S9	0
Q9NQE7	P03369	0
Q5U649	P05956	0
Q6ZMR5	P05870	0
Q9UPQ8	P12483	0
P10415	P04585	1
Q7Z6M2	P05870	0
P51153	Q2N0S5	0
Q96RD0	P05858	0
Q7RTT9	P03407	0
P49917	Q2HZL0	0
P04279	P18805	0
Q86VR2	P20892	0
P09110	P12519	0
Q5R372	P05888	0
Q8IVL6	P69718	0
Q14641	Q1H8S9	0
O60894	P04601	0
Q96DT0	P18097	0
Q96CW6	P31820	0
Q9UHC7	P05856	0
Q8NGZ0	P05952	0
Q9NX76	P04612	0
P35658	P05955	1
Q53TN4	P12506	0
Q8WUQ7	P04594	0
P19388	P05908	1
Q9NRG9	P05890	1
Q86YR5	P04584-PRO_0000042547	0
Q9H790	G9HS63	0
P16662	P04592	0
O75688	P03377-PRO_0000038388	0
Q8TE04	P19552	0
O00232	P04590	0
P0C842	P04579	0
P02008	Q1H8S9	0
Q14161	P89582	0
Q5TAB7	P04597	0
P48146	P04584	0
O60763	P03367	0
Q6ZU67	P05924	0
P36957	P04618	0
Q8N1G2	P05959	0
Q9UJT0	P20890	0
Q9NR23	P05871	0
Q15517	P18800	0
O75363	O12161	0
P31431	P04608	1
O95372	P05888	0
P17028	P24738	0
P06401	Q9QPN3	0
O75882	P05906	0
P08727	P05919	0
Q9NS91	A0A0U5B5J2	1
Q9H9H4	P18800	1
P18440	P35959	0
Q9ULW2	P15829	0
Q9H9A5	P03375	0
P78357	Q9YYH6	0
P54368	B3UES2	0
Q6JBY9	P04594	0
Q8IY22	Q9QPN3	0
Q9Y2B5	P05858	0
P52209	Q75760	0
Q8IX18	B0FAM1	0
Q9P2H3	P12489	0
P50897	Q1KW74	0
Q9UN79	Q72499	0
Q15427	O12160	0
H3BPF8	A0ESL8	0
Q8IW40	P12497	0
Q14571	P04610	0
Q9Y2X0	P12520	0
A6NFN9	P20886	0
P48200	P03377-PRO_0000038388	0
Q6P2S7	P04601	0
Q9BS26	P05905	0
Q8NGM8	P04622	0
Q8WTX7	Q9YXY3	0
Q13118	P05882	0
O75144	P35964	0
Q6ZVD8	P19546	0
O00175	P04324	0
A8MUH7	P20875	0
P52434	P05906	1
Q9HBH0	P24739	0
Q16617	P08805	0
O00629	P04618	1
Q14257	P04612	0
Q99551	P15829	0
P43365	P05906	0
P46695	P05879	0
Q9Y6K9	P35960	0
P25021	P19549	0
P99999	P20891	1
P19387	B9A2Q4	0
Q8IV76	P12494	0
P22362	P08806	0
Q9BWQ6	O89940	0
Q9Y2L6	Q9QPN3	0
P41597	P24741	0
Q9HCG7	Q9IF21	0
Q9UL59	P35960	0
Q16698	P04591-PRO_0000038593	0
Q96JM7	P05870	0
O75475	P20877	1
Q9BWP8	P04589	0
Q9NY74	P20891	0
A0A0B4J272	P04585	1
Q96RJ6	P04601	0
Q9NVH2	P18098	0
P68402	O70903	0
Q5JVF3	P19545	0
Q8N3Y7	P05956	0
Q9H2L4	P04616	0
P45378	P69726	0
Q16821	P69723	0
Q13316	P04608	0
Q6ZTU2	P12478	0
Q9UIL1	Q79791	0
Q5BJD5	P89582	0
P13010	P24737	1
Q96N64	P12485	0
Q96FB5	P04591-PRO_0000038593	0
O75487	P18097	0
O95868	P03378	0
Q12889	P05898	0
P15309	P04610	0
P35658	P12518	1
A0A075B6J2	P69718	0
Q00LT1	P35963	0
Q9H8V3	P08806	0
Q9NZ56	P19554	0
Q9NXJ5	P03367	0
Q9NZ81	P05908	0
Q92643	P04578	1
Q13596	P20872	0
A8MYA2	B0FAM1	0
Q96S59	P05906	0
Q9Y4G8	P05947	0
O75694	P05867	1
A0A0U1RRL7	P04581	0
Q6ZR54	Q9QPN3	0
Q16576	P04603	0
P0C7P0	A9PKC6	0
P49792	P12504	1
Q8IUW5	P20879	0
Q93034	P05898	1
Q9NZQ0	P20875	0
Q5TH74	P05857	0
Q08116	P18045	0
P59665	P05882	1
Q8N5H7	P03349	0
Q96Q04	P08807	0
Q9Y250	Q70624	0
Q8WU68	P12489	0
O15173	P04578	0
Q8N111	P05951	0
Q9BPX6	P19553	0
Q9BRR6	A0ZUT1	0
Q9BQ16	Q73372	0
Q15024	P05890	0
P15924	P24738	0
A0A0B4J244	P88761	0
P13647	Q75760	0
P51508	Q77YF9	0
Q8TED0	P08806	0
Q96D21	P04616	0
A6NDN8	P18806	0
Q9NWN3	P04325	0
Q5C9Z4	P04594	0
P19320	P18098	0
Q6ZT89	Q49DS8	0
Q5JU67	Q9WIP8	0
Q8N5U0	P04624	0
O95498	P05879	0
Q96PV6	P05857	0
A6NDE4	P20893	0
P61073	P08808	1
Q9UHA4	O89940	0
P22888	P05855	0
O75694	P05959	1
A6NNF4	P04592	0
Q9BUI4	P05870	0
Q7Z412	P12490	0
Q8N1F7	P05927	1
Q9NX31	P18800	0
Q6P4Q7	A0ESL8	0
P23246	P35963	0
Q5THR3	A0EXJ1	0
P0CG47	P04599	1
Q8N5Y8	P12489	0
Q9BYW2	P05921	0
Q9HAY2	P04592	0
Q96AE4	P20889	0
Q9HCG1	Q9YYH6	0
P0C7W9	O12160	0
Q8IVH4	Q2HZL0	0
P15907	P04613	0
A0A1B0GVX0	P03404	0
Q8WXH2	P20867	0
Q9P0J6	Q9YYU8	0
Q71RC2	P04613	0
Q76M96	P19554	0
P25100	Q9YWB6	0
Q6L8G8	P18801	0
P48436	Q03806	0
P58170	P20893	0
Q06124	P04584-PRO_0000042547	0
Q8IYA8	P88761	0
P08910	P19552	0
A6NNM8	Q9Q723	0
Q9BZX4	Q900A7	0
O75324	P12495	0
Q96EE3	P18800	1
Q8WZA9	P03404	0
Q9UQ03	P05888	0
P38159	Q70AA1	0
Q6ZRS2	P05857	0
Q03405	P18092	0
Q70E73	P18094	0
Q8TEL6	P35962	0
Q13444	P03377-PRO_0000038388	0
O75955	Q71B31	0
Q8IX94	Q9IF21	0
Q9BTA9	P04599	0
Q5EBL2	P05950	0
Q8N6P7	Q77YF9	0
Q6ZT98	P24741	0
Q8TEM1	P05928	1
P33032	Q9YXY3	0
Q3KP66	B0FAM1	0
Q9HAB3	P18799	0
Q9P1Z3	P05871	0
P22392	P05882	0
Q96QD5	P03402	0
Q7Z5L3	P12483	0
Q9BV20	P12488	0
Q13829	P05919	0
Q9P209	P20873	0
Q9NXZ1	Q77YF9	0
Q6J272	P04585	0
Q8NHX4	P24737	0
P02745	A0A891	1
Q643R3	O41790	0
Q9NZP0	P04624	0
Q68DV7	P04614	0
Q8N6I1	P04618	0
O94913	P05908	0
Q8IZJ4	P05869	0
Q6ZMH5	P19547	0
P0DOX7	P69723	0
Q8N309	P04585	0
P37198	P04623	1
P06241	P12479	1
Q8TD06	P03404	0
Q16698	Q70624	0
P26038	Q71B33	1
Q6NUK1	P05858	0
Q16777	P04608	1
Q8NFH5	P03369	1
Q92503	P12499	0
Q8NDZ0	O89293	0
P18615	P24738	1
Q92585	Q72547	0
Q8WXA2	P04324	0
P62685	P35961	0
O43390	O40177	0
P24043	P05877	0
P35354	Q72500	0
P58549	P08805	0
Q9BUV0	P03402	0
Q9P1T7	P04608	1
Q9BW66	O89293	0
A5D8V6	P04621	0
O75475	P69728	1
P12111	P08806	0
P32856	P35959	0
Q6PL18	P12489	0
P78406	P35966	1
P10747	P20886	1
Q75V66	A0ESL8	0
Q9UBR1	P35962	0
Q6QHF9	P18806	0
P09958	P04578	1
Q9H1V8	P19551	0
Q8NBQ5	P19549	0
P0DN87	P05928	0
Q6UXY8	P04616	0
P55771	P04619	0
A6NDY2	P04591-PRO_0000038598	0
P55283	P12520	0
P51857	P04325	0
Q96MT7	P15829	0
Q02223	P12489	0
P13667	P04578	1
Q9P2E2	P04599	0
Q69384	P03402	0
Q7LG56	P20869	0
P08034	P04594	0
Q02543	Q72497	0
P37198	P05924	1
P51956	P19553	0
Q86YS3	A9PKC6	0
Q96FV0	P08806	0
O00411	P05865	0
Q92685	P04623	0
Q9NY43	P19553	0
P35269	P04610	1
Q7Z5V6	P19555	0
P48547	P05956	0
Q9BQN1	P03348	0
Q9NR45	P05864	0
Q8NGX0	Q9YXY3	0
Q9UBT2	P03367	0
P49711	Q70624	0
O00233	P03366-PRO_0000042285	0
P22413	P35959	0
Q9Y698	A9PKC6	0
Q9UMX9	P05859	0
O00155	P04584-PRO_0000042547	0
Q9P2R7	Q0ED31	0
Q14181	P18805	0
Q9H8Y8	P19545	0
P52948	P05919	1
Q6NVV3	P05882	0
O60674	P31820	0
Q0VDF9	P04591-PRO_0000038593	0
Q9NR22	P35961	0
Q8WTQ7	P18094	0
Q9Y225	P20883	0
P17096	P05960	1
P08243	P19551	0
O95257	P03377-PRO_0000038388	0
Q8NFU0	Q75760	0
A6NEF3	P12497-PRO_0000042399	0
Q96EC8	P35966	0
Q86YW5	P04586	0
Q7Z6I8	P05928	0
P27469	P04612	0
P49917	P05949	1
Q96SZ5	P18801	0
Q9UL18	P05924	0
P07199	P04620	0
Q7RTR2	Q70627	0
Q9BR46	Q70AA1	0
P31270	P08808	0
P24311	P35959	0
P24821	P20882	0
Q9UNW9	P04613	0
Q96PT3	O70903	0
Q92552	P05889	0
Q9BZ97	P15829	0
Q8IUB5	P05952	0
Q96F86	P05919	0
P16066	P08804	0
Q6ZUS5	P18099	0
Q8NG80	P19545	0
A6NNE9	P05865	0
Q9UJX0	P69697	0
P50616	P18802	0
Q7Z449	O40177	0
Q8IY95	P05948	0
Q9NPH0	P05954	0
Q6UWH4	P05956	0
Q9H0E7	P18095	0
Q96Q77	P12488	0
Q6ZQY2	P05880	0
Q8TCT7	P08808	0
Q92905	P03369	0
P50539	P03367	0
P08235	P20893	0
Q9HB75	P04602	0
Q5VUY0	P05899	0
O43513	P04587	0
Q8IXS0	P04604	0
P42681	P04618	0
Q9H503	P04590-PRO_0000038615	0
Q07283	P05877	0
Q12929	A0EXJ2	0
Q96ID5	P69699	0
O75882	P04586	0
Q9UHX1	P18800	0
P01871	P35963	0
P62760	P04578-PRO_0000038427	0
P10451	O12160	0
Q5RIA9	P04584	0
Q6ZR08	P04579	0
Q0VAK6	P19547	0
O60279	Q70XD7	0
Q96NB3	Q1H8S9	0
P32242	Q70625	0
O75379	Q70AA1	0
Q8NBI5	P04611	0
P55287	P03375	0
P52739	P04604	0
Q9NYF8	P04601	0
Q2TAC6	P04620	0
P04433	P18098	0
Q9NNX9	P05923	0
Q96PC3	P05855	1
Q09328	P05872	0
P00325	P05855	0
Q8N7B9	P12490	0
P43243	P04618	1
Q8IYB9	A0EXJ0	0
Q96L91	Q72874	0
P61204	Q9YYU8	0
Q6ZTI6	P05858	0
A6NIY4	Q73372	0
Q5VX52	P12506	0
Q6UWU2	P05900	0
Q16254	P05956	0
Q86WK9	P12488	0
P52741	P35964	0
Q969K3	P04610	0
P47890	P05889	0
Q96DR5	Q73372	0
Q3Y452	P03367	0
Q8N137	P35959	0
Q96NR2	P35966	0
O96017	O40177	0
Q495M3	P35965	0
Q9BQE3	P04587	0
O14645	P04591-PRO_0000038596	0
P98196	Q9WB91	0
Q9HAH1	P18045	0
Q6ZV60	Q72497	0
Q9NTX5	P04584-PRO_0000042547	0
Q9BQK8	P04624	0
P47944	P04602	0
Q2VIQ3	P12490	0
P84095	B9A2Q4	0
Q9UBX5	P19549	0
P60520	P19548	0
Q6P3S1	P08805	0
Q9UJU6	P20889	0
Q9NQ89	A0EXJ1	0
Q09019	B3UES2	0
Q9Y6J0	P05908	0
O60504	P04591-PRO_0000038593	0
P25713	Q70627	0
P07477	A0A891	0
A0A0C4DH41	P04608	0
P0CG12	Q9WC62	0
Q8WXK4	P05872	0
P62487	P04608	1
P20594	Q76129	0
Q92574	P12490	0
O60431	P04591-PRO_0000038598	0
Q9UMS6	P05889	0
Q01130	O70903	0
P06493	Q77YF9	1
Q13018	P20889	0
Q8IZL9	P12499	0
Q6WCQ1	P18099	0
Q9BQS6	P04593	0
P19544	P69726	0
Q02487	P03347	0
Q07065	P04623	0
Q7Z3B4	P12517	1
Q9BVG3	Q9YWB6	0
Q07820	P05854	0
O75531	P24737	1
Q5T5J6	P69718	0
Q9NTG7	P03377	0
P42658	O11918	0
P0DMB2	P04624	0
Q13371	P05869	0
Q5T4T1	P03366-PRO_0000042285	0
Q15262	P31872	0
Q8N9W7	P20869	0
Q96K30	P03377-PRO_0000038388	0
Q9H649	P04602	0
Q9NVT9	P05948	0
Q6ZS92	Q8JDI3	0
Q9UBK2	P18802	0
Q7Z3B4	P08807	1
Q8NCX0	P04591-PRO_0000038593	0
Q8NB16	G9HS63	0
P31260	P04584-PRO_0000042547	0
Q495A1	P20869	0
Q6NW29	P05955	0
Q9H3H5	P35962	0
O75947	P19545	0
A1L3X4	P69699	0
P08910	Q71B31	0
P06730	P24739	0
Q8WVC0	P12483	0
Q5VWC8	P04619	0
Q8N8A2	P19553	0
P07451	Q77378	0
Q9BQ48	Q77YF9	0
Q8IZJ3	P12498	0
Q9BT67	Q72547	0
Q5JUR7	Q72499	0
Q8N0Y5	P03369	0
Q99731	P18800	0
Q8N9I5	P05919	0
P31371	Q70AA1	0
O94964	P03407	0
Q5JVS0	P24737	0
Q8NHV1	Q70625	0
Q6UXE8	O11918	0
P49792	Q72497	1
Q9BZW5	P04612	0
Q76N89	P05880	0
P01730	P04601	1
Q96JM2	P04584	0
Q13286	P24740	0
Q9HAW7	Q03806	0
Q8IWB1	A0EXJ3	0
A2A3R6	Q77YG1	1
Q5SRE5	P12515	1
Q9Y5W3	O11918	0
Q6P1A2	P12499	0
A6NNF4	P12499	0
P11166	P20893	0
Q5T8A7	P12491	0
Q9ULD8	P24741	0
Q6NUI2	O12161	0
Q6ZP80	P04324	0
Q5QP82	P04598	0
P42696	P04608	0
Q9H6U6	P18801	0
Q8TD47	P18800	0
Q9Y365	P05871	0
Q9UBE8	P35967	0
Q8NDN9	Q9YYU8	0
Q96L33	P19546	0
P80162	Q9IF21	0
Q8NBZ9	P35959	0
Q9NUG6	P12520	0
O95450	Q70623	0
P17096	P69718	1
O00161	P20875	0
Q99935	P12490	0
Q9Y4W2	P20872	0
Q8NH10	P04326	0
Q9H3M0	P05907	0
P10072	P69726	0
P35030	Q2HZL0	0
Q9UGK8	P35960	0
P18074	P19552	1
Q96HA1	P05960	1
Q5T4D3	P19555	0
Q14CZ8	O70903	0
O15439	P03366	0
Q96D96	Q9WIP8	0
Q8N5J4	Q49DS8	0
Q5H9I0	P18806	0
Q05996	Q9YYH6	0
Q96LB2	P31872	0
P68036	P04623	0
Q96I45	Q1PHM6	0
Q9NWM8	Q8Q7Z9	0
Q96JM4	P12483	0
Q8NGS3	O12161	0
P02144	Q70625	0
Q8NFZ5	P18095	0
Q96PN6	P03402	0
Q96M63	P35960	0
Q9BXS5	B0FAM1	1
Q3KNS1	P18045	0
Q9NYX4	P20869	0
Q15723	P12485	0
P01133	Q9Q723	0
Q99460	P04578	1
P0CG48	P05888	1
O15379	A0A288CFT1	1
Q9P0L2	P35962	0
P56377	P20886	1
Q4G0I0	Q993A8	0
Q92876	P05906	0
Q86SG3	P03406	0
Q9BTT6	Q70624	0
P22309	P24739	0
Q9UI43	P04601	0
P37198	P03369	1
O60688	Q993A8	0
Q9Y3M8	A0EXJ1	0
P82675	P31820	0
Q8NI38	P20888	0
Q8N129	A9PKC6	0
Q6NXS1	Q9WPU2	0
Q93096	P04584-PRO_0000042547	0
Q6ZN04	P08806	0
Q2QD12	P04580	0
Q8NFH3	P18800	1
Q8NGC3	P20877	0
Q8N1W2	P18094	0
P12270	P18098	0
E9PFW3	P04601	1
Q99683	P03406	1
Q9NVU7	P19551	0
C9JG80	P04578	0
Q6ZRK6	P19554	0
P0C7W0	P19547	0
P0DPB3	P05954	0
A6NIX2	P05857	0
Q9BRD0	P04588	0
Q6ISU1	Q70AA1	0
Q6XR72	P18803	0
O00481	P24738	0
Q9UHU1	A0A891	0
Q9UJU2	P24739	0
P13497	P15829	0
Q8TBB0	P12516	0
Q8WXI8	P05880	0
A0A1B0GTH6	P05923	0
Q9NQS5	P31872	0
P01730	P12516	1
Q15465	P04608	0
O14718	P05856	0
Q7Z4L9	P24737	0
Q9H1Z4	P05923	0
P07093	P05927	0
Q92621	P35966	1
Q9P2D8	P35961	0
Q9BYL1	P12479	0
P02458	P05890	0
A1A580	P04585	0
Q86Y82	P03366-PRO_0000042285	0
Q9NZ42	O11918	0
Q9NRL3	P05947	0
O94989	P04592	0
P00352	Q1H8S9	0
Q8N808	P19546	0
Q3SXR2	P12490	0
Q8N3D4	Q1PHM6	0
Q8TCE6	P05952	0
Q8IYD8	Q70145	0
A6NGE4	P04619	0
Q5JQS6	P88585	0
Q8WUN7	P05868	0
P12271	P12518	0
Q9H8U3	P08807	0
P37198	P18805	1
P40126	P89582	0
P52954	P03407	0
Q86YW7	P35962	0
Q99567	Q70622	1
P39900	O70903	0
P41597	P05900	0
Q9Y2Z9	Q79791	0
Q96EZ4	P05900	0
Q96M89	P12499	0
Q9NSY2	Q77YG1	0
Q5T440	Q72497	0
Q86TA1	P03349	0
P46736	P18094	0
P48553	P18098	0
P62979	Q70623	1
Q9UHF0	P24740	0
Q9Y236	P03377-PRO_0000038388	0
P03372	P18094	0
Q70CQ3	Q72497	0
Q8IZK6	P05882	0
Q6ZNA4	P88761	0
P17096	P19548	1
Q8N2C3	P04592	0
P13010	P04620	1
Q6ZUK4	P18805	0
Q96BM9	Q72547	0
Q9NV12	P05951	0
Q9ULW3	P35967	0
Q96EH3	O40177	0
Q93063	P18092	0
Q96NG8	O70903	0
P0DMC3	P04592	0
O00329	P04593	0
Q9Y693	O70903	0
Q96H12	Q1PHM6	0
Q07283	P12491	0
Q96CB5	P18092	0
