P35408	B4URF7	0
O60828	P03428	0
Q9BQE9	P30910	0
Q96KF2	Q6DPU2	0
Q15063	Q6DPG0	0
Q9Y252	P11133	0
Q9Y6X2	Q0A2H1	1
Q52LD8	Q91LS8	0
Q9NS25	Q9DLK6	0
O95838	Q6PNE5	0
Q9BZI7	Q1K9E3	0
Q8IX05	P03502	0
P30825	Q30NP4	0
O94851	B2BUI7	0
Q9H6F2	P03468	0
A0A2R8YFL7	B4URA9	0
P49589	Q3SBS4	1
Q96IX5	P30911	0
O75508	Q38SQ2	0
Q5BJD5	Q1K9E3	0
P58876	P03495	1
Q8IYD1	Q38SQ9	0
P25787	P30910	0
Q5BKX6	P08276	0
Q92564	Q8JSN5	1
Q00888	B4URA9	0
Q9UBW7	P03508	1
P0DOX5	B2BUI7	0
Q8N7G0	P04664	0
O95807	Q38SQ2	0
Q14774	Q20NX5	0
Q15751	Q8JSN5	0
Q96EX1	D1LN35	0
P31944	B4URF0	0
Q02410	Q8JSN5	0
Q9UBY0	P03508	0
Q9BQ69	Q5V8Z9	0
Q9Y2V0	P03437	0
P0C7U9	Q91MA7	0
O14986	Q20MD1	0
P07741	Q0A2H1	0
Q9UKI2	Q3SBS4	0
A6NL08	P03466	0
O75153	P06827	0
Q8IYJ2	Q38SR2	0
Q99729	Q99AU3	1
Q9NRY7	B2BU63	0
Q5VZ52	P11133	0
Q96PQ6	B2BU63	0
Q9H0U4	Q20MD2	0
Q15642	Q8QPK2	0
Q5VWZ2	P08276	0
O75569	Q1K9H2	1
Q99758	Q9DLK6	0
Q8TAX9	Q5L4H4	0
P55795	A8C8W5	0
Q8WV60	P03437	0
Q9H3E2	Q9Q0U7	0
Q6ZMU5	Q2PJP1	0
Q96N35	P04663	0
Q8NGC1	A5Z256	0
P36508	P03452	0
P20742	Q01639	0
Q9UJT2	Q3SBS5	0
Q8NH19	Q38SR2	0
Q9UJQ4	P0DOF8	0
O95500	Q0A2M3	0
Q8TE56	O56264	0
Q9H0F6	P03468	0
O15121	Q20MD5	0
Q14714	Q38SQ2	0
Q6ZS46	P69277	0
Q8IZD0	P03496	0
P04792	Q20MH8	1
Q9NWU5	Q20MD5	0
Q9H4D5	C3W5S7	0
O43805	Q3SBS5	0
P62508	Q9YXL3	0
Q8IY49	P11133	0
Q6ZS94	A7UPX0	0
Q9ULJ6	P03437	0
Q9UN72	P03433	0
P42771	Q0A2M3	0
Q6PD62	B2BUF1	1
Q9NQM4	Q8QPK2	0
D6RBM5	Q38SQ9	0
Q96C11	Q6DP94	0
B4DV09	A0A0X9JHC1	0
O60610	O92551	0
Q9P219	Q6DPG0	0
Q9H2C0	P30911	0
Q96J86	Q1WDM0	0
Q6P2I0	Q9DLK6	1
Q156A1	P03495	0
Q075Z2	Q8JSN8	0
P17693	Q1K9E2	0
Q8WUD4	Q0A2M3	0
Q6PHR2	A4D8X6	0
Q9BTE0	B4URF7	0
O75695	P03502	0
Q9NTI7	Q38SR2	0
Q6UX27	Q20MH4	0
P52945	B4URA9	0
Q9BWF3	P69277	0
P35268	O56264	1
Q2M2W7	P03493	0
P0C7W0	B2BU63	0
Q9BRK3	Q5QF18	0
P51531	Q1K9I7	0
Q3SX64	Q9YXL3	0
O14525	Q0HD54	0
P51531	Q30NP4	0
Q96CB8	H9XIJ5	0
P0DMW3	Q1K9H2	0
Q9Y2M5	I7CAR2	0
Q9NRB3	A4D8X6	0
Q8WY41	Q67296	0
P23511	B4URF0	0
O43193	B2BUI7	0
Q86WG5	Q8QPK2	0
Q9HCG1	Q38SQ9	0
Q8TD84	Q20MH3	1
Q5TAG4	Q91MA7	0
Q13367	Q1K9I7	0
O75071	P0DOF4	0
Q8NDT2	Q38SQ9	0
P54819	P03452	0
Q9UKN8	A0A0X9JHC1	0
P03897	P03428	0
P0DJD7	P03496	0
Q502W6	Q3SBS4	0
Q9UNG2	Q8QPK2	0
Q9Y3B7	Q1K9G9	1
Q9UPQ0	P68043	0
P0DPK4	Q20MD2	0
O43555	Q8JSN6	0
Q00653	B4URF6	0
Q9UBD9	P0DOF4	0
Q8N448	P03495	1
Q8NI08	P26053	0
Q8WV35	A4D8X6	0
O60264	Q9YXL3	0
Q504Q3	Q82506	0
P33261	Q0A442	0
P05787	Q1K9H5	0
P47992	Q6VE52	0
Q96P88	A4ZNQ3	0
P31644	P03485	0
O95007	B4URF7	0
Q96P50	Q5V8Z9	0
P01210	O56264	0
Q969U7	Q6VE52	0
P13945	Q20MD5	0
P49354	P03437	0
P20020	Q1K9H5	1
P0CG41	Q6DPU2	0
Q96LU7	Q38SQ9	0
Q8N0X4	Q1K9E2	0
O60637	A4ZNP8	0
Q96PD2	Q9YXL3	0
P35754	A5Z256	0
Q70Z35	Q6DPA0	0
P14621	Q2RBU1	0
Q99871	Q1K9H5	1
Q3SXY8	Q2RBU1	0
Q8IUB9	Q20MD5	0
O95757	Q1K9G9	1
Q6P1N9	D1LN35	0
Q6ZR37	Q9YXL3	0
Q5TA45	Q9Q0U8	0
Q6VMQ6	Q2PJP0	0
A6NFE2	P11133	0
Q99574	P06821	0
Q07001	Q33CG5	0
P27797	P03496	1
Q9UG22	A4ZNP8	0
P07306	Q38SQ2	0
Q9HCG8	Q9YP60	0
Q8N8G6	Q0A442	0
Q9Y478	O56264	0
P20591	P03433	0
Q8TD26	Q67020	1
Q8NBI3	Q6DP93	0
Q16831	P03427	0
Q5T0Z8	Q91MA7	0
A7E2F4	Q0HD54	0
Q86SQ3	Q1WDM0	0
Q86V59	Q20MH8	0
O00507	Q1K9H6	0
O15226	O92551	1
Q9Y5E9	A4ZNQ2	0
Q32M92	P04664	0
P59510	Q6DNN3	0
P68402	Q0A2M3	0
Q5JVX7	P03427	0
P36776	I7CAR2	0
Q9UDV6	Q20P38	0
Q9NUP9	P08276	0
P01824	P04664	0
P33176	Q1K9H5	1
P01709	Q0A2M3	0
Q6ZUF6	A0A0X9JHC1	0
Q14512	Q0A2H0	0
Q9BZV1	Q20NX5	0
Q9Y2P4	D1LN35	0
P02538	Q20MH8	0
Q96IZ5	Q91MA7	0
Q9BPW5	A4ZNP8	0
Q4V328	Q20MH4	0
O60925	Q1K9E2	0
Q9NQC1	H9XIJ5	0
Q5W186	Q2PJP0	0
Q7L523	Q30NP4	0
P17098	Q9YXL6	0
Q96DT5	Q1K9G9	0
O95071	P03428	1
P53597	A4ZNQ2	0
P07910	O56264	1
Q9Y6U7	Q9WPI5	0
Q9Y5Z4	P30910	0
P14854	C9S3S8	0
Q53H64	Q1K9E2	0
Q86VP6	Q20NX5	0
Q9BY42	O92551	0
A0A075B6R9	Q03909	0
Q99717	P03433	0
P49888	P06827	0
Q8N9C0	Q3SBS5	0
P35998	B4URF7	1
Q8WWY8	P0DOF4	0
O14908	Q6VE52	1
Q96KR7	Q82506	0
Q8N3G9	Q6DP93	0
P30414	A4ZNQ2	0
Q6P1K8	Q20MC8	0
Q9NPP4	Q8QPK2	1
Q96RK0	P26053	0
Q8WVD3	P0DOF4	0
Q9NSK0	C9S3S8	0
Q9NU63	A8C8W5	0
O75366	P03502	0
O95398	P03433	0
Q7RTS5	P03433	0
Q6RW13	C9S3S8	0
P52564	Q5QF18	0
Q6DRA6	P03431	0
Q8NG80	Q91MA7	0
P54315	P03495	0
Q9UBG0	Q9YXL3	0
Q15649	A8CDU0	0
Q9Y5K2	Q01639	0
P13762	Q91MA7	0
Q9NUM4	B4URF0	0
Q6UXR8	Q6DP93	0
O95168	Q6DPA0	0
Q495C1	P03428	0
O95050	Q1K9H6	0
P21917	Q20MH4	0
Q5TAT6	Q33CG5	0
P32245	Q0A2H1	0
O75486	Q9Q0U8	0
Q9UJ41	Q20MC6	1
Q9Y210	P04663	0
P10082	Q2RBU1	0
Q9UBK2	A4D8X6	0
Q6ZST2	P11133	0
O75381	Q20MH8	0
Q08AM6	Q2PJP1	1
Q15915	Q3SBS4	0
Q9HBH9	B4URF6	0
Q6ZWJ8	P08276	0
Q96PZ7	Q20MH8	0
Q9H270	P03427	0
Q9NP55	Q2PJP1	0
P46952	O92551	0
Q13637	Q1K9G9	0
Q53S08	Q8JSN5	0
Q9BZS9	Q3SBS4	0
P07550	A4ZNQ3	0
Q9Y6A9	Q20MH8	0
P34981	P03468	0
B4DZS4	Q0HD54	0
Q8ND04	P03493	0
Q9UBS0	P0DOF8	0
Q9H0A0	D1LN35	0
P48163	Q38SQ2	0
Q6SJ93	Q1K9E3	0
Q9GZR2	P03502	0
Q9BYM8	Q07FI1	0
P35368	P03428	0
Q96HV5	Q1K9I7	0
P04626	B4URF6	0
O00748	P04664	0
Q7Z3U7	Q20MH8	1
Q9Y4E8	Q6DNN3	0
Q96NR3	Q2RBU1	0
Q12934	B4URA9	0
P06028	B4URF6	0
Q96GV9	Q6DP94	0
P26572	Q6DP94	0
Q8NET6	Q1K9E2	0
P07942	Q20P38	1
Q96FL8	C3W6D7	0
Q9H987	C9S3S8	0
Q9Y4P3	Q20MH3	0
Q8IVP9	Q20MH8	0
A8MWV9	P69277	0
P56545	Q33CG5	0
O75762	B4URA9	0
P41252	P03493	0
Q0VAA2	D1LN35	0
P41567	Q8JSN6	1
P14384	P03496	0
Q9Y426	I7CAR2	0
Q9P2N4	Q1K9I7	0
Q7Z5M8	Q1K9G9	0
Q9HA64	Q5L4H4	0
O43900	D1LN35	0
Q2TAM9	P03428	0
Q9P0S9	B4URF0	0
Q9NYQ7	P06821	0
O75607	Q6VE52	0
Q8TAI1	Q8QPK2	0
Q9NYZ1	P06827	0
Q6FI13	O56264	1
Q9Y2E4	Q03909	0
Q9Y265	Q1K9H5	1
Q9UMZ2	Q01639	0
Q8TB52	Q6DP94	0
Q9H2C8	Q1K9H6	0
P0CF97	Q91LS8	0
O43852	B4URF7	1
Q01113	Q91LS8	0
Q9H2U6	A8CDU0	0
Q8WVR3	P04664	0
Q8WUU8	I7CAR2	0
Q86TU7	Q2RBU1	0
Q96K76	Q8JSN6	0
Q5TCX8	Q38SQ2	0
Q9BRR9	Q9Q0U7	0
Q8IVL8	Q1K9H6	0
P04731	Q1I2B2	0
Q6QN14	H9XIJ5	0
O60921	P03496	0
O00469	Q20MH4	0
Q8IVQ6	A8CDU0	0
Q9Y2W7	P03496	0
Q96RQ3	Q3SBS5	0
Q86V87	Q67296	0
P22033	A4D8X6	0
Q86UT5	Q20MH8	0
Q6UXI7	Q20MD2	0
Q5GFL6	A4ZNQ3	0
A8MT69	P03431	0
P17036	B4URE7	0
P0CG48	H9XIJ5	1
Q8TDI0	Q20MD1	0
Q5VT33	Q07FI1	0
Q8WU17	O56264	0
Q9NRA8	Q1I2B2	0
Q5EBL2	P11133	0
P21917	Q33CG5	0
Q14005	P03466	0
Q2M3G0	Q2PJP0	0
Q8IXQ3	Q20P38	0
Q9NZM6	P08276	0
Q10713	P06827	0
O00463	Q91MA7	0
O15540	Q33CG5	0
Q92556	Q2PJP1	0
P14866	D1LN35	1
Q86T24	Q20MD5	0
Q9UEG4	P03485	0
P11137	Q8JSN8	0
Q13651	Q9WPI5	0
Q9NYF8	Q0A2H0	1
Q6ZSG1	Q2VC93	0
P25063	C3W6D7	0
A6NLE4	P03427	0
Q8TCA0	Q5L4H4	0
O75140	Q33CG5	0
Q6ZPA2	P26053	0
Q99767	Q91MA7	0
Q969E4	Q6DNN3	0
O94991	Q5V8Z9	0
O75636	P30911	0
Q5W5W9	B4URF0	0
Q6UWQ5	B2BU63	0
P52945	P26053	0
Q5T230	A4ZNQ3	0
Q9BXK5	P03496	0
P14625	B4URF0	1
Q9NZ08	C3W6D7	0
Q9NRC8	P03433	0
P62304	Q20MH8	1
Q8NBR6	A4ZNQ3	0
Q96C23	P03496	0
Q99814	P03496	0
Q9H3R5	Q20P38	1
Q15629	B4URF0	1
B1AL46	Q0A2M3	0
Q5T655	Q2VC93	0
Q8TD31	P03508	1
Q6MZW2	Q9YXL3	0
Q9NPH2	B4URA9	0
Q5CZ79	Q1K9E2	0
Q3SY89	O56264	0
P14868	Q20MH8	1
Q6ZSK4	P0DOF8	0
Q16635	P30911	0
Q9H6A0	Q9WPI5	0
O95049	Q0HD54	0
Q9Y5X2	H6QM92	0
Q6QEF8	P31343	0
Q13155	A4ZNQ2	1
Q2NKX9	P03437	0
O60462	H9XIJ5	0
Q9Y496	A4ZNQ2	0
Q2M1K9	P26053	0
Q05952	Q20MH3	0
Q15366	B4URE7	1
P49589	Q20MH3	1
Q9UKU7	C3W5S7	0
P60842	Q1K9H5	1
Q9BX73	C3W5S7	0
Q9H339	Q8JSN5	0
Q12959	Q0A442	1
P04430	Q6VE52	0
Q9C0D7	Q6DPU2	0
Q16557	Q0A442	0
P49238	P26053	0
Q24JQ0	B2BU63	0
Q5JS37	Q5QF18	0
Q8WVD3	P0DOF8	0
A8KAG1	Q1K9H5	1
Q9UMY4	Q1WDM0	0
P25685	Q91LS8	0
P22888	P03437	0
Q9H479	Q9YXL3	0
P35916	P03502	0
Q96E39	A4ZNP8	0
Q8IX04	Q99AU3	0
P14920	Q1I2B2	0
Q96LB4	P31343	0
Q96G61	Q03909	0
Q01101	A4D8X6	0
Q9H6H4	P69277	0
P29692	B4URF7	1
Q8N165	Q20MC8	0
Q53HL2	Q6PNE5	0
Q8TAT6	A4ZNQ2	0
A8K8P3	P04663	0
Q92835	Q20MH8	0
P21912	A4ZNQ2	1
Q00994	A7UPX0	0
Q9P021	P03493	0
P48060	Q01639	0
Q96RP8	B4URF0	0
Q9H8M1	Q38SQ2	0
O00443	Q2F4V2	0
Q6UB98	Q2RBU1	0
Q96JM4	O92551	0
Q2NKX8	Q20P38	0
Q9H305	Q20NX5	0
P04440	P03466	0
Q96IV0	Q6PNE5	0
Q6P1X5	B2BUF1	0
P55210	A4ZNP8	0
Q9HCJ5	Q8JSN8	1
O75293	P0DOF8	0
Q9BUI4	Q3SBS5	0
Q8TDF6	P03468	0
Q16549	A4ZNQ3	0
Q01718	Q1K9E3	0
O14521	Q20MD2	0
Q99665	Q1K9G9	0
P59540	P03431	0
Q13507	Q6DPA0	0
Q9HB21	Q30NP4	0
A8MQT2	Q9YP60	0
B7ZAQ6	P03493	0
Q8NHY3	H6QM92	0
Q9HAV7	D1LN35	1
Q6IWH7	Q8JSN5	0
Q7L273	Q6DPA0	0
P0DOY3	P68043	0
P36222	P03452	0
P31323	P30910	0
Q8N587	Q6DPU2	0
Q2TAC6	B4URA9	0
Q9Y294	A4ZNP8	0
Q8N7U9	Q1K9G9	0
Q13145	Q0A2H1	0
Q15717	Q20MH8	0
Q12800	P06821	1
Q16630	Q20MC8	0
Q6IMI4	A4ZNP8	0
Q9UBJ2	D1LN35	0
Q8IZY5	Q6DP94	0
Q99853	B2BU63	0
Q59EK9	Q82506	0
Q9UBW7	A4ZNQ3	1
Q8NGM9	I7CAR2	0
P01877	P26053	0
Q9P021	Q99AU3	0
Q12829	Q3SBS5	0
Q9UL63	P03468	0
Q9UKN5	Q0A2M3	0
Q8WWV3	Q3SBS4	0
O94856	Q38SQ9	0
Q8NHH9	Q9YP60	0
Q9NPE2	Q91LS8	0
Q8N2H3	I7CAR2	0
Q9BR10	P0DOF8	0
Q8N812	Q0A2H1	0
Q8IXJ9	Q1WDM0	0
O75474	Q1K9E3	0
Q9ULX5	C9S3S8	0
Q8WTS1	Q1K9H6	0
Q5T7M4	Q6DP93	0
Q8TDS5	A5Z256	0
Q96MC5	P03427	0
O43295	Q2PJP1	0
P15622	P03493	0
Q6ZVK1	Q20MD5	0
Q9Y2K9	Q6VE52	0
Q9BSY9	Q6DP94	0
P24522	B4URF6	0
Q96T21	P03427	0
Q9UKU7	Q38SQ9	0
Q9NZL3	Q6VE52	0
P98182	P03496	0
P98179	B4URE7	0
A6NGC4	Q8QPK2	0
A1A5C7	Q20P38	0
Q96DN5	P03502	0
Q4G0U5	A4ZNQ2	0
O43822	Q5V8Z9	0
Q8N5B7	P0DOF8	0
Q13287	P03433	0
Q8NH83	P03468	0
P43355	A0A0X9JHC1	0
Q9H6F5	P04663	0
Q8NET8	Q20MD1	0
Q6ISU1	P03437	0
P01909	Q1K9H6	0
P15531	Q38SQ2	0
O43719	A4ZNP8	1
A0A1B0GVX0	Q20P38	0
Q14160	Q2PJP0	1
Q96SL1	Q2RBU1	0
P00709	C9S3S8	0
Q08AG5	A4ZNQ2	0
Q9GZT3	Q20MH8	1
Q12912	P03427	0
Q9NSQ0	P30911	0
P02746	Q6DPA0	0
Q6S5H5	Q0A2H0	0
P14652	Q01639	0
Q7L5L3	P03452	0
Q8WXE9	Q99AU3	0
Q3KRA9	Q1K9G9	0
A6NM66	Q6DPA0	0
P05155	Q0A2H1	0
P16870	O92551	0
P08727	Q33CG5	0
P0C879	P30910	0
A6NK97	Q67296	0
Q8TDM5	H6QM92	0
Q8TEW0	Q5V8Z9	0
P05106	Q2RBU1	0
Q01851	Q20P38	0
Q92819	P03428	0
Q9NP99	P03493	0
P0C5J1	P04663	0
A6NI73	Q9YP60	0
Q68D10	A4ZNQ3	0
Q92771	P0DOF8	0
O95670	A4ZNQ3	0
Q5VVW2	Q0A2H0	0
Q8IVU9	P03433	0
P62324	A4ZNP8	0
Q5TA81	Q1K9I7	0
Q7Z7B0	Q20MH8	0
Q9NVP4	Q1K9I7	0
Q9UK23	Q20NX5	0
O14958	Q2VC93	0
P61328	A7UPX0	0
Q9ULX6	P03427	1
P01601	B2BUI7	0
Q86YS7	Q2RBU1	0
Q6U7Q0	Q30NP4	0
Q9UN88	Q5QF18	0
P10109	Q1K9H5	0
Q9Y265	P03496	1
Q53H47	Q1K9I7	0
Q6NT76	P03495	1
Q8NGK3	Q9Q0U8	0
Q9NRX3	C3W6D7	0
Q9H792	Q0A442	0
Q6ZUU3	D1LN35	0
O15303	Q2PJP0	0
Q9UPU7	B2BUI7	0
P60985	Q30NP4	0
Q86YE8	Q2RBU1	0
P49721	Q20MD5	0
Q96DE0	A8CDU0	0
Q0D2K5	Q30NP4	0
Q9UBS3	Q1WDM0	0
A6NGC4	P69277	0
P23610	P30911	0
O14793	B4URE7	0
P52294	H9XIJ5	1
Q9UP95	Q1K9H2	0
Q6EMK4	Q6DP93	0
A4QMS7	Q2PJP1	0
Q8J025	Q9YXL6	0
P60604	Q07FI1	0
P15863	Q99AU3	0
P29401	Q0A442	0
P31415	Q20MC8	0
P0C0P6	Q2PJP1	0
P35348	B2BUF1	0
O15344	Q91LS8	0
Q96NT3	P11133	0
P48023	Q91LS8	0
A9Z1Z3	P03502	0
P18583	Q0A2H0	1
Q8NHA8	P03468	0
P42224	Q8JSN8	1
Q15048	B2BUI7	0
P0DJD3	Q1WDM0	0
Q92859	Q91U50	0
Q9BSG5	Q20MH8	0
Q8IXZ3	Q38SR2	0
P28074	B4URF7	1
A8MU76	A4D8X6	0
P52736	B2BUF1	0
Q69YH5	H9XIJ5	0
Q9Y6I4	P06827	0
Q6UY09	Q9Q0U7	0
P35626	Q20MH4	0
Q7L4I2	Q3SBS5	0
Q8NFJ8	Q9WPI5	0
Q8WU03	Q20MH3	0
Q96FE7	C3W5S7	0
Q9NRC6	Q0HD54	0
Q8NDL9	P03428	0
P10276	Q8JSN8	0
O60909	P31343	0
P14866	O56264	1
P34982	Q8QPK2	0
P62820	P03452	0
Q9H5K3	P03433	0
O14513	B4URF0	0
Q16647	Q6DNN3	0
Q9Y6N3	Q6DPA0	0
Q9UBC7	O56264	0
Q9Y4Y9	Q6DPG0	0
Q6W2J9	D1LN35	0
Q96HR8	Q91LS8	0
Q8N3L3	Q3SBS5	0
O75607	Q6DNN3	0
Q96S44	Q91MA7	0
Q5VTR2	P03496	0
Q8NCX0	P11133	0
P04155	Q0A2M3	0
P50225	A0A0X9JHC1	0
O15481	Q2PJP0	0
Q16836	B2BUI7	0
Q9ULK5	Q38SR2	0
P41252	Q20MH8	1
Q9BQI6	P06827	0
Q9BXS1	P03431	0
Q9HCX4	Q6DPU2	0
O60884	A4ZNQ3	0
Q8IZ26	P04663	0
Q14005	P03437	0
Q9UM82	P06827	0
Q86UE8	Q20MD1	0
Q12882	Q6DPA0	0
Q92908	Q20P38	0
O94804	P04663	0
O60268	Q91LS8	0
P05155	Q1I2B2	0
Q14623	Q91LS8	0
Q86XK3	P03485	0
Q8IXS6	Q20NX5	0
Q9Y5Q0	C9S3S8	0
P69892	Q6PNE5	0
Q96JN8	Q8QPK2	0
P29320	P03437	0
Q8N0W7	C3W5S7	0
P48165	Q1WDM0	0
Q17RG1	Q6DPU2	0
Q96I59	Q1K9H2	1
Q9NP66	Q67020	0
Q5T0Z8	Q33CG5	0
P35658	Q1I2B2	1
Q8IUI8	Q20NX5	0
Q7L1Q6	Q3SBS5	0
Q8NFF5	Q6DNN3	0
Q7Z6Z6	Q8JSN5	0
Q9BZA8	Q01639	0
Q15818	Q2F4V2	0
Q8N6P7	Q1K9I7	0
Q96T58	A8CDU0	0
B4DX44	Q6DP94	0
Q7Z698	P0DOF8	0
Q7Z4L0	C3W6D7	0
Q8IUB9	B2BU63	0
O00291	D1LN35	0
Q6T4P5	Q33CG5	0
O43304	P03495	0
Q86YE8	Q5V8Z9	0
P43243	Q9WPI5	1
A6NDN3	A8CDU0	0
A6NDS4	P03437	0
A8MUV8	Q67296	0
Q96Q40	Q38SQ2	0
Q8N6R0	P03502	0
Q9NRP4	Q20MC8	0
P0DP02	P11133	0
Q9H1D9	P03508	1
A3KMH1	Q6DP93	0
Q92831	C3W6D7	0
Q9Y5B0	Q2PJP0	0
P52738	P03466	0
Q8TE60	Q1K9G9	0
P28845	Q01639	0
P21802	Q5QF18	0
Q9NPC4	Q1K9I7	0
Q9BXJ4	Q2RBU1	0
Q3LI73	Q91LS8	0
Q1KMD3	Q20MH3	1
Q9NRG7	Q6DP93	0
P24863	P03468	0
A2VCK2	P03452	0
Q9P2E7	Q9DLK6	0
P80098	B2BUI7	0
Q6ZUM4	P03496	0
Q14181	Q8JSN8	0
Q8TD31	Q20MH4	1
Q9UKI8	Q9YXL6	0
Q96BN2	P30910	0
Q5JUK9	P08276	0
Q8TAF5	P03496	0
Q9ULZ2	Q5L4H4	0
P04181	Q20MH8	1
Q9BXN2	O92551	0
Q92485	Q2PJP0	0
Q8NHS9	Q1K9E2	0
O95497	P03496	0
Q9NVA2	Q8QPK2	0
Q9NVK5	Q20MD1	0
Q8N7F7	Q9Q0U8	0
O60896	A4D8X6	0
Q8NCU4	P03431	0
O15072	I7CAR2	0
Q13075	P03502	0
A6NCL1	Q20P38	0
Q9Y388	Q20MH4	0
Q96J01	Q20MH8	1
Q9BYQ7	Q0HD54	0
Q86W47	B4URF7	0
Q96C24	Q3SBS4	0
Q8N2H3	B4URA9	0
Q6DN72	P03466	0
O75094	A8CDU0	0
Q8N2S1	P03508	0
Q6PKX4	Q2PJP0	0
Q8TB22	Q2PJP1	0
Q96N58	Q0HD54	0
Q8TAP8	Q6DNN3	0
A8MUN3	Q0HD54	0
Q3ZCV2	Q20MH8	0
Q96JS3	B4URA9	0
O14966	Q2PJP0	0
Q9NPR2	Q91U50	0
Q496Y0	P03428	0
Q5W186	Q9WPI5	0
O60783	Q1K9H2	1
Q8WZA6	Q0A2H1	0
Q01668	P04664	0
Q96SR6	Q91MA7	0
Q8IVH2	P11133	0
Q13443	P11133	0
Q92670	Q20MD5	0
P28906	P30911	0
Q9BZX4	Q9DLK6	0
Q96FX7	A7UPX0	0
Q96S59	Q8JSN8	1
Q15646	Q20MH4	0
Q6VEQ5	Q0A442	0
Q9H3R2	Q9YXL3	0
Q99766	P30910	0
Q96FC9	Q0A2H1	0
Q96M89	P03431	0
Q5T0N1	A5Z256	0
Q5K651	Q20MH4	0
Q8IWN7	B4URF0	0
P52895	Q0A2M3	0
Q14191	P03495	0
A0A1B0GVT2	Q1K9E2	0
Q9UGJ0	Q0A2M3	0
Q8NDC4	P31343	0
Q16570	Q8QPK2	0
P12643	P69277	0
Q9Y5E2	Q03909	0
Q9BS34	Q5V8Z9	0
Q8IWY8	P03466	0
Q9H7B4	P31343	0
Q9HCM3	Q0A2H1	0
Q6DWJ6	Q8JSN8	0
Q8NGI6	Q0A442	0
Q9H0S4	Q38SQ9	0
Q93073	B2BUF1	0
P04920	Q20MH8	0
Q8NH80	Q6DPA0	0
Q32M92	P26053	0
E7ETH6	Q8JSN6	0
Q7RTT5	P03508	0
Q5TGP6	I7CAR2	0
P24468	Q1K9H5	0
Q8N6K4	Q0A2H1	0
O14684	P26053	0
O75309	P69277	0
Q96A65	Q9YXL3	0
P62745	A4ZNQ2	0
Q6N022	Q2VC93	0
Q8N141	I7CAR2	0
A0A075B6I9	A0A0X9JHC1	0
Q66K74	Q1K9G9	0
Q96KN4	Q8JSN5	1
P22749	Q6DP93	0
Q68J44	Q20MH8	0
Q08648	Q6VE52	0
Q99816	Q20NX5	0
Q8NHX4	C9S3S8	0
A8MQ14	D1LN35	0
Q9H6J7	Q9YXL3	0
P21802	P03466	0
Q14154	Q9YP60	0
Q92914	Q30NP4	0
Q8NHG8	Q0HD54	0
P11387	P03427	1
P02652	B2BUI7	0
Q9H3E2	P03452	0
Q3LHN2	Q1K9H5	0
Q9H082	C9S3S8	0
Q9NQ36	P31343	0
Q10571	Q1I2B2	0
Q53S99	Q9DLK6	0
O95926	P68043	0
P18583	Q6DP93	1
P49798	Q20P38	0
B1AL46	Q5QF18	0
Q86TI2	Q8JSN8	1
P20774	Q6DPA0	0
P06756	P03431	0
O94988	P03433	0
Q12905	Q9WPI5	1
Q5JTN6	P26053	0
Q8NHU0	A4D8X6	0
A0A0C4DH29	Q1K9H5	0
Q96T91	Q9YXL3	0
Q8N5F7	B2BUI7	0
P35711	B4URF7	0
Q8WV60	P03508	0
Q9NPY3	Q0A2M3	0
P56179	A4D8X6	0
P38484	P08276	0
P49354	B2BUF1	0
P28289	B4URF6	0
Q9H910	Q38SQ2	0
Q9H773	B2BU63	0
F5H4B4	A8CDU0	0
Q6PGN9	Q20MC8	0
Q13572	P03495	0
Q8NAA6	Q20MH8	0
Q92956	Q6DPG0	0
O00442	Q20MD2	0
O43184	Q9YP60	0
O00270	Q30NP4	0
Q96Q06	B2BU63	0
P35789	P06821	0
Q6ZUX3	Q9Q0U7	0
Q9H8G1	Q1K9H2	0
C9JCN9	Q20MC8	0
Q9H0N0	Q6DPU2	0
Q8IZ83	Q8JSN8	0
Q9HB21	Q8JSN8	1
P10321	B4URE7	1
Q9GZV4	P03496	1
Q12983	Q1K9H2	1
Q86XW9	P06821	0
P55809	Q3SBS4	0
P0C6S8	Q6DPA0	0
P01714	Q1K9H2	0
Q9UJT9	Q91LS8	0
Q8NHY3	Q9Q0U7	0
Q9P2S5	Q1K9E2	0
Q496M5	O92551	0
O75127	Q6DP94	0
Q9UPR5	Q6DNN3	0
Q03989	P03508	0
Q9HBB8	B4URF0	0
Q5T749	A4ZNQ3	0
O00203	Q0A2H0	0
Q9Y6J6	B4URA9	0
Q9UGM3	P03452	0
Q9NRD1	C9S3S8	0
P17987	P03496	0
Q9BUB5	A8CDU0	0
Q13315	Q99AU3	0
Q8NG94	Q9YXL3	0
Q9UC07	Q1K9I7	0
P56277	Q20MH8	0
Q8NEW7	Q3SBS4	0
Q8NHQ1	P03437	0
O15151	Q20NX5	0
P48065	D1LN35	0
Q8NGN3	Q3SBS4	0
Q6P0Q8	Q38SQ2	0
Q05639	P03496	1
P68366	P03496	1
Q96CS4	Q1WDM0	0
P31415	Q8JSN6	0
Q8NCH0	B4URA9	0
Q8TCY0	Q99AU3	0
Q9C091	P06821	0
Q9NQ66	Q67020	0
O94810	Q20P38	0
Q6ZYL4	Q0HD54	0
Q9UHD1	Q8JSN6	0
Q5HY92	O92551	0
O60384	P03437	0
Q9NR11	Q38SQ2	0
P0CF97	P0DOF8	0
Q9NX74	Q0A2H0	1
Q9NWD8	Q0HD54	0
Q9P246	P03485	0
Q8IWB9	P03437	0
P14598	Q20MD1	0
Q0IIM8	Q6DPA0	0
Q9C0J9	Q20MH8	0
Q68BL7	A5Z256	0
Q8NFQ8	P30910	0
Q9BQS6	Q2VC93	0
Q9C040	P03466	0
Q96AY4	Q30NP4	0
O75019	Q0A442	0
Q9NRL3	P03431	0
A2RUG3	A8CDU0	0
P55084	A8C8W5	0
Q5MAI5	A4D8X6	0
Q8IZJ0	Q20MH8	0
Q16778	O56264	1
P63241	P03496	1
Q8N8G2	Q2PJP1	0
Q8N0U2	Q20MH4	0
Q9UDY4	O56264	0
Q96C00	Q1K9H2	0
Q9UQ05	P03437	0
P27361	Q6DPG0	0
Q5VTL7	Q99AU3	0
P29275	Q2RBU1	0
O14921	Q8JSN8	0
P25705	Q20MH4	1
Q6P9A1	B4URE7	0
Q9H3N1	Q91MA7	0
P14867	P68043	0
Q8N8J6	P03427	0
Q15661	Q20MD1	0
P28065	Q20MH3	0
Q8NFR7	P03468	0
P38646	Q6VE52	0
Q9Y6A2	O56264	0
Q5VT28	A7UPX0	0
Q9Y5P2	Q20MD1	0
Q5BKU9	P04663	0
Q8N7K0	Q1K9E3	0
Q6ZTR6	Q1K9H2	0
A6NN73	B4URF6	0
Q12798	P06827	0
O14939	Q9Q0U7	0
Q9H1D9	Q20P38	1
P52701	P11133	0
P85298	Q9DLK6	0
P33552	P03452	0
Q6J272	C9S3S8	0
O75908	A4ZNP8	0
Q8NGV6	Q9Q0U8	0
Q6P4F7	A5Z256	0
Q9UFP1	Q9YP60	0
O60296	Q67020	0
Q9NZA1	P04663	0
P13385	Q07FI1	0
Q9H788	Q1K9I7	0
Q8NH06	Q2VC93	0
O14733	Q9DLK6	0
O43390	Q0HD54	1
Q9P2M7	Q9Q0U7	0
P13682	Q1K9G9	0
O60732	B4URE7	0
P04808	Q5QF18	0
Q99626	B4URF0	0
Q9H6P5	Q6DNN3	0
Q96F45	Q20MH4	1
Q96KN7	Q2PJP1	0
Q8N9F8	Q1WDM0	0
Q96EK9	P03485	0
Q9P2X0	Q1K9H2	0
Q6NSZ9	P03428	0
P51857	Q6DP94	0
Q9H3V2	B2BUI7	0
Q9C035	P03466	0
Q96EE4	Q5V8Z9	0
Q8TAT8	Q8JSN5	0
Q8N139	O56264	0
I3L0S3	Q03909	0
P25685	B4URF6	0
Q5KSL6	Q9YXL3	0
Q00796	B4URF7	0
Q5W0U4	Q6DPA0	1
Q14153	A4ZNQ2	0
Q01813	Q20MH8	1
Q96P50	Q20P38	0
Q9Y5T4	P03431	0
Q86SQ3	Q1K9I7	0
O75531	Q20MH4	1
O75751	H6QM92	0
Q5VSG8	P03468	0
A8MW92	Q2PJP1	0
Q99551	Q99AU3	0
Q99470	Q2PJP0	0
Q9BVG4	P03495	0
Q96QH8	A5Z256	0
Q17RM4	Q1K9H6	0
Q9ULZ3	I7CAR2	0
A6NLU0	P03431	0
Q96BP2	Q20MD5	0
P38570	Q8JSN6	0
Q8N1E6	P03433	0
Q66K74	Q33CG5	0
Q99884	P03428	0
Q96FI4	Q6DNN3	0
Q14244	Q6PNE5	0
Q702N8	Q20MD1	0
Q16762	Q0A2H0	0
Q8WVM0	Q67020	0
O76042	B4URF6	0
Q9BQR3	Q20MD5	0
O75306	P0DOF8	0
Q92743	P03433	0
O15245	Q6DP93	0
Q96F24	P30910	0
Q8N1W2	Q38SQ9	0
P35249	Q5L4H4	0
Q14192	Q5L4H4	0
Q7Z7N9	Q0HD54	0
P42357	Q8JSN6	0
Q8IU85	C3W5S7	0
Q8N8J7	Q91U50	0
P43403	P30911	0
Q9H7L2	B4URF0	0
Q96P69	C9S3S8	0
Q9Y2F5	B4URA9	0
P0C671	A5Z256	0
P06280	P0DOF4	0
Q8NGT2	Q2F4V2	0
P59537	Q5V8Z9	0
Q5FWE3	Q82506	0
Q96I36	Q2F4V2	0
Q05066	A4D8X6	0
B2RPK0	P03485	0
Q8N5L8	B2BUF1	0
O60256	Q5V8Z9	0
A6NDA9	Q91LS8	0
O60911	Q20MH3	0
P06733	Q0A2H0	1
Q9BUW7	P26053	0
Q5HYR2	Q6VE52	0
A0A075B6I7	Q20MH4	0
Q99442	P03493	0
Q05655	Q8JSN8	0
P59544	Q5QF18	0
Q9BZW2	Q0A2H0	0
Q9C099	Q2PJP0	1
Q6NUN7	Q82506	0
P15408	Q6DPA0	0
Q5MJ70	Q1WDM0	0
A6NNH2	P68043	0
Q9P1P5	P03452	0
Q8ND25	P06821	0
Q9BX66	Q0A2H0	0
Q5SQN1	Q8QPK2	0
Q92610	Q8QPK2	0
Q86V24	P0DOF4	0
O94811	P68043	0
P82912	C3W5S7	0
Q96JQ5	H6QM92	0
Q86UD5	A8CDU0	0
P31275	Q38SR2	0
Q14623	Q0A2H0	0
Q9NSN8	Q6VE52	0
Q9UBU9	P03496	1
Q7Z3B4	P03433	1
Q9UK61	P68043	0
A6NGE4	Q9YP60	0
Q9UHE5	B2BU63	0
Q8NI32	Q8JSN6	0
Q9UBD5	Q20MH8	1
Q9UBV2	B4URF0	1
Q14028	Q38SQ2	0
Q5TGY3	Q03909	0
P20719	Q2PJP0	0
P42568	Q38SQ2	0
Q9NXL9	Q5QF18	0
Q14696	H6QM92	0
Q9UKM9	P03496	1
A4IF30	Q20MC8	0
Q5T2W1	B2BUI7	0
Q9UHC7	Q38SR2	0
C9JJ37	Q91LS8	0
P35555	P03437	0
Q96M66	A4ZNP8	0
Q9Y6X2	A4ZNQ3	1
Q9HAH1	Q6DPG0	0
Q2MJR0	Q1K9H2	0
P83881	Q0HD54	1
P0C7X0	Q67296	0
Q9BYR0	Q20MD1	0
Q6PIY7	C9S3S8	0
Q9BQS7	Q3SBS4	0
Q5VT40	P08276	0
P20800	O56264	0
Q96RD7	P30910	0
P26599	O56264	1
P46092	B4URA9	0
P0C629	Q0A442	0
Q12959	P03502	0
P41231	P0DOF4	0
Q9NYP7	P03437	0
Q6PI77	Q2PJP0	1
Q9H008	A4D8X6	0
Q9BXJ9	P0DOF8	0
Q13261	Q0A2H1	0
Q9NQV7	Q9YXL6	0
P98169	Q8JSN6	0
Q8TC94	A4ZNQ2	0
Q9Y3Z3	Q20MH8	1
Q14680	Q8JSN6	0
Q6IQ26	P03508	0
Q8IXW0	Q9Q0U8	0
O43313	Q20MD1	0
Q53EL6	Q20P38	0
O14519	Q0A442	0
Q9GZR7	H6QM92	0
Q8N511	P68043	0
Q9UNK9	P03427	1
O75558	A8CDU0	0
Q96FC9	P0DOF8	0
Q9NP74	Q0A2H1	0
P54098	Q20MD5	0
Q5JV73	D1LN35	0
P14784	Q8QPK2	0
Q7Z5Q1	P30911	0
Q8TC20	Q9WPI5	0
Q8NDI1	Q6DP93	0
Q9NVR7	Q1K9H5	0
Q58FF6	Q1K9E2	0
Q6NXP2	Q6DPG0	0
A6NHZ5	Q6DPG0	0
O43286	P03508	0
B7ZAQ6	A4D8X6	0
Q9BQB4	Q9WPI5	0
O95255	Q20MD1	0
Q9Y2G7	P03433	0
Q9NYR9	P03433	0
Q9Y330	P03431	0
Q8NE35	P69277	0
Q96NX5	Q6DP93	0
Q5U3C3	Q01639	0
Q3MHD2	P04664	0
Q9Y5F6	P06821	0
O15516	Q33CG5	0
Q9HD67	Q3SBS4	0
Q9Y4F9	Q3SBS5	0
Q9NXE8	P04663	0
P07315	A8CDU0	0
Q96A25	Q2VC93	0
Q969E4	Q03909	0
P18065	Q3SBS5	0
Q9BXU7	A8C8W5	0
Q9C0K7	A0A0X9JHC1	0
O00292	Q2RBU1	0
Q7Z6J9	Q1K9H2	0
Q8N9Y4	P30911	0
P41220	Q6DP94	0
Q96K49	Q1K9H5	0
Q9BX93	Q1WDM0	0
Q92781	Q38SR2	0
A6NLI5	Q20MD2	0
O43924	Q3SBS4	0
Q8N0V1	P08276	0
P20813	P03496	0
Q9BUW7	A4D8X6	0
Q5I0X4	Q6DP93	0
P02787	P03452	0
Q9H714	A8CDU0	0
O00712	Q20NX5	0
P56378	Q1K9H2	0
O43172	B4URA9	0
O43781	Q6DPG0	0
P20718	Q3SBS4	0
Q96R69	C3W6D7	0
P54198	Q20MC8	0
O14827	B4URE7	0
A5D8W1	A8C8W5	0
O95139	P03502	0
Q8TBK6	P03437	0
P54756	Q5V8Z9	0
Q30KQ1	A4ZNQ3	0
Q6IBW4	P03433	1
O95294	Q67020	0
O60242	P03468	0
O14908	Q2PJP0	1
Q9P2F6	H9XIJ5	0
Q5VUJ6	P08276	0
Q6ZMV5	P08276	0
Q9NVR7	Q6DPG0	0
Q9Y6I4	Q5L4H4	0
Q92667	H9XIJ5	1
Q7KZ85	P0DOF4	0
P50570	P30911	0
Q6UXV4	Q5V8Z9	0
Q7Z404	Q6DPG0	0
Q9H2K0	Q8JSN8	1
Q9BZJ4	Q20MD2	0
Q92990	P04663	0
Q96AQ7	P03437	0
Q92665	Q20MD5	0
P05107	Q9YP60	0
Q13439	A0A0X9JHC1	0
Q96P70	C3W6D7	0
P01033	B2BUI7	0
Q9UFG5	B4URF0	1
Q96JC1	P03431	0
Q8NFF5	Q8JSN5	0
Q9BY76	Q2PJP1	0
Q15050	Q1K9H2	1
Q8N8D1	B4URF7	0
Q9H2G9	Q5L4H4	0
Q17R89	B4URA9	0
Q9NWH9	P06827	0
Q8N6W0	P0DOF4	0
Q92769	B2BU63	0
Q96GA7	Q0A2H1	0
Q96B77	Q20MC8	0
P04196	Q1K9H6	0
O14654	Q99AU3	1
O75976	P68043	0
A6NGN9	B4URF7	0
Q9ULZ3	Q6DP94	0
Q17R55	P69277	0
A0A0A6YYJ7	Q5L4H4	0
P48047	Q38SQ2	0
Q96S90	Q2PJP0	0
O15195	B2BUI7	0
Q9UBI6	Q82506	0
Q8IUW5	Q2VC93	0
Q15119	Q82506	0
Q8TD16	Q9DLK6	0
Q6UWF9	Q3SBS5	0
Q8NEG4	P26053	0
Q3ZAQ7	P03468	0
Q96HA7	Q0HD54	0
P54709	P06827	0
Q5T8I3	P06821	0
Q9H3Z4	Q20P38	0
P11161	Q99AU3	0
Q9H5L6	Q9YP60	0
Q8N128	Q8JSN8	0
O15084	Q07FI1	0
Q99985	Q9YXL3	0
Q9Y5L3	Q20MD2	0
Q9UQ52	Q20MD2	0
P02511	P03508	1
P78413	Q20P38	0
Q8IVB4	A8C8W5	0
P15812	Q6DP94	0
Q9Y535	A4ZNQ3	0
P0DN82	P0DOF8	0
P30047	P06821	0
Q8TAC9	P03495	0
P78364	Q8JSN8	0
O75694	A0A0X9JHC1	0
Q8N163	O56264	1
P09493	Q3SBS4	0
P0CW01	Q6DNN3	0
A6NHC0	Q8JSN8	0
Q9Y2X8	Q2PJP1	0
A0A1B0GUV7	Q20MD1	0
Q8WZ82	A4ZNQ3	0
Q13113	C3W5S7	0
Q13472	Q91U50	0
P23141	A7UPX0	0
Q14397	B4URF6	0
Q9NPA2	P03431	0
A6NK44	Q20MH3	0
Q9BXW4	Q0HD54	0
Q9BYN8	Q1K9H2	1
D6REE5	P05777	1
O00370	P11133	0
Q9BVR0	P0DOF8	0
Q9NYW1	A4ZNP8	0
Q9NRD8	C3W5S7	0
C9JQL5	B4URA9	0
P06702	Q2RBU1	0
Q8WXH4	Q6DPU2	0
Q9BQ70	B4URF7	1
Q75N03	Q1K9H2	0
Q96NF6	P0DOF8	0
P16870	Q1K9I7	0
Q969T7	Q20P38	0
A6NIU2	Q91LS8	0
Q8NHQ9	Q5V8Z9	0
P35228	Q1K9E3	0
Q6AI14	P03427	0
P49619	P68043	0
O95989	Q2VC93	0
Q6TGC4	Q5QF18	0
P31431	Q38SQ9	0
Q02363	P69277	0
Q8N335	Q6DPU2	0
A2RU67	C3W5S7	0
Q9BZQ2	P0DOF8	0
O60663	B2BUF1	0
Q96KN8	P30910	0
P22413	Q8JSN5	0
Q9Y4Y9	Q99AU3	0
Q96PX9	A4ZNQ3	0
Q6IS24	A4ZNQ3	0
Q5T2Q4	Q07FI1	0
O14986	Q6DP94	0
Q5TYW2	Q8JSN5	1
Q9BX69	B2BUF1	0
O95886	Q2PJP1	0
P14209	Q8JSN6	0
Q9H425	Q91LS8	0
Q9BQY4	P03502	0
Q9H267	Q5V8Z9	0
P47929	P26053	0
A1L429	P06827	0
Q01804	Q20MH8	0
O43603	A8C8W5	0
Q9H6K1	P26053	0
Q7L1W4	Q20MD1	0
Q92979	A8C8W5	0
Q9H2L5	A4ZNQ2	0
Q14952	Q20NX5	0
Q674X7	Q6VE52	1
Q9H156	D1LN35	0
P42575	Q5L4H4	0
Q86TL0	Q1K9I7	0
Q99618	P0DOF8	0
Q9Y2H2	P03431	0
P02671	P11133	0
Q9NR71	Q91LS8	0
P0CB33	Q6VE52	0
B4DYI2	Q38SR2	0
Q8NEQ5	Q0A2H0	0
Q86U42	P11133	0
P51512	P03452	0
Q13601	Q2RBU1	0
Q5JTJ3	Q5L4H4	0
Q9P0S9	P11133	0
Q6UXV3	A8CDU0	0
Q8TD84	A8CDU0	0
Q02750	Q38SQ9	0
Q96HA1	Q0A2H1	1
Q9NQ69	Q91LS8	0
O60664	Q8JSN6	0
P10147	Q2PJP1	0
Q9P1W3	Q6DPG0	0
Q5VWK5	Q20MH8	0
P10323	Q38SQ9	0
P46940	Q38SQ2	0
Q7L2J0	P11133	0
A8MUZ8	Q33CG5	0
P53667	P04664	0
Q7Z3Y9	P06821	0
Q8N143	Q1I2B2	0
Q13232	Q20MD2	0
Q96N46	H6QM92	0
O75381	P03496	0
Q6UX01	Q9WPI5	0
Q5VZK9	Q6DPU2	0
O75947	H9XIJ5	0
O14979	P03496	1
P09871	Q6PNE5	0
Q6QN14	C3W5S7	0
Q8IXK2	P06821	0
Q9H8V8	Q07FI1	0
Q14781	B4URE7	0
Q8IUC0	Q20NX5	0
Q6P4R8	P30911	0
Q14684	Q9DLK6	1
Q8N158	B4URE7	0
O00230	Q8JSN6	0
Q8IV48	Q20MC8	0
Q04743	Q9YXL6	0
Q9Y2Y4	Q9DLK6	0
Q6KCM7	Q1WDM0	0
Q13427	P03508	0
Q99550	Q0HD54	0
Q3MIV0	Q99AU3	0
Q96LC7	Q30NP4	0
Q7L5A8	P26053	0
P09466	H9XIJ5	0
Q86XE5	P03437	0
Q5SZL2	P03468	0
Q14493	P03452	0
Q8N4H0	Q6DPG0	0
O15205	A4ZNQ2	0
Q9C0B0	Q3SBS4	0
Q9UHB4	Q9YP60	0
P28221	Q01639	0
Q9UKB5	Q3SBS5	0
P50897	P69277	0
Q8N1F8	Q9YXL3	0
Q9H379	B4URA9	0
Q96RP9	Q38SR2	0
Q96QU1	A7UPX0	0
P54792	Q9YP60	0
Q9Y698	C3W6D7	0
Q92730	Q1I2B2	0
Q15319	P04664	0
Q9Y2I1	P03496	1
Q8IWN7	Q5L4H4	0
Q1W4C9	P03428	0
O94808	B2BU63	0
P25815	Q03909	0
Q8WXS5	P03437	0
P08218	Q91U50	0
P51965	C3W5S7	0
O95716	P30910	0
Q9GZQ4	P30910	0
Q3SY17	Q20NX5	0
P13378	O92551	0
Q02505	Q30NP4	0
Q9NP73	Q91U50	0
Q58G82	Q67020	0
Q5T5F5	P04664	0
A0A087X159	Q91MA7	0
Q9NQ32	Q9YXL3	0
Q9UJW8	C3W6D7	0
Q6PII5	Q38SQ2	0
Q6ZSJ8	P04664	0
Q9BWH2	Q67296	0
Q16853	Q2F4V2	0
Q99541	Q6DPG0	0
Q86UQ0	Q3SBS5	0
O95677	H6QM92	0
P59095	P04664	0
P62899	Q0HD54	1
O00459	Q82506	1
O75976	Q0A2M3	0
O00562	Q9DLK6	0
P52744	P30910	0
Q9BXF6	Q20MH4	0
P27487	Q20MD2	0
P55317	Q6DNN3	0
Q9P0P0	Q33CG5	0
A6NGD5	P68043	0
Q96AB3	Q6DPU2	0
P00748	Q6DP93	0
A6NKH3	Q2F4V2	0
Q8IZ52	Q1K9E2	0
Q5HYK9	Q8JSN8	0
Q8NBV8	Q6DPG0	0
Q96DT7	P04663	0
Q96SZ5	P69277	0
Q8NAB2	P03437	0
Q5BJH7	A8C8W5	0
P17020	Q3SBS5	0
A0A0D9SF12	Q9Q0U7	0
P08246	Q20MH3	0
P20809	I7CAR2	0
Q9NR82	A4D8X6	0
Q5T4T1	Q2PJP0	0
Q02846	Q9Q0U7	0
Q13395	P11133	0
Q9Y5H9	P11133	0
Q9BUE0	Q6DNN3	0
O60330	Q20MC8	0
Q9NX74	P03437	0
P28332	P03496	0
Q96MC6	B4URE7	0
Q9NYH9	B4URE7	0
P10589	P03493	0
O43390	O56264	1
C9J2P7	Q03909	0
Q2KJY2	P03496	0
P31146	Q2PJP1	0
P09884	B4URF6	0
Q9NVH1	P03493	0
O95758	C3W5S7	0
A4FU69	A4ZNQ2	0
Q04864	P03431	0
Q9Y5J6	Q07FI1	0
Q9NX77	Q6DPA0	0
Q96RV3	P68043	0
Q14916	B4URF0	0
Q8N1N0	Q9YXL6	0
Q8N3G9	Q2VC93	0
Q9UPM9	O92551	0
Q9Y2U5	P03485	0
Q86TL2	Q1K9I7	0
O00338	Q1K9H5	0
O14715	A4ZNQ2	0
Q5T8I9	Q9YXL6	0
Q9UKJ3	P03496	0
Q01201	Q6DNN3	0
A0AVI4	H9XIJ5	0
O75911	Q33CG5	0
Q9UKD2	P03495	0
Q8N8J0	P03508	0
Q92859	Q2PJP0	0
Q9HA82	A4ZNQ3	0
O00716	P03437	0
Q6DKK2	Q9DLK6	0
Q8N8V2	P03431	0
Q96MH7	A4ZNQ3	0
P11169	P06821	0
Q6EEV4	H9XIJ5	1
Q96KX2	P68043	0
Q5H9E4	Q0A2H0	0
O75410	H9XIJ5	1
Q5R372	Q2RBU1	0
Q9NS75	Q2PJP0	0
Q13487	H6QM92	0
A0A1B0GW54	P04664	0
Q53GA4	P03495	0
A0A0A6YYC5	Q91LS8	0
P53004	Q1K9G9	0
O14920	Q6DNN3	0
Q3LHN0	P03433	0
Q9BW71	Q1I2B2	0
Q01968	P03466	0
P62316	P06821	0
O43687	C3W6D7	0
Q00G26	Q8JSN8	0
O43448	B2BU63	0
Q9NUS5	Q5L4H4	0
Q10588	Q20P38	0
P22736	Q5L4H4	0
B3KS81	P0DOF4	0
P58180	Q20MH3	0
Q93073	Q03909	0
Q68CZ2	Q2F4V2	0
Q5VUJ5	Q67296	0
Q86Y79	Q5QF18	0
Q9NZL9	P03431	0
Q8N4T0	P03427	0
Q3MUY2	Q1K9I7	0
Q9Y6M9	Q6DPU2	0
P78352	Q2PJP0	1
Q9P217	Q33CG5	0
Q96EL1	C3W6D7	0
P07437	O56264	1
P10082	Q91U50	0
Q8N831	B2BUF1	0
B2RV13	P11133	0
Q9UGL9	B4URF0	0
P08123	Q1K9E3	0
Q96RL6	P30910	0
Q16538	P11133	0
Q9UIX4	Q6DPA0	0
Q9Y2R5	Q1K9H2	1
Q7Z7H8	A8C8W5	0
Q96NT0	Q6VE52	0
Q9NWU5	Q8QPK2	0
Q8NFZ3	Q1K9H6	0
Q00526	Q33CG5	0
Q9BZL1	P03502	0
Q13530	Q38SQ9	0
P15822	Q0A2H0	1
Q9BSJ1	P03493	0
Q641Q2	Q5L4H4	0
Q16543	B4URF7	1
P43686	B4URF7	1
Q96RT1	Q6DP93	1
Q86TA1	Q6DP93	0
Q96BU1	Q67296	0
Q9H7D0	Q20MD1	0
Q8WW12	Q2PJP0	0
Q8IYU4	Q3SBS5	0
Q13065	Q1K9H5	0
O14980	Q30NP4	0
Q9NWR8	A4D8X6	0
P78417	A5Z256	0
A8MTJ3	Q1K9H5	1
Q6GV28	Q03909	0
Q9P0G3	Q6DPU2	0
Q96BT7	Q6VE52	0
Q9UKU0	D1LN35	0
Q9BV90	Q91MA7	0
Q14055	O92551	0
Q8NF50	Q20MD1	1
Q7RTP6	Q6DNN3	0
P11216	B4URF7	0
Q96CB9	P31343	0
Q86VE3	Q8JSN5	0
Q9UGK8	Q20MD5	0
P28161	Q1K9I7	0
Q8IZF0	Q6DP93	0
Q15034	P04663	0
Q52LR7	Q33CG5	0
Q96GZ6	Q99AU3	0
O15347	Q9YP60	0
Q9BVM2	A4ZNP8	0
Q9Y534	Q20MD5	0
O95971	Q07FI1	0
Q9C0E8	Q1WDM0	0
P0DMV8	P04663	1
Q9UHF4	Q67020	0
A0A087WUL8	Q2RBU1	0
Q96LW9	Q5V8Z9	0
Q9UHF4	Q8JSN5	0
Q9UH62	P30911	0
Q3SYF9	Q0A2H0	0
Q9UHL4	D1LN35	0
Q8NDV7	Q8JSN5	1
O43623	P03433	0
Q8NHE4	Q6DPU2	0
Q8IVS8	Q20MH8	0
P16581	A4D8X6	0
Q9GZN8	P03495	0
P55344	Q0A2H0	0
Q12972	B4URF7	0
Q9Y5G4	Q33CG5	0
Q5QP82	A4ZNQ3	0
P48595	B4URE7	0
P52294	Q1K9H6	1
Q502X0	P03495	0
Q6UXI7	Q82506	0
Q6ZNH5	Q20NX5	0
Q8N7C4	C9S3S8	0
P20807	P03502	0
Q86SU0	Q8JSN8	0
O95670	P06827	0
Q96AX9	Q9YXL3	0
A0A0U1RR37	Q2F4V2	0
Q99784	Q8JSN5	0
O43159	Q8JSN8	0
P0DSE1	Q6DP94	0
P22612	Q9Q0U7	0
C9JJ37	A4ZNQ2	0
Q96FC7	P03502	0
Q6P589	Q67296	0
Q14118	P03431	0
P41002	Q6DNN3	0
A8MUX0	Q5L4H4	0
Q9UL40	Q0HD54	1
Q9Y615	Q3SBS5	0
Q8NAV1	Q1K9E3	0
Q96SQ7	P03431	0
Q9H295	Q01639	0
O43739	Q1I2B2	0
A6NIU2	Q38SR2	0
Q07817	Q6VE52	1
O75367	P03468	0
Q8WXR4	P03452	0
Q9BV29	A4ZNQ3	0
O15212	Q1K9H5	0
P19113	B2BU63	0
Q9Y2L5	O56264	0
Q86TN4	Q1K9G9	0
Q6UWP2	Q1K9E3	0
Q9H714	Q5QF18	0
Q7Z569	B4URF7	0
Q9H1D0	Q91LS8	0
Q96D03	B2BU63	0
P05067	Q8JSN5	1
Q96FG2	P03431	0
P49759	Q03909	0
Q75N90	A7UPX0	0
Q96CD0	Q6DPU2	0
Q96HH4	A4ZNP8	0
P59666	P26053	0
Q5T9L3	Q2PJP0	0
Q8NGY0	Q2VC93	0
O75570	B4URA9	0
P05067	P03452	0
Q02978	Q6DNN3	0
Q5YKI7	A0A0X9JHC1	0
Q86SE5	Q8QPK2	0
Q6PK81	P30911	0
Q96C12	P03468	0
Q15649	A5Z256	0
Q6ZUT1	Q8JSN8	0
Q8N4C7	Q1K9E2	0
P08922	Q20P38	0
Q14160	P03496	1
P10599	Q6DP94	0
Q8TDX7	Q20MH3	0
Q9UKT6	P03427	0
Q14210	P08276	0
Q9H1U9	Q91MA7	0
P0C2S0	Q6DPA0	0
Q9BV81	Q2PJP0	0
Q86SP6	P03496	0
Q5VU36	Q2F4V2	0
Q68CR7	Q0HD54	0
Q8NGV5	P04663	0
P07510	P06827	0
Q9ULT6	B4URE7	0
Q9HCP0	P03502	0
Q9UBK2	Q82506	0
Q14DG7	A4ZNQ2	0
Q70CQ2	Q2VC93	0
Q15428	I7CAR2	0
Q9NP08	Q5V8Z9	0
Q02985	I7CAR2	0
P24666	C3W6D7	0
Q9H9A6	Q0A2H1	0
Q9BYG5	Q6DPA0	0
Q96MC4	Q20MH8	0
Q8TDI7	Q0HD54	0
Q9NQW5	Q6PNE5	0
Q13310	O56264	1
P51572	P03428	0
Q9BZZ2	P03452	0
Q8IVL6	A8CDU0	0
P62854	Q0HD54	1
O60506	Q99AU3	1
Q15276	Q01639	0
Q8NA92	Q1K9G9	0
Q9GZP9	P03493	0
O00629	B4URF7	1
Q16816	B2BU63	0
Q8WUP2	P30911	0
Q9H205	Q6PNE5	0
P51864	P03437	0
Q8N122	C3W6D7	0
Q8N9Q2	Q38SQ2	0
Q8TCG1	Q20MD2	0
Q96PS6	P03428	0
P11678	Q8JSN6	0
P20810	Q01639	0
Q8IYA8	Q30NP4	0
Q13907	O56264	0
Q8N1N4	P03428	0
A0A075B6J6	Q1K9E3	0
Q12965	P03508	0
Q13033	Q9YXL3	0
P00505	B4URF7	0
P63145	C3W5S7	0
Q6UWN5	A8CDU0	0
Q8WUA8	Q9Q0U8	0
A6NM43	O92551	0
O43296	Q1K9E2	0
Q9BTN0	P26053	0
Q7Z4H7	Q8JSN5	0
P49335	P69277	0
Q96EB1	Q1K9H5	1
P62306	P03496	1
Q6UY01	Q20MH3	0
O75604	Q6VE52	0
Q2NKQ1	Q20MH3	0
O75348	Q0A2H0	1
O75746	A8C8W5	0
Q9H3N1	Q1K9H2	0
Q6ZN57	C3W6D7	0
Q96SE0	Q1K9E3	0
Q15046	P31343	0
P21953	H6QM92	0
P10997	Q20MH3	0
Q6P9F5	Q8JSN8	0
Q9UQK1	Q01639	0
Q6PG37	P06821	0
Q9GZS0	P03427	0
Q15612	Q9YXL6	0
O60684	Q38SQ9	1
P19801	Q1K9H5	0
Q8N684	P03508	0
Q8WXX7	A5Z256	0
P49326	Q6DPU2	0
Q8N5U0	P03502	0
C9JJH3	Q20NX5	0
A0A075B6S2	Q38SQ2	0
Q9Y6Y8	Q38SQ9	0
Q8NA42	Q20MH3	0
Q8N9W6	A8C8W5	0
P61599	P11133	0
P21554	Q8JSN5	0
Q96RE9	Q1WDM0	0
P61925	Q03909	0
Q8IZF3	A7UPX0	0
Q8NAT1	P03427	0
Q96FT9	P03495	0
Q92637	A4ZNP8	0
Q13976	Q5L4H4	0
Q14974	Q01639	0
Q9P1Z2	P03508	1
P51168	Q5L4H4	0
Q03060	P30910	0
Q8WWQ2	Q2VC93	0
Q96JE9	A5Z256	0
P19086	P11133	0
P51170	B4URF0	0
O15498	Q2PJP1	0
Q03924	Q6DP93	0
Q9H0W5	B4URE7	1
Q9NSD5	Q6DP93	0
Q6UWI4	Q8JSN8	0
Q2WGJ8	A5Z256	0
A6NNZ2	Q33CG5	0
Q8IWQ3	Q20MD2	0
Q8IVL5	B4URF6	0
P31270	B4URF6	0
Q6ZV70	Q6DNN3	0
Q8IZU1	A8CDU0	0
Q01113	Q33CG5	0
P30559	I7CAR2	0
Q8N7C7	A0A0X9JHC1	0
Q8NHG7	I7CAR2	0
Q06278	A4ZNQ3	0
P83436	Q1K9E3	0
P50443	Q0A2M3	0
Q96MS3	Q38SQ2	0
Q9BZE0	Q20P38	0
Q76B58	B4URA9	0
Q96RJ0	Q1K9H6	0
Q6S8J3	Q03909	0
P04798	Q01639	0
Q5JUK3	Q20MH3	0
A0A0A6YYJ7	Q8QPK2	0
Q6YP21	P03468	0
P04201	P11133	0
Q8TBZ0	P04663	0
Q5T230	Q20MH4	0
P13232	Q38SR2	0
Q96EX3	P03468	0
Q02556	Q1K9H5	0
Q9BVV6	Q1K9H5	0
Q76KX8	Q8JSN6	0
P19022	Q6PNE5	0
P13385	Q3SBS4	0
Q8TDX9	A4ZNQ3	0
Q5VT06	Q6DPG0	0
Q96JG8	P03468	0
O43678	P0DOF4	0
P21964	Q33CG5	0
Q8TDC0	Q1K9E3	0
Q8TDI7	B2BUF1	0
Q96FF9	P03427	0
Q969V3	Q38SQ2	0
Q9NPB0	Q9YP60	0
Q8NC69	Q0A2H1	1
Q9BUN5	Q2VC93	0
Q96BJ8	B4URF7	0
Q6XPR3	Q20NX5	0
Q8N8D1	Q9YXL3	0
P61296	P03468	0
Q8NC56	P11133	0
Q16777	P03493	0
Q6ZSJ8	C9S3S8	0
Q9BZA0	O92551	0
P21589	Q1K9E3	0
Q9H300	Q8JSN5	1
Q53F19	Q1K9H2	1
Q15631	Q8JSN5	1
Q96KJ4	P06827	0
Q401N2	P03427	0
P53004	D1LN35	0
Q7Z3B0	B2BUF1	0
Q86VY4	Q03909	0
P22090	B2BU63	0
Q15392	A7UPX0	0
Q13423	P0DOF8	0
P61978	P03496	1
Q96C11	Q91LS8	0
Q9H0M0	P06821	0
P36544	Q0A442	0
Q02962	Q1K9H2	0
P29460	B2BU63	0
Q9Y6M4	P03466	0
Q8NGT1	Q5QF18	0
Q68DQ2	P03427	0
Q5SZK8	A0A0X9JHC1	0
Q96NJ6	O92551	0
Q9UHV9	Q20MH4	0
Q9NY26	H6QM92	0
Q8TDG4	B2BUF1	0
O95361	Q2VC93	0
Q9H5U6	B4URF6	0
P13056	Q20P38	0
P16615	Q20MH8	1
Q8N118	Q0A442	0
P55263	Q2F4V2	0
Q7Z4V5	Q0A2H1	0
O43819	Q01639	0
Q9NRN7	Q20MH3	0
Q8N3J5	Q20MH4	0
Q14011	Q1K9H5	0
Q9Y5A9	Q1K9H5	0
Q5I0G3	A4D8X6	0
P52429	C9S3S8	0
Q9YNA8	B2BU63	0
Q13112	Q38SQ2	0
Q7Z3Z4	Q20NX5	0
Q96JB2	Q38SQ2	0
P56856	A4ZNQ2	0
Q92993	Q3SBS4	0
Q6Q4G3	P04664	0
Q96S16	H6QM92	0
Q8NFM7	Q6DPU2	0
Q92750	P03468	0
Q96JW4	Q9YXL6	0
A5PLL7	B4URF6	0
Q9H7N4	D1LN35	0
Q16831	B4URF0	0
P43364	Q20MC6	1
Q9HAU5	Q20MD1	0
Q6UWE0	Q1I2B2	0
Q8TAK6	Q20MD1	0
Q8WU10	Q33CG5	0
Q5TA77	Q3SBS4	0
Q5U5Q3	P03433	0
Q5BVD1	B2BUI7	0
Q7Z4N2	P04664	0
Q8N8E1	Q91MA7	0
P02008	P03433	0
Q9NSE4	P06827	0
Q6EBC2	Q20MD5	0
O43399	P11133	0
Q13362	Q5L4H4	0
P23508	P03485	0
P49411	P03427	1
Q8NF37	Q8JSN5	1
P47884	Q20MH8	0
P38606	Q20MH8	1
O14610	P03466	0
A0A0B4J277	Q1K9I7	0
P79522	P03428	0
Q9NQY0	Q0A2H1	0
Q9BSI4	Q1K9H5	0
Q6TDP4	O56264	0
A8MU76	A0A0X9JHC1	0
P98177	Q67020	0
P31639	Q1K9E3	0
Q9NP78	B2BUF1	0
P21462	P03468	0
A6NGZ8	Q2RBU1	0
Q96MG8	P30910	0
A7MD48	P03508	0
Q12983	P03466	1
Q52MB2	Q67296	0
O14530	A4ZNQ2	1
Q96FE7	I7CAR2	0
Q9BSU1	P03466	0
Q9UJ72	A8CDU0	0
Q8WUD1	A4ZNQ3	0
Q96SI9	O92551	1
P45984	P03495	1
P15085	A4ZNP8	0
Q8N3Z6	A0A0X9JHC1	0
Q86UW1	P03437	0
O15353	B4URF7	0
Q9UHL4	P03508	0
P51815	Q6DPA0	0
Q13065	Q20P38	0
P43243	Q99AU3	1
Q96R48	Q6DPA0	0
Q96EL2	Q20MH3	0
P07686	Q6DNN3	0
Q9UBW7	A4ZNQ2	1
Q8N3R9	B2BUI7	0
O95793	P03496	1
Q96LP6	Q20NX5	0
P49736	P03466	1
Q99714	Q0HD54	1
H3BR10	Q01639	0
O43680	P03468	0
P05060	Q2PJP1	0
P22532	Q1K9H2	0
Q86UP3	P30911	0
P26358	Q20MH4	0
Q14012	Q6VE52	0
Q8N228	Q2RBU1	0
O75106	P03427	0
Q14728	H9XIJ5	1
Q1HG43	P03508	0
P0DP57	Q33CG5	0
A0A075B6T8	Q20MH8	0
D6REE5	P03485	1
Q96QD9	Q8JSN8	0
P16581	Q9Q0U8	0
Q9NS73	Q20MH4	1
Q9P2K6	Q2VC93	0
Q9UHW5	A4D8X6	0
Q8NCW5	Q5L4H4	0
Q8TDQ1	P69277	0
Q96GS4	B2BU63	0
A8K8V0	Q5V8Z9	0
Q9Y2K7	Q8QPK2	0
Q8TBB6	P04664	0
P16519	Q6DNN3	0
Q7L4I2	P0DOF8	0
Q14669	Q5L4H4	0
O95477	Q1I2B2	0
Q9UK10	Q8QPK2	0
Q96A35	Q1K9H2	1
Q8IZP6	Q1K9E3	0
O43615	Q6DNN3	0
Q96A84	Q67020	0
Q8WY98	C9S3S8	0
O75496	P03428	0
Q6UVY6	P03496	0
Q3C1V9	Q0A442	0
A0A087WSY4	A8C8W5	0
Q03169	Q20MC8	0
Q08AM6	A4ZNQ2	1
P43364	P03508	1
Q9HBE1	Q9YP60	0
O15226	Q2PJP0	1
Q8TDG4	P69277	0
P69905	Q20P38	0
Q8TAD8	P06821	0
P09651	Q99AU3	1
Q8NEB5	Q33CG5	0
Q8IX95	A0A0X9JHC1	0
A6QL64	Q6DPA0	0
Q5RKV6	Q9WPI5	0
Q3KQV3	Q91MA7	0
A6NHR8	A4D8X6	0
Q9HBU1	Q6PNE5	0
Q9NRG9	Q91U50	0
Q9NW08	P03433	0
Q9NQR7	A8CDU0	0
O95389	I7CAR2	0
Q7RTS9	Q20MH8	1
O43865	A8C8W5	0
Q9Y2R5	Q91MA7	0
Q9Y2K1	Q1K9H5	1
P49768	P03437	0
Q8N4A0	Q82506	0
Q8IZE3	Q2VC93	0
Q16760	Q0A2M3	0
P11678	Q03909	0
Q8NAX2	Q1K9H5	0
P02786	Q67296	0
Q13253	Q67020	0
Q86V35	Q38SQ9	0
Q96F63	P03485	0
Q5JXC2	Q67296	0
Q5H9J9	Q2F4V2	0
Q96KF7	Q1K9I7	0
Q8NBA8	Q1I2B2	0
Q13287	B4URF7	1
P55081	Q9WPI5	0
P11498	Q82506	0
P21912	Q2PJP0	1
P0DMW4	Q6PNE5	0
O95551	Q1I2B2	0
Q8IU57	Q0A2H0	0
Q93079	P03495	1
Q9H190	Q1K9H6	0
P60174	Q3SBS5	0
Q9NX40	Q1K9H2	0
Q9P2D7	Q9WPI5	0
Q86YD3	Q20MD5	0
O95897	P03468	0
Q9BTM1	Q9WPI5	1
A6NGE7	B4URA9	0
P29083	P30911	0
Q96L33	Q9Q0U8	0
Q8N1W1	Q3SBS5	0
Q8TDD5	Q5QF18	0
A6NDL8	B4URF6	0
P52742	P03493	0
Q8TEV9	P03496	0
A2VDF0	P30910	0
Q06710	Q6VE52	0
P07902	P08276	0
Q9Y446	Q5L4H4	0
Q96JJ3	Q1WDM0	0
Q5VT40	Q6DPA0	0
Q96R47	P03466	0
Q9NQC8	D1LN35	0
P48742	Q1K9G9	0
O75643	Q03909	0
Q9NWQ9	Q20MD1	0
Q6X4T0	Q6DP94	0
Q9NYJ8	Q8JSN5	1
P60827	Q8JSN5	0
Q2M1V0	P06827	0
A5PL33	P08276	0
Q9NQW7	Q0A442	0
Q9BZI1	C3W6D7	0
P46663	P03427	0
P12004	Q67020	1
A6NGB7	Q2VC93	0
Q5H9R7	Q1K9H5	1
A6NCV1	P03502	0
P24928	P03466	1
Q9BRY0	Q3SBS4	0
Q9BV44	Q38SR2	0
P01834	Q91MA7	1
Q99608	A0A0X9JHC1	0
P50281	Q3SBS5	0
Q9UPZ3	P06827	0
P63136	P68043	0
Q8IXU6	Q9YXL6	0
Q96J87	O92551	0
P55884	Q67296	0
Q9HCQ7	Q1K9H2	0
Q6VVB1	Q1K9H6	0
Q8N2F6	Q33CG5	0
Q9ULR3	Q5L4H4	0
Q9UI36	Q67296	0
Q9P281	A4ZNQ2	0
Q01543	A4ZNQ2	0
Q8N1I0	P06827	0
Q96LI5	Q6DPU2	0
Q96NJ5	H9XIJ5	0
O75410	P03452	0
P0C7V4	C3W6D7	0
Q9Y5M6	P31343	0
A6NI03	B4URF7	0
Q6P087	Q1K9H5	0
P61024	Q1I2B2	0
Q99624	P03427	0
Q9P127	A8C8W5	0
Q14520	Q67296	0
Q13155	Q2PJP1	1
Q6VUC0	Q67296	0
Q96HS1	Q20MH8	1
P63132	Q20MH8	0
P51809	Q9Q0U7	0
Q8NGE5	I7CAR2	0
Q8WYQ9	Q1I2B2	0
Q6UWL6	B4URF6	0
Q5TZ20	Q1K9E3	0
P12429	P03427	0
O14862	A8CDU0	0
P42025	Q9WPI5	0
Q86VR7	Q99AU3	0
A6NIN4	Q0HD54	0
P61626	A8CDU0	0
P42262	Q9Q0U7	0
Q8IZT8	Q20MD5	0
Q9UBR5	Q20NX5	0
Q5VY43	Q8QPK2	0
Q5QFB9	Q5QF18	0
O60264	P30911	0
Q9H4B4	Q20MH8	0
Q8NG84	Q20NX5	0
O00712	C3W5S7	0
Q14203	H9XIJ5	1
O43463	B4URE7	0
P16298	A4ZNQ2	0
Q9BX63	P03433	0
Q92952	P68043	0
Q8NGH5	Q8JSN5	0
O75185	P0DOF8	0
Q5UCC4	Q1K9G9	0
Q9Y210	Q38SR2	0
O95925	A0A0X9JHC1	0
Q9UJJ7	Q9Q0U7	0
A0A0C4DH68	P03496	0
P07327	P0DOF4	0
Q6VAB6	P04663	0
Q9BQS7	P30911	0
P16989	Q0HD54	1
Q92796	P03428	0
Q9UJM3	Q38SR2	0
Q6PCB8	Q5QF18	0
Q9BZ68	P03496	0
O95843	Q6DP93	0
Q8IU89	A4ZNQ3	0
P04040	Q6PNE5	0
Q86W10	P11133	0
Q9H4D0	Q6VE52	0
P51159	Q8QPK2	0
P0CE67	Q38SR2	0
Q96SK2	Q2PJP0	0
P07288	O56264	0
Q86X27	P30910	0
Q9H6I2	Q3SBS4	0
P50876	P03466	0
O15182	O56264	0
Q8NEG7	P08276	0
P53673	P04664	0
P09228	A4D8X6	0
P17752	P03427	0
Q9BSW7	Q99AU3	0
Q8NE31	Q82506	0
Q99814	Q8JSN5	0
Q86WA9	Q8JSN5	0
P10696	Q6DPG0	0
Q6ZRP5	Q6VE52	0
O95793	O92551	1
P02795	H9XIJ5	1
P43630	Q1K9H6	0
P52298	A4ZNQ2	0
Q13449	H9XIJ5	0
P35475	P30911	0
Q08AF3	Q9YP60	0
P58417	P03502	0
Q9BSY9	Q9YXL6	0
Q8IUX8	Q33CG5	0
P56211	P03508	0
Q16819	P03431	0
Q6P9G9	O56264	0
P48048	Q6DP93	0
Q9Y5E1	A4D8X6	0
Q6ZT52	C9S3S8	0
Q2L4Q9	I7CAR2	0
P54920	Q33CG5	0
Q9H7N4	Q9YXL3	0
Q13433	C3W5S7	0
P24347	Q1K9H6	0
O14907	A4ZNQ3	1
Q8TDD1	B4URF7	1
O95471	C3W6D7	0
Q6NUQ4	Q1K9H5	0
Q3LI62	P30910	0
O43808	Q0A2M3	0
Q9BSH3	Q9Q0U8	0
O00469	Q1K9E3	0
O43175	C3W5S7	0
O43739	P0DOF8	0
Q9ULU8	Q91MA7	0
Q9BQY4	P03485	0
Q07108	C3W5S7	0
Q8N4W9	Q1K9H2	0
P52848	P03493	0
Q9UPW5	Q9WPI5	0
P05091	Q20MD2	0
P19429	P03496	1
Q13503	P03466	0
Q8TD26	Q1I2B2	1
Q8N3F0	C3W5S7	0
Q9NWS0	Q91U50	0
Q8IWL1	P03437	0
Q9NQC8	B2BU63	0
Q7Z449	P03466	0
O75525	P03495	1
P55287	Q20NX5	0
A6NIJ5	Q1K9E3	0
Q6ZV80	Q3SBS4	0
Q107X0	D1LN35	0
Q641Q2	Q20MD1	0
Q6UY13	A8C8W5	0
O95685	P03496	0
Q96KR7	D1LN35	0
P19224	Q5V8Z9	0
Q14938	P03468	0
Q86UD0	P08276	0
Q8TAE8	Q1K9H2	1
P60673	C9S3S8	0
Q9UNK4	Q20MH3	0
Q8NHB7	Q9Q0U8	0
Q14397	Q1WDM0	0
P39060	P06827	0
Q7Z698	Q5V8Z9	0
Q8NGZ5	P04664	0
A8MU10	B2BU63	0
P60508	Q6DPU2	0
Q13216	P04664	0
A0A1B0GVS7	P03485	0
P55290	P03502	0
Q9BZM4	Q20NX5	0
Q99435	P0DOF8	0
Q5BKT4	A4D8X6	0
O75783	P26053	0
Q8TDB6	Q1K9E3	0
P53367	P06827	0
P13804	Q1K9E2	0
Q9H1U4	Q2RBU1	0
Q6ZS81	P03437	0
O00570	Q91MA7	0
Q9UKP5	Q9WPI5	0
Q9NQZ8	Q3SBS5	0
P14902	A0A0X9JHC1	0
Q63HQ2	Q20MC8	0
Q3B820	Q9Q0U7	0
O43815	Q20MH8	0
Q99466	C3W5S7	0
Q15651	O56264	0
A6NKW6	Q1K9E3	0
O14503	P03508	1
Q9BQ67	Q03909	0
P12104	Q38SQ9	0
Q8IXT2	Q91MA7	0
Q05084	B4URF6	0
A4FU69	B4URF0	0
Q7Z7B1	Q0HD54	0
Q12893	Q20MH8	0
Q9UGM3	P0DOF4	0
P81277	A4ZNP8	0
Q9Y5H8	Q6DPG0	0
Q2UY09	P0DOF4	0
Q96CN5	A8C8W5	0
Q8NDB2	Q3SBS5	0
Q3B820	P03508	0
Q9UHN1	Q1K9H6	0
Q14738	P03433	0
Q6EMK4	P04664	0
Q06187	Q9Q0U7	0
Q7Z422	Q99AU3	0
P63098	Q5QF18	0
Q8NGG4	Q07FI1	0
Q53GA4	Q9YP60	0
Q9BXU9	Q6VE52	0
Q9Y6Z4	P03508	0
Q6PIU2	Q3SBS4	0
Q96R30	Q6VE52	0
Q07283	Q20MD2	0
Q12824	Q8QPK2	0
Q9Y573	Q1K9E2	0
Q6GMX4	A7UPX0	1
Q9Y2Z0	O92551	0
Q8NGT5	Q2VC93	0
Q96LZ2	Q9YXL3	0
Q8TE59	Q33CG5	0
O14842	Q5V8Z9	0
A9YTQ3	P03427	0
E5KNY5	P05780	1
Q96KT0	P04664	0
Q8N4A0	Q38SR2	0
Q14807	C9S3S8	0
Q96N76	P30910	0
Q9UKX7	Q8JSN8	1
A6NDE8	Q20MD2	0
Q8IUX7	Q91MA7	0
Q86YV6	Q91MA7	0
Q9BUU2	P31343	0
P02008	Q67020	0
Q01650	Q1K9H5	0
O60658	Q6DPA0	0
Q08211	P03496	1
P04183	P0DOF4	0
Q9Y586	B4URA9	0
P13674	C3W6D7	0
O75865	Q9YXL6	0
Q9UKM9	Q1K9H2	1
Q05952	P03431	0
Q96R69	P68043	0
Q30154	P30911	0
O94819	A4ZNQ2	0
Q6IAA8	Q1K9H6	0
Q9UIG0	P06821	0
Q9BZQ8	P06827	0
Q13216	Q1K9E2	0
Q9P2R3	Q67296	0
O75582	Q07FI1	0
P19013	P03428	0
Q9UBG0	B4URA9	0
P22004	A8CDU0	0
A4D0V7	P04663	0
O15537	P03468	0
Q5XKP0	P03466	0
P53004	Q1K9I7	0
P02790	B4URA9	0
Q9H0K6	P03485	0
Q6ZV70	Q91LS8	0
Q96ER3	Q6DPU2	0
Q16518	P31343	0
Q8N163	Q9WPI5	1
P63128	A4D8X6	0
O75665	B4URF7	0
A6NDE8	P03466	0
Q8N3U1	P03428	0
A0A140G945	Q03909	0
Q8TEA1	B2BU63	0
Q9H4G0	D1LN35	0
Q9UJJ9	B2BUI7	0
Q12899	B4URF6	0
O43399	P04663	0
O94760	Q38SQ9	0
Q96IW7	Q03909	0
Q13231	Q2VC93	0
Q5JUK3	Q91LS8	0
P61266	Q8JSN5	0
Q86UR1	Q67296	0
Q14031	P68043	0
Q9Y314	Q20P38	0
P08123	D1LN35	0
Q96LZ3	Q20MC8	0
P39687	P03427	1
P23297	C9S3S8	0
Q0VD86	P26053	0
A0PK11	Q6PNE5	0
Q6ZS02	C3W6D7	0
A8MVA2	A7UPX0	0
O95992	P03495	0
Q8N9N5	P03496	1
O75170	B2BUI7	0
Q5TYX0	Q9Q0U8	0
P13667	B4URF0	1
Q8N9A8	Q0HD54	0
O75715	B4URA9	0
O60936	P03433	0
Q9ULV8	Q38SQ9	0
P60880	Q20NX5	0
Q9NP55	Q5L4H4	0
A0A075B6I7	Q0A442	0
Q96CW6	H6QM92	0
Q7Z4H3	Q3SBS4	0
P43359	P26053	0
P18031	Q1K9H5	1
Q9NUJ1	Q20MH8	0
Q6UWK7	Q67296	0
P0DKX4	C3W5S7	0
Q86TB9	C9S3S8	0
P42330	Q20MD2	0
P23468	Q1K9E3	0
Q96PH6	P0DOF8	0
Q92681	C3W6D7	0
Q460N3	P68043	0
Q9NUE0	Q9Q0U7	0
Q08211	Q6PNE5	1
O75264	Q2PJP1	0
A6NNC1	Q20MD5	0
Q9UBP8	P68043	0
Q15070	P03466	0
Q96JM4	P30911	0
Q9H0W7	Q1K9G9	0
Q0VF96	P03495	0
Q7Z5U6	Q1I2B2	0
Q00987	A8C8W5	0
Q9BSE5	Q8JSN8	0
Q9BPV8	P31343	0
Q86VF2	Q67020	0
Q8WZ94	Q1WDM0	0
S6C4S0	Q91MA7	1
O94906	B2BUF1	1
Q6UXN9	P03493	0
P49321	Q9YP60	0
Q7L2K0	Q91MA7	0
Q9NVM4	P0DOF8	0
Q96AX9	Q6DPA0	0
Q5TZJ5	Q2RBU1	0
O14979	O56264	1
Q16586	Q9Q0U7	0
Q9P2T1	Q1K9E3	0
P52737	P03496	0
P53350	Q91MA7	0
C9JVI0	P26053	0
P17027	Q07FI1	0
P57768	Q0A442	0
Q9NQX1	P06821	0
Q8N1N2	A4ZNQ2	0
Q86VQ1	Q8JSN8	0
Q8WZ19	Q8JSN5	0
Q9Y5X1	Q5L4H4	0
P0DMU2	Q5L4H4	0
Q86W56	Q6VE52	0
Q9Y5G2	A8CDU0	0
Q2M1K9	Q38SQ9	0
O14559	Q6DP93	0
O60678	Q07FI1	0
Q9H0B6	B2BUI7	0
P0DKL9	P08276	0
Q96MD2	Q6DP93	0
Q9BZQ6	Q67020	0
P31153	Q91U50	0
Q9Y6Q1	H9XIJ5	0
Q5JPH6	Q3SBS4	0
Q9H4B8	P68043	0
Q96NW4	B2BU63	0
Q9Y244	Q20MD5	0
Q96A59	D1LN35	0
Q13868	Q20MH4	0
A6NFD8	Q1K9H6	0
Q92622	P03495	0
P40429	A4ZNQ3	1
P0CG35	A5Z256	0
Q16537	P03495	0
P32926	P04664	0
Q96F85	Q20MD1	0
Q8N4B1	Q9YXL6	0
P17936	P26053	0
A6NNW6	Q6DNN3	0
Q09019	Q1I2B2	0
Q9H9V9	P03431	0
Q9Y5X3	Q6DP93	0
Q8NBM4	Q20MH8	1
Q8IUB3	P03452	0
Q9Y694	P04664	0
Q9NPB3	B4URA9	0
O15270	Q99AU3	0
Q99990	P0DOF4	0
P35626	Q9DLK6	0
P36575	Q91U50	0
O75694	Q20MC8	0
Q9H324	Q5QF18	0
Q6UXF7	Q67020	0
Q8TBB5	B4URE7	0
Q8N7F7	P03493	0
Q9GZT9	Q0HD54	0
A8MUA0	Q6DPU2	0
Q9UHF3	C9S3S8	0
P43405	Q91MA7	0
P01848	Q1K9H2	0
A0A0A6YYG3	P30911	0
A6NH57	P04663	0
P05412	A5Z256	0
Q9Y5E3	Q6DP93	0
Q6PGQ7	Q0A2H1	0
Q8IYU2	Q2PJP1	0
Q99618	Q0A2H0	0
Q12884	B2BU63	0
Q0VAK6	Q9Q0U8	0
P60606	B4URF6	0
Q9C0F0	Q1I2B2	0
Q96JF0	P03502	0
Q13405	Q0A2M3	0
Q8IV03	Q0A2H0	0
Q96HS1	P03493	0
Q8N831	P03433	0
A0A1B0GTU1	P30910	0
Q9H898	P03496	1
O75626	Q0A2H0	0
Q8IWV2	I7CAR2	0
Q99871	Q91LS8	0
Q15633	O92551	1
Q494X3	Q9Q0U8	0
P43250	P03427	0
P78347	Q8JSN5	1
Q96A98	Q20NX5	0
Q8N2G8	Q5V8Z9	0
A0A0B4J235	A5Z256	0
Q8WLS4	P03485	1
Q96FM1	C9S3S8	0
Q8NCE0	B4URF0	0
Q8NG85	Q20P38	0
Q9HD42	P03437	0
O43704	Q20P38	0
P0CG48	Q0A442	0
Q96G04	H9XIJ5	0
Q15303	A7UPX0	0
Q6YI46	P69277	0
Q15800	Q20P38	0
Q9UBI6	A8C8W5	0
Q9Y2X0	Q20MH4	0
Q9H4I2	Q3SBS4	0
P33681	P0DOF8	0
Q8NFZ4	Q07FI1	0
C9JCN9	Q67020	0
Q49MG5	Q1WDM0	0
Q86Y38	Q20MD1	0
Q4LEZ3	Q1K9E2	0
P15954	Q9YP60	0
Q8N9L1	P03437	0
O95985	P0DOF4	0
Q01668	Q2F4V2	0
Q8NH63	P03502	0
Q9Y4U1	A7UPX0	0
P34059	Q8JSN6	0
Q9UBH0	Q9YP60	0
Q03167	Q1I2B2	0
Q8WXF3	Q5L4H4	0
A6NGN9	Q1K9I7	0
Q8TEQ0	Q20MD5	0
Q9UHP6	B4URF7	0
P83436	I7CAR2	0
P24557	A4ZNP8	0
Q9NTN9	Q20MH8	0
Q96JM7	Q0A2M3	0
Q15431	Q0A2H0	0
Q9HC62	Q38SR2	0
Q9Y3L3	P68043	0
Q96P65	Q8QPK2	0
Q14324	Q2PJP1	0
Q8NEV9	Q2VC93	0
P21399	Q1WDM0	0
Q537H7	P03437	0
Q8NGJ1	B2BUF1	0
O75509	Q6DNN3	0
Q96C34	Q6DP93	0
Q13322	D1LN35	0
Q3B726	P30910	0
Q86VQ3	Q9YXL3	0
Q13011	Q6DP94	0
Q6ZMW3	Q5QF18	0
Q9BSJ6	Q1K9H2	0
P81605	Q1K9G9	1
Q6FI81	B4URF6	0
O75127	Q5QF18	0
P09326	Q38SQ2	0
Q96LI9	Q0A2H1	0
Q9NWZ5	Q1K9G9	0
Q9Y2G9	P03508	0
Q96AZ1	A8C8W5	0
Q9Y2F5	Q5L4H4	0
Q8IZ52	P30911	0
Q8IZU2	Q1K9E3	0
P18846	Q38SQ9	0
Q6PII5	Q9YXL6	0
Q9NZ56	Q38SQ9	0
P62847	O56264	1
Q6Q795	Q20MH4	0
P22304	Q1K9H2	0
P23634	P03466	0
Q13698	C9S3S8	0
Q9Y5K5	Q91LS8	0
Q7Z5N4	Q9DLK6	0
Q96T76	Q20MH8	1
Q8IYI6	Q91U50	0
Q99501	Q20MD5	0
O00555	O92551	0
Q3YEC7	Q3SBS4	0
Q6P1A2	A8CDU0	0
Q9NZI7	Q8QPK2	0
P50458	Q07FI1	0
P19961	Q91MA7	0
Q13620	Q20MH8	1
P54709	Q1K9H5	1
P37198	P0DOF4	0
O14717	Q1K9H5	0
Q9UBE8	A8CDU0	0
Q9UBT6	Q2PJP0	0
P41440	Q1K9E3	0
P13378	B2BUI7	0
P06241	A8CDU0	0
Q9NTI2	Q9Q0U7	0
D6REE5	Q0A2M3	1
Q8TAT8	Q3SBS4	0
Q9HAU5	Q0A2M3	0
Q8NGX0	P03427	0
Q9UBS9	Q0HD54	0
Q86XP3	P04664	0
Q15699	Q67020	0
Q9BUE6	Q20MC8	0
Q9BW91	Q1K9E2	0
P15085	A5Z256	0
Q96LC9	Q99AU3	0
Q9NUL3	Q20MH3	1
Q96BH3	Q8JSN5	0
Q5JST6	Q1K9H6	0
P42677	A4D8X6	0
Q13480	P68043	0
Q9UN19	Q5QF18	0
Q92914	P04663	0
A6NIE6	P0DOF8	0
Q8IXQ3	Q38SQ2	0
P61254	Q0HD54	1
Q7Z2W4	P03437	0
O94855	Q91LS8	0
O60749	H9XIJ5	0
Q9NRV9	P31343	0
O75715	Q8JSN6	0
P59646	Q67020	0
P04626	Q6DPA0	0
P08236	Q6DP93	0
Q5SV97	Q6DP94	0
Q8WUE5	P03431	0
Q9NZH4	Q20MH8	0
Q9NUL7	Q1K9E2	0
O75530	P03452	0
Q6L9W6	Q1K9I7	0
Q9NVQ4	P0DOF4	0
Q96PE3	Q1WDM0	0
O75781	Q3SBS5	0
P40126	Q8JSN5	0
O60548	Q0A442	0
Q9P1W3	P03496	0
Q96M83	O56264	0
Q7Z410	Q1K9E3	0
Q00LT1	P03502	0
P08567	Q9Q0U7	0
Q9H501	Q99AU3	0
A8MTB9	Q20MD1	0
A6NH13	P30911	0
Q6IS24	P68043	0
O75069	P03495	0
Q96K75	Q20MH3	0
P10826	Q8JSN8	0
A9QM74	A8CDU0	0
Q8NGS4	Q6DPU2	0
Q8ND90	P03508	1
P98194	Q2PJP1	0
Q86YE8	Q20NX5	0
Q0VAQ4	Q6DP94	0
Q76MJ5	P26053	0
Q7KZN9	D1LN35	0
Q16890	Q1K9E3	0
G3V0H7	Q33CG5	0
Q8N3Z0	Q2F4V2	0
Q8NGL0	A0A0X9JHC1	0
Q5T6R2	P26053	0
A0A1B0GTR4	B2BU63	0
O94929	P03502	0
Q6ZRY4	Q9Q0U7	0
Q9HAI6	P06827	0
Q6NYC1	B4URA9	0
Q9BUB7	B4URF6	0
P0DML2	Q91U50	0
Q96E14	A8CDU0	0
Q9UBD6	Q20MD5	0
Q92935	Q8JSN6	0
Q969Q0	Q0HD54	1
O95918	Q0A2M3	0
P40926	P03496	1
P09429	Q91U50	0
Q96FJ2	Q20MD2	0
O60488	B4URE7	1
Q02833	Q30NP4	0
O14764	P04664	0
P0C7X4	Q1K9E3	0
Q9BT81	A4ZNQ3	0
Q86TL2	Q30NP4	0
Q13470	Q6DPA0	0
P26641	Q0A2H1	0
Q96RY5	Q20MD5	0
P51797	Q5L4H4	0
Q8NA29	O92551	0
P0DSN7	D1LN35	0
O60667	C3W5S7	0
Q8IVS8	C9S3S8	0
Q8WWP7	A4ZNP8	0
Q8TAQ5	A4ZNP8	0
Q9H9G7	P03508	0
A6NN73	D1LN35	0
Q96F83	O56264	0
P30954	D1LN35	0
Q9Y3T6	A5Z256	0
P62304	Q1K9H2	1
Q04917	Q1K9H5	1
P59544	Q9Q0U7	0
Q1L6U9	Q1K9H5	0
Q8N1B3	P03437	0
Q9BT22	Q6PNE5	0
Q14693	Q8JSN5	0
Q5M7Z0	Q1WDM0	0
Q8ND23	B4URF0	0
P10275	O56264	0
P35611	P31343	0
P09430	A8CDU0	0
Q9BZM3	P06827	0
P43268	P03437	0
A0A1B0GW64	Q38SR2	0
O95711	Q6DPU2	0
Q9UGI0	P11133	0
P58173	B2BUF1	0
Q8IYU8	Q6VE52	0
Q9H853	Q6PNE5	0
P04216	Q1K9E2	0
Q8N5C8	Q91MA7	0
Q6ZW76	Q3SBS4	0
E7ERA6	A8C8W5	0
P18510	P26053	0
Q53EZ4	P30910	0
Q9UJU6	Q01639	0
Q2M3C6	B4URE7	0
Q6IV72	Q1K9H5	0
P53597	A5Z256	0
Q8NDC0	P08276	0
A6NMD0	A0A0X9JHC1	0
Q9H208	Q1K9E2	0
Q8N1W2	B2BUI7	0
Q9Y6H1	Q0A2M3	0
Q32P51	P03496	1
Q7Z4V5	Q20MD2	0
P09693	Q0A2H0	0
O43482	P03496	0
Q96S38	P03496	0
P50120	P03508	0
P29033	Q6PNE5	0
P37058	P26053	0
Q9GZQ3	Q67296	0
Q8NCG5	A8CDU0	0
Q9ULW5	B2BU63	0
Q96HY7	P06821	0
A6NGW2	A7UPX0	0
Q96GM1	Q1K9H6	0
Q8NGD4	P0DOF8	0
A8K010	P03468	0
Q9H1K6	B2BUF1	0
P22392	Q91LS8	0
Q9BXU1	O56264	0
Q14160	Q9YXL6	0
Q701N4	P03496	0
Q02539	P03496	1
Q6P531	Q5V8Z9	0
Q9Y2B4	Q8QPK2	0
Q9H857	Q6DPU2	0
P17096	Q38SR2	0
Q9NVA4	Q20MH8	1
Q9ULZ0	O56264	0
Q9UHC3	Q3SBS4	0
Q9BZF2	Q91MA7	0
Q86Z02	P04663	0
Q9P1U1	Q9YP60	0
B7Z6K7	Q5L4H4	0
Q6N021	Q5V8Z9	0
Q15561	P30910	0
Q6U841	Q9Q0U7	0
Q9BTE3	P69277	0
Q96JB6	A0A0X9JHC1	0
P05155	Q8JSN5	0
Q5TZK3	Q9YP60	0
Q8IZD4	A4ZNP8	0
O60343	B4URE7	1
B3KQW1	P03433	0
P08254	Q1K9H5	0
P02679	Q2PJP1	0
Q96M86	Q20MD2	0
P10071	Q5V8Z9	0
Q9Y217	H6QM92	0
P49069	B4URA9	0
Q86SQ4	A5Z256	0
O15259	B4URA9	0
Q6EIG7	Q20NX5	0
Q9BXU0	Q9DLK6	0
P0CG20	Q0HD54	0
A0A087X159	P68043	0
P35249	Q20MH8	1
P00167	Q1K9H6	0
Q8WZ79	A7UPX0	0
Q9BYJ1	Q9Q0U8	0
Q8NAS9	Q1K9G9	0
Q9NQ03	Q2VC93	0
Q9Y2G8	B4URF0	1
Q9H8U3	Q20MD5	0
Q8N1M1	P03495	0
P01210	Q67020	0
O95983	P03508	0
P28562	Q9YXL6	0
Q8TED1	Q20MH8	1
O95470	P03437	0
Q8IY18	P06827	0
Q16613	Q2RBU1	0
Q96GD3	Q1WDM0	0
Q96N96	Q1K9H6	0
P17927	A4ZNP8	0
P36268	Q6VE52	0
Q6UX53	Q9Q0U8	0
Q9HDB9	P03427	0
P01019	Q1I2B2	0
Q99835	Q3SBS4	0
Q9HBX9	B4URA9	0
Q496F6	Q6DPA0	0
Q99640	Q0HD54	0
Q8NC38	Q5V8Z9	0
Q9Y6K0	Q9WPI5	0
Q8N423	A7UPX0	0
P78383	Q0HD54	0
Q6VY07	B2BUF1	0
Q5TA82	Q5QF18	0
Q9Y3B1	P0DOF8	0
Q9NWY4	Q20P38	0
P48448	O56264	0
P07992	Q1K9H6	0
Q53HI1	P04663	0
A1L020	B2BUF1	0
A2RUQ5	B4URE7	0
Q86SE8	Q2F4V2	0
Q9UBT7	O56264	0
P67809	D1LN35	1
Q92963	Q2F4V2	0
Q8WTR8	C3W6D7	0
Q6PIU1	P11133	0
Q9UN36	O56264	0
Q9UJA3	Q20MH3	0
Q9UBW7	Q20MH3	1
Q70EK8	Q8JSN8	0
P52298	Q9YXL3	0
Q8IU80	Q6DPA0	0
Q6ZRF8	Q20MD1	0
Q8WUM4	B4URE7	1
P45954	B4URF7	0
Q9NPI1	P03433	0
O15544	Q3SBS4	0
O95486	Q8JSN6	0
O00220	P06827	0
Q9BV73	P0DOF4	0
Q96QD8	A4ZNQ3	0
Q7RTY3	O56264	0
P0C7M8	Q1K9H5	0
P25800	B4URE7	0
Q8N412	P03468	0
Q6P9A3	P03493	0
Q14833	Q6VE52	0
O75106	Q33CG5	0
Q6NSW7	Q1K9E2	0
P60852	P26053	0
P20908	P03468	0
Q9HAU0	O92551	0
Q9NZI8	Q20MH3	1
Q60I27	P03468	0
P48145	A4ZNQ2	0
Q5VYY1	Q67296	0
Q8NGN4	P69277	0
Q8IY84	P68043	0
P0C7N5	Q20NX5	0
Q9Y2E8	Q3SBS4	0
Q9H254	B2BUF1	0
O95970	Q2VC93	0
Q5TBA9	P11133	0
Q9NY25	C3W5S7	0
A6NMK7	P0DOF8	0
Q07444	Q20MH3	0
Q9NS00	B4URE7	0
Q9BXM0	Q20MD1	0
M0R2J8	A8C8W5	0
Q6PH85	Q1K9H5	0
Q12836	D1LN35	0
Q9NUC0	Q82506	0
Q9H2M3	Q9WPI5	0
Q969T7	Q03909	0
O95841	P03493	1
P31639	Q1K9E2	0
Q9NP64	Q67020	1
O60224	A0A0X9JHC1	0
Q16706	P03433	0
P51116	P03431	1
Q8TF64	Q0A442	0
Q9BZK7	Q99AU3	0
Q9Y334	P06821	0
Q9BTA0	B2BUI7	0
Q96DE5	Q38SQ2	0
Q5T197	Q2F4V2	0
Q5JQF7	Q5V8Z9	0
P38567	A4D8X6	0
P49753	Q20MD1	0
Q8N292	P30910	0
P05538	P03428	0
O95749	Q6DPA0	0
P35212	Q20NX5	0
Q8N910	Q2F4V2	0
Q9P2W6	A0A0X9JHC1	0
O14503	P03495	1
Q01196	Q20MH4	0
Q5JTD0	Q07FI1	0
Q96HH6	Q9YXL3	0
Q9BVM2	Q01639	0
Q99500	P03452	0
Q6PJG2	P03466	0
P18509	P03433	0
Q8NGU9	Q9WPI5	0
Q9NTG1	Q33CG5	0
P43115	P03493	0
O95363	P68043	0
P29074	P06827	0
P06865	Q2RBU1	0
Q8WZ71	Q38SQ2	0
Q9BZV2	P06827	0
Q6PI77	Q2PJP1	1
P49765	P03428	0
E9KL35	Q0A2M3	1
Q9NP98	A7UPX0	0
Q9UHF5	B4URA9	0
Q8NI77	B4URF0	0
Q9H1R3	Q8JSN6	0
Q0P5P2	Q91U50	0
Q9P1Q0	Q6VE52	0
P19388	P03427	1
Q9UQ74	P03495	0
P16035	P04664	0
O15229	Q1K9G9	0
P49798	D1LN35	0
Q9BRT2	A4D8X6	0
Q9UM21	A4ZNQ2	0
P0DJG4	A8C8W5	0
Q9BQK8	Q9Q0U8	0
Q9NY93	Q6DP93	1
Q68J44	B4URF0	0
P02100	Q1K9I7	0
Q96PU5	Q6DP93	0
Q96LX7	Q82506	0
P43360	P03428	1
Q6ZVL8	Q38SQ2	0
P62750	Q2PJP0	1
Q96B54	B2BU63	0
P04628	Q8JSN8	0
Q5XKP0	B4URE7	1
O15342	D1LN35	0
P51116	P03496	1
Q96EL2	A5Z256	0
Q8N5D0	Q1K9G9	0
Q7Z444	B4URE7	0
B9A064	Q9YXL3	0
O43299	Q6VE52	0
P48061	P04663	0
Q9Y6D9	Q3SBS5	0
O00165	P03427	1
Q8TBR4	Q20MH3	0
P02745	Q1K9G9	1
Q8NCA5	B4URF7	0
Q96D59	Q5QF18	0
Q86XS8	P06821	0
Q14973	B4URF0	0
Q9BWV7	Q07FI1	0
P46098	Q01639	0
Q8NA58	P03452	0
Q15773	P03428	1
Q5JSH3	P0DOF4	0
P37108	Q1K9H2	1
Q9UHQ7	P04663	0
Q12988	Q9YXL3	0
Q14774	Q20MD2	0
Q9Y5Y5	Q9Q0U7	0
P08034	Q0A442	0
P21912	Q0A2H0	1
P78411	Q20NX5	0
Q53GI3	Q6DP93	0
Q7Z3K6	P03468	0
Q8TDQ1	Q1K9H2	0
Q6PYX1	Q8JSN5	0
Q9BTL4	H6QM92	0
Q9P2D0	Q2PJP1	0
B7ZAQ6	Q82506	0
O14757	Q1WDM0	0
Q6ZRV2	A5Z256	0
Q9Y388	P06821	0
Q8N752	Q01639	0
P14384	Q2RBU1	0
Q8NC96	Q0A442	0
Q9P2E5	Q20MH4	0
Q96B77	B4URF7	0
Q96LI6	B2BUF1	0
Q6IV72	A5Z256	0
Q93073	P03508	0
Q9NWS6	B2BU63	0
P30041	P03496	1
Q16656	Q20MC8	1
O75936	Q20MC8	0
Q96SQ5	P03502	0
Q7L8A9	B4URF0	0
O00220	P03496	0
P62750	Q0A2H0	1
Q9H0B8	Q1K9H6	0
Q13404	Q38SQ2	0
Q8N726	P30911	0
P36980	B4URF0	0
Q15744	A4D8X6	0
Q9P2G3	Q1K9H5	0
Q6ECI4	Q6DPU2	0
Q9NY93	Q3SBS4	1
Q96N21	Q1K9H5	0
Q9NQX1	Q2RBU1	0
Q6UXD5	P0DOF8	0
Q13064	O56264	0
Q13835	P03452	0
Q6PEZ8	H6QM92	0
A6NEH8	P03466	0
Q5VTL8	P03495	0
Q9BT49	Q5QF18	0
Q9H8X9	Q8JSN8	0
Q16819	P03428	0
Q9C099	P03496	1
Q6QAJ8	C3W6D7	0
Q8N0W3	Q6DP94	0
Q5TCH4	Q9Q0U7	0
A0AVK6	Q20MC8	0
Q9UQ35	Q1I2B2	0
Q9BVG4	Q30NP4	0
Q96MH2	Q1K9E2	0
P31153	P11133	0
Q9Y399	Q1K9H2	1
Q8TDY4	P03427	0
Q9H4Q4	A5Z256	0
O15537	B4URE7	0
Q9Y272	Q67020	0
Q8NG92	Q5QF18	0
P52739	Q8JSN6	0
Q96EB6	Q1WDM0	0
Q10713	Q1K9H5	1
Q15054	C3W5S7	0
Q92542	Q6DPA0	0
Q9NRD0	P03496	0
Q8TF05	Q9Q0U8	0
Q96NU1	Q9YXL6	0
Q49SQ1	B4URF0	0
Q8NGM8	P03427	0
Q6ZMU5	B4URF7	0
P09936	Q6VE52	0
A0A1B0GVR7	Q82506	0
Q2PZI1	P03485	0
P0DI83	Q6VE52	0
Q96M93	Q6DPG0	0
O60678	Q20P38	0
Q9UJY1	Q20MD2	0
Q9UBK5	B4URF6	0
O75072	Q38SR2	0
Q24JQ0	P0DOF4	0
Q9UBI9	Q20MH3	0
Q15238	Q9DLK6	0
Q6DN03	Q20MD5	0
O75459	Q20MH8	0
Q99805	Q6DP93	0
P56706	Q9WPI5	0
Q9UK12	Q33CG5	0
P0CH98	A4D8X6	0
Q13224	C3W6D7	0
Q14667	Q91MA7	0
H0YKK7	Q1K9H6	0
Q92485	Q2VC93	0
Q9BXI3	Q8JSN6	0
Q9UBB9	B2BUI7	0
O60281	Q3SBS5	0
Q9UJ83	P03466	0
Q9H479	B4URF6	0
O43825	Q5L4H4	0
P59542	Q20MD2	0
A2RU48	P03485	0
A6NEL2	B2BUF1	0
Q8TEY5	Q33CG5	0
P46736	A0A0X9JHC1	0
Q13258	A7UPX0	0
Q5T9C2	Q6DPU2	0
Q8NI17	A0A0X9JHC1	0
Q0GE19	P11133	0
O15226	Q0A2H0	1
Q8IUI4	P03468	0
Q8WXB1	A5Z256	0
O95983	Q0A442	0
O14639	P08276	0
P19320	Q6DPG0	0
O95071	Q1K9H5	1
P23610	Q1K9G9	0
Q14541	A4ZNQ2	0
Q8NBS9	Q8JSN6	0
P31930	Q1K9H5	1
P17024	Q9DLK6	0
Q7L576	C9S3S8	0
Q8N0W7	Q91MA7	0
A0A075B6N3	Q20P38	0
Q8WUW1	C3W6D7	0
Q7Z3Z0	Q2VC93	0
Q9H6R4	Q91LS8	0
Q8TE02	P03496	0
Q9BVA1	Q0A2H1	0
Q01638	Q91U50	0
Q96AH8	Q9WPI5	0
C9JDP6	Q0A2M3	0
Q6UW15	Q1K9E2	0
Q8WVC6	P03427	0
Q03188	O92551	1
O15357	P30911	0
Q7Z4V5	C9S3S8	0
P49336	Q1K9E3	0
A6NDU8	Q0A2H0	0
Q6ZN32	B4URE7	0
O60220	B4URF7	1
P09565	Q5L4H4	0
O75717	Q67296	0
Q15797	Q99AU3	0
Q8N4T0	Q9Q0U7	0
P37173	P03427	0
P62258	H9XIJ5	0
P15173	Q3SBS5	0
Q76LX8	P30910	0
Q13573	Q194T2	1
P59535	Q07FI1	0
Q8IYA2	Q1K9G9	0
Q96AG3	Q20MD1	0
Q7Z713	B4URE7	0
Q96MC4	Q2PJP0	0
Q92674	A4ZNQ2	0
Q49AR2	P03466	0
Q8NGY1	Q0A442	0
Q9BR84	A4D8X6	0
P04201	A5Z256	0
Q9BXU9	B2BU63	0
Q7RTS1	Q1K9E3	0
Q9BPX7	P11133	0
Q9BXD5	A8C8W5	0
Q6ZVT6	Q30NP4	0
Q15906	A5Z256	0
Q92541	Q1K9G9	0
P46100	Q1K9H5	0
Q9NPB0	Q30NP4	0
P51911	Q20MH4	0
P38571	Q8JSN8	0
E2RYF6	P31343	0
Q92900	Q1K9H2	1
P13765	B2BUI7	0
Q9H0E7	P04664	0
Q96L92	Q03909	0
Q92905	Q8JSN5	1
A0AUZ9	P03485	0
Q9HD36	P68043	0
P53816	Q07FI1	0
A7E2U8	Q9YXL6	0
Q9UBF1	Q6DPA0	0
Q6FI13	P03495	1
Q9HCU8	A4ZNP8	0
P41221	Q9YP60	0
P18825	Q20MH8	1
P00966	Q8JSN5	0
A4D2P6	A4ZNQ3	0
O43361	Q6DPU2	0
P81133	P03508	0
Q96LP2	P0DOF8	0
Q96DA0	P06821	0
Q01459	Q1I2B2	0
P63125	Q6DP93	0
Q9NSA0	A5Z256	0
Q59EK9	H6QM92	0
O43583	Q9YXL3	0
Q9UL15	P03431	1
Q8TAA1	H6QM92	0
Q8WTX7	Q9YP60	0
P57679	Q8JSN6	0
Q5JRX3	P03466	0
Q8WVM0	Q0HD54	0
P23511	Q1K9H2	0
Q7L3V2	P03466	0
Q9Y2G5	A5Z256	0
A1L0T0	Q20MH8	1
Q9UG01	Q20P38	0
Q7Z7A1	Q9DLK6	0
Q8NCH0	P08276	0
A6NHN6	Q2VC93	0
Q8N8W4	Q0A2M3	0
O75920	Q2VC93	0
Q9H161	P31343	0
P63252	Q2RBU1	0
Q15185	Q1K9H5	1
Q15973	Q2F4V2	0
Q16559	Q6DP94	0
Q6NUT3	Q9DLK6	0
O00635	P03468	0
A0A1B0GTK4	Q91LS8	0
Q5JSJ4	Q38SQ2	0
Q9P107	Q1WDM0	0
P51857	Q0A2H0	0
Q8N535	Q9YXL6	0
Q96JA1	P03427	0
Q9UBL6	C3W6D7	0
Q96FF7	Q9YXL6	0
Q8WUK0	P03431	0
Q96GS6	A4ZNQ2	0
Q8N392	Q01639	0
Q9NWL6	P04664	0
P36508	Q3SBS4	0
Q00059	A4ZNQ2	0
Q8NEB9	Q91MA7	0
P60880	Q91MA7	0
Q3ZM63	Q20MH8	0
Q765I0	Q91LS8	0
P35754	P03493	0
Q9NY56	Q6DPU2	0
A0A0C4DH41	B4URF6	0
Q5VVW2	Q20MC8	0
Q9BZA8	Q8JSN5	0
Q96S59	Q6DPG0	0
Q14C87	Q1WDM0	0
Q9H772	P26053	0
P15822	A4ZNQ2	1
Q8N5N4	Q8JSN8	0
Q9C0I4	P03468	0
O00506	P03493	0
P22736	P03468	0
Q9BXI9	B2BUF1	0
P14543	A7UPX0	0
Q6UXQ8	Q5V8Z9	0
Q08AG5	C3W6D7	0
Q9NV23	B4URE7	0
Q96GN5	Q07FI1	0
A6NF89	Q6DPU2	0
Q5VWW1	O92551	0
Q9H7R0	P03431	0
Q8IUX1	P03437	0
Q9H2S5	Q9DLK6	0
Q9HCY8	Q6PNE5	0
Q3LI68	A4ZNQ3	0
Q6ZN57	P03508	0
A1KZ92	Q33CG5	0
Q460N5	Q91LS8	0
Q96QD8	Q8JSN8	0
Q86U10	Q9YP60	0
P49454	P03427	0
O95452	P03496	0
Q5BKX5	A4D8X6	0
A4D0R1	Q9Q0U8	0
O00425	P03496	1
Q8NB37	Q38SQ2	0
Q13387	Q5QF18	0
A0ZSE6	P26053	0
Q9UKR5	Q2PJP0	0
Q7RTT9	Q91MA7	0
Q13029	Q6DP93	0
P08151	P04663	0
P07359	P31343	0
Q9BXJ9	Q2VC93	0
Q6P9F7	Q6DPU2	0
Q6ZUJ4	Q91LS8	0
O43818	P03433	0
O15234	Q20P38	0
P43250	Q20MC8	0
Q96DT6	Q1K9H2	1
O00204	Q6DPU2	0
Q8NGD4	Q20MD2	0
P07204	P03493	0
Q8NDC0	Q0A2H1	0
Q96F86	B4URF7	0
Q9P225	A8C8W5	0
O75083	P11133	0
O15503	C3W6D7	0
P48788	Q9YP60	0
O60942	Q20MD1	0
Q9UK59	Q2PJP0	0
Q9P2M7	P06827	0
Q14676	Q1K9H6	0
Q5W0U4	Q20P38	1
O95793	P03485	1
Q9UNQ0	P03495	0
Q13946	Q01639	0
Q9NS25	Q30NP4	0
Q0VD83	P03466	0
P06734	Q67020	0
Q13362	Q1K9H2	0
Q9NPI8	Q20MC8	0
A0A0G2JS06	P30911	0
A8MU76	Q8QPK2	0
Q3KQZ1	P0DOF8	0
Q5T5X7	P68043	0
Q6PCB0	Q2VC93	0
P30793	Q20MH3	0
P17405	H9XIJ5	0
Q86Y91	P03495	0
Q96RT1	P03485	0
P0DMU3	Q0A2M3	0
Q8N7C7	Q91MA7	0
Q8NGX2	Q8JSN5	0
Q99496	Q9Q0U7	0
Q9BZW4	A5Z256	0
P48995	B2BU63	0
O43572	Q01639	0
Q13127	Q20MH3	0
Q9UJA5	P11133	0
P13639	P03427	1
Q92520	Q9WPI5	0
O95630	Q9YP60	0
Q6NXR0	Q03909	0
P27824	P26053	0
Q9H336	Q20MD1	0
Q9H649	Q82506	0
P13866	Q8JSN6	0
Q9NX40	B4URE7	0
Q9UJ96	B2BU63	0
P0C851	A7UPX0	0
Q15464	Q99AU3	0
P26045	Q9YXL6	0
Q07812	A0A0X9JHC1	0
Q16828	Q91U50	0
Q9UHX1	P03508	0
Q16581	A4ZNQ3	0
P19883	Q1K9G9	0
O95219	Q20P38	1
Q6X4U4	P03496	0
Q96CE8	A4ZNQ3	0
Q15643	A8CDU0	0
Q0JRZ9	P03466	0
P04053	B2BUI7	0
P01242	Q38SR2	0
Q8TF05	P03502	0
P07992	B4URA9	0
Q9H869	Q38SQ9	0
P59045	Q1K9H6	0
Q9NWR8	P03427	0
Q9BTY2	Q20MH8	1
Q9NRW3	Q1K9I7	0
Q9NWW6	Q8JSN6	0
Q9Y2M0	Q6VE52	0
P27708	B4URE7	0
Q92831	P03485	0
Q5XKR4	P06827	0
B3KQW1	Q91U50	0
Q6PIW4	A4ZNP8	0
Q8TCY0	C3W5S7	0
Q86VQ3	Q8QPK2	0
P11142	P03485	1
Q99453	Q91U50	0
O75638	P26053	0
P0DOX5	P04663	0
P17980	B4URF7	1
Q9NYF8	P03496	1
Q12798	Q6DP93	0
Q14695	P04663	0
Q9UI30	Q3SBS5	0
Q8TC29	A4ZNP8	0
D6RBM5	P03485	0
O15230	P03485	0
Q8N4H0	Q20P38	0
Q9UHE8	P69277	0
Q9Y6X1	B4URF0	0
Q13057	Q20MD1	0
Q15131	A8CDU0	0
Q96T68	O56264	0
Q6P589	P0DOF8	0
P27487	P03502	0
Q9BTP7	P04663	0
P68104	Q9WPI5	1
Q8WXA9	Q0A442	0
P50461	P11133	0
Q3KP22	P03508	0
P15336	Q1K9E3	0
Q15906	Q6VE52	0
Q5T2L2	O56264	0
Q6UYE1	P03485	0
P61289	Q9Q0U8	0
Q8IWW6	P03452	0
O75631	Q20P38	0
Q9NRD9	Q8JSN8	0
P58335	Q8QPK2	0
Q96DX7	A0A0X9JHC1	0
Q2M3G4	P04663	0
Q8NFT2	P04663	0
Q9Y2B1	P03468	0
P47804	P03508	0
Q8NBX0	Q67296	0
Q01105	C9S3S8	0
Q9Y3F4	H6QM92	0
A6NFN9	Q6DP93	0
A4QPB2	P03433	0
Q49AS3	Q1K9H5	0
P20292	P03437	0
E7ERX5	Q6DP93	0
Q5JQS6	P04664	0
O75954	A4ZNQ2	0
Q15006	P03508	0
P23229	C3W5S7	0
Q5EBN2	Q6PNE5	0
Q70CQ3	Q9YP60	0
Q9Y397	Q6DPG0	0
Q96C03	Q1K9G9	0
Q92794	Q6DNN3	0
P15428	B4URF7	0
Q3MIT2	Q8JSN5	0
Q5VU92	P0DOF8	0
Q9BUV8	Q38SQ2	0
A0A0B4J234	Q03909	0
O14746	Q6DP94	0
O95428	P30910	0
O15027	Q5L4H4	0
P48066	Q9Q0U8	0
Q92932	Q5V8Z9	0
O00757	Q82506	0
Q00839	Q9WPI5	1
Q9NQS1	Q20NX5	0
Q71UI9	B2BU63	0
Q9P275	P08276	0
Q4VNC1	P03495	0
Q9P127	Q3SBS4	0
O14924	Q6DPG0	0
Q9P2S6	Q0A2H1	0
P61018	Q9YXL6	0
Q96MH2	Q20P38	0
Q9NWZ8	B4URA9	0
Q92819	Q20MH8	0
Q9NY12	Q8QPK2	0
P62633	Q20MH4	1
O14641	P03485	1
A8K554	P03431	0
Q92993	A5Z256	0
Q9H2W2	Q5L4H4	0
O75094	P11133	0
Q6ZS46	Q01639	0
P01709	Q9Q0U8	0
Q9BRK3	A8CDU0	0
Q9Y5E4	Q03909	0
Q8IYD9	Q2PJP1	0
Q6NT76	Q1K9H5	0
P49917	A8C8W5	0
Q9NUN5	Q91LS8	0
Q13464	I7CAR2	0
Q92930	Q6DP94	0
Q96HE9	P04663	0
P61006	Q20MD5	0
Q86W74	P03502	0
Q6PHR2	P03433	0
Q6UXB4	Q20MD2	0
Q5JX71	Q9YXL6	0
P56555	P03468	0
Q3BBV2	Q9DLK6	0
Q06416	Q20MH8	0
O15524	Q30NP4	0
Q9Y5K6	Q0A2H0	0
P18507	Q03909	0
Q9BYV1	Q2RBU1	0
Q9Y5U5	Q91LS8	0
Q9HBB8	H9XIJ5	0
Q7Z5L3	P08276	0
Q6ZQW0	A8C8W5	0
P59817	Q20P38	0
Q16537	Q20MD1	0
Q8IYB1	Q20MH4	0
Q9NZ20	P30910	0
Q9UN75	Q20MH4	0
Q9BQ50	Q20MH3	0
P54760	Q1K9H6	0
P52565	Q38SQ9	0
Q5TDH0	Q20MH4	0
P53671	B4URF7	0
P31249	Q07FI1	0
P32238	Q91U50	0
Q16587	Q9YP60	0
P43627	Q0HD54	0
Q9Y2M0	Q03909	0
Q3LI77	Q38SQ2	0
O15042	P03427	0
Q9Y421	Q1K9E2	0
Q9Y478	Q20MH3	0
Q9H9B4	Q2PJP0	0
A0A0B4J1V6	P08276	0
O15455	Q1WDM0	0
Q9UKJ5	Q0A2M3	0
A5LHX3	Q5V8Z9	0
P18440	Q5QF18	0
Q8N4M7	P03493	0
Q9H2S9	Q0A2H1	0
Q96EK6	I7CAR2	0
P18089	P26053	0
Q9BVG4	Q91LS8	0
Q6UB28	I7CAR2	0
P43358	D1LN35	0
Q96PX8	Q9WPI5	0
Q96A11	P03502	0
P22626	D1LN35	1
Q9H3Y0	P03502	0
O95639	Q20MH3	1
Q9BZJ4	Q9Q0U8	0
Q7Z4U5	P30910	0
Q15771	Q33CG5	0
Q6IEZ7	Q67020	0
Q99836	Q6VE52	0
P27658	Q30NP4	0
Q9UBD3	Q0A2H0	0
Q9Y244	Q6DP94	1
Q969N4	O56264	0
Q9NP59	Q33CG5	0
Q5TA76	Q0A442	0
Q16663	P04664	0
Q9UM07	B2BUF1	0
Q8N6W0	Q6DPU2	0
Q9GZX3	P03433	0
Q9BS34	P03508	0
Q96EV8	P03508	0
Q8N6F7	Q38SR2	0
Q1A5X7	Q9YXL6	0
Q9H840	Q20MH8	1
Q14289	Q9DLK6	0
P46439	D1LN35	0
Q9H3U5	Q20P38	0
Q6XCG6	P68043	0
Q8NA96	Q0A2M3	0
Q8N8X9	Q67296	0
Q16772	P03428	0
Q86SQ0	Q38SQ9	0
O95180	Q6DPG0	0
Q96QU6	B2BUF1	0
A3KN83	Q3SBS5	0
Q8TD31	A4ZNQ2	1
Q8WYB5	Q20MD5	0
Q96CT7	P03468	0
Q86UU9	Q91LS8	0
Q9ULG6	A0A0X9JHC1	0
Q9HCT0	Q2RBU1	0
Q9H171	P03468	0
P50452	Q0A2H0	0
O75167	Q5V8Z9	0
O00505	P03433	1
Q9H5L9	Q1K9H5	0
P01589	P03466	0
A6NJG2	Q0A442	0
Q15649	B2BUF1	0
Q68G74	Q8QPK2	0
Q562E7	P03428	0
Q8NGJ4	D1LN35	0
Q9H7B2	Q20MC8	0
A0A087WTH1	P03466	0
Q9ULC3	B2BUF1	0
Q86TN4	P03468	0
Q96MU5	D1LN35	0
Q8IYV9	A8CDU0	0
P56749	Q91LS8	0
P63244	Q1K9H5	1
Q96MN2	A5Z256	0
A0A087X179	Q67296	0
A6NGE4	P04664	0
Q7Z5G4	B2BU63	0
Q14055	A7UPX0	0
Q5VTR2	P03508	0
O75569	O56264	1
Q8N4Q1	Q2PJP1	0
P15516	P30911	0
Q5VX52	P03502	0
Q9BYD2	Q5V8Z9	0
Q6UWZ7	Q5L4H4	0
Q86XN8	Q9DLK6	0
Q5BVD1	O56264	0
Q8N8Q3	Q8JSN5	1
O95298	Q1K9I7	0
Q86SS6	Q38SQ2	0
P06028	Q91LS8	0
Q9BXR6	Q01639	0
Q5TEA3	B2BUI7	0
H0YJ75	P03433	1
O75830	Q67296	0
Q5JQD4	Q33CG5	0
O94811	P03493	0
Q8WYN3	Q2PJP0	0
P56545	Q6PNE5	0
P55344	B4URF7	0
Q8TBG4	Q07FI1	0
Q99729	Q20MH3	1
O43324	B4URE7	1
Q9ULD5	P03431	0
P00747	O92551	0
Q6YP21	P03437	0
Q9Y252	Q6DP94	0
P27986	O92551	1
Q05D60	P31343	0
P10072	A4D8X6	0
P0DPA2	Q3SBS4	0
O95801	Q20MC8	0
Q5T6X5	Q1K9H5	0
Q13887	Q9YP60	0
O95248	A8CDU0	0
A8MVU1	Q9YXL6	0
Q9NYZ4	P03493	0
Q9NRR6	P30911	0
Q86UD1	Q01639	0
Q13153	O92551	0
A8MUP2	A8C8W5	0
P09104	Q9Q0U7	0
Q0P140	Q5QF18	0
Q9NZ56	Q91MA7	0
Q01344	P03431	0
Q96FX2	A7UPX0	0
Q8TBB5	Q2PJP0	0
Q6UWH6	P03437	0
P14621	Q2VC93	0
P43364	P03466	1
Q9UJ72	H6QM92	0
Q9Y264	P03493	1
A6ND48	P04663	0
Q8TB69	C3W6D7	0
Q8NF50	P03428	1
Q96NW7	P03427	0
Q9UMR7	P03495	0
Q5H8C1	B4URF0	0
Q6QHK4	C9S3S8	0
Q5VWM3	Q03909	0
Q96L73	Q8JSN8	0
Q9HBF5	P26053	0
P43356	P03428	1
Q9NYK6	Q91LS8	0
Q9Y5Y6	A4D8X6	0
Q96NT3	Q2PJP1	0
Q567V2	A4ZNQ2	0
Q9NZC2	Q20MH8	0
P50749	Q0A2H0	0
Q58FG1	P68043	0
Q96LY2	O92551	0
Q86X19	Q1K9H2	0
A6NHQ4	Q91LS8	0
P0C263	P03433	0
Q5VT40	Q20MH3	0
A6NHS1	P30911	0
Q9UEW8	P03433	0
P36544	Q8QPK2	0
P51795	Q5QF18	0
Q6PJP8	Q2RBU1	0
Q8NB78	Q20MH4	0
Q6WBX8	P26053	0
Q5W0B1	Q20MH8	0
Q92820	B2BUI7	0
Q5SQS7	Q20MD1	0
Q6UY01	Q8QPK2	0
P0C881	Q99AU3	0
Q6MZN7	Q9Q0U7	0
Q9BY10	B4URF6	0
O43555	P03433	0
Q9UHD8	O92551	0
Q5TGL8	P11133	0
Q96MF2	P0DOF4	0
P06312	P04664	0
P09874	Q1I2B2	0
Q9BUL8	P03427	1
O95926	Q8JSN6	0
Q92575	Q20MD2	0
Q5JTD7	Q6PNE5	0
P46721	Q30NP4	0
A0JLT2	Q6DNN3	0
Q9NXV6	Q33CG5	0
Q69YG0	Q20MC8	0
Q9H2H8	P11133	0
P0DJI9	Q3SBS4	0
P0C6C1	P03502	0
Q6IAA8	Q8JSN8	0
O00555	Q8JSN8	1
P47224	Q0A442	0
Q9H5I1	Q0A442	0
P22001	B2BUF1	0
Q7Z2W9	O92551	0
P38405	P06821	0
Q6ZQQ6	P04663	0
Q8N635	O92551	0
Q96EF6	D1LN35	0
O95294	O56264	0
Q9ULL1	Q1K9I7	0
Q96LB8	P03466	0
Q6IQ49	Q6VE52	0
O15511	Q67296	0
Q6ZNR0	Q91U50	0
O75348	Q6DP93	1
Q9NRX4	P31343	0
Q9NVE5	P0DOF8	0
Q6ZMN7	Q9YP60	0
A0A087X1G2	Q0A442	0
A4D0R1	Q5QF18	0
Q8IY84	A0A0X9JHC1	0
P40199	P03427	0
Q9H900	Q1I2B2	0
Q8NEG0	A7UPX0	0
O60671	Q20P38	0
Q9H2J4	Q0A2H0	0
Q9H3P7	Q1K9H5	1
O95352	Q1K9E2	0
P42892	B4URA9	0
Q9ULX6	Q1K9H5	1
Q9BT56	Q8JSN6	0
Q14623	Q20MC8	0
Q5VTM2	Q8JSN5	0
Q13761	Q8JSN8	1
Q9BRT3	Q2PJP1	0
Q9H0R5	A5Z256	0
Q8N0V1	Q9Q0U7	0
Q86VQ0	P03433	0
P26045	P03428	0
A7E2U8	P0DOF4	0
Q96JA3	Q6VE52	0
Q96B26	Q20MC6	1
O43482	P31343	0
Q8N812	P03493	0
Q9BZD7	P69277	0
Q96P20	Q20MH8	0
Q9H8V3	P08276	0
P28330	D1LN35	0
O15067	C9S3S8	0
P78413	Q03909	0
Q96AG3	A5Z256	0
P42785	A4D8X6	0
Q8IVU3	P06827	0
O95868	Q91MA7	0
Q9BXQ6	P03431	0
A5PLK6	B4URF0	0
Q5W0U4	Q2PJP1	1
A0A075B6J9	Q0A2H1	0
Q8IUR0	P03431	0
A6NGN4	Q8JSN8	0
Q13315	P03433	1
Q8TC99	Q9YXL6	0
Q8TB40	P03485	0
Q32M78	O56264	0
P47881	P04663	0
Q8N257	A8C8W5	0
P55916	P03495	1
Q6UXT9	Q2F4V2	0
Q9NZJ0	P06827	0
P40429	P03496	1
Q5SW79	C3W6D7	0
P26374	P31343	0
Q7L8C5	P03437	0
Q96R54	P68043	0
O43184	P03428	0
Q8NBV8	Q9WPI5	0
O60902	Q8QPK2	0
Q9Y675	C3W5S7	0
P50851	B2BUF1	0
A6NNA2	P30911	0
Q8N5Z5	B4URF0	0
Q8WXC6	Q6PNE5	0
Q9NP56	B4URA9	0
Q96RU3	C9S3S8	0
P02511	Q07FI1	0
P11049	A4ZNP8	0
Q96LR5	Q6DPG0	0
Q8IYT1	A4ZNQ3	0
O00479	B4URE7	0
Q9UIV1	P04664	0
Q9NSV4	Q9YXL6	0
P01574	B4URF0	0
Q8NGE1	Q1K9E2	0
Q15365	Q67020	1
Q96IZ7	Q67020	0
Q8TAL6	P04663	0
O43299	Q5L4H4	0
Q7RTY9	Q20MH3	0
Q14526	Q99AU3	0
P11216	Q9Q0U8	0
P0DM35	B4URF0	0
Q9H2D1	P03508	0
Q15166	Q1K9G9	0
Q15842	Q67020	0
A6NKK0	Q9YP60	0
Q9HC38	Q20MD1	0
Q9UN30	Q01639	0
O00567	B2BUF1	1
P13866	Q6PNE5	0
Q9BRS8	P31343	0
Q08ET2	Q5L4H4	0
Q8TDW4	C3W6D7	0
O75190	A0A0X9JHC1	0
A0A0A6YYK1	Q20MD5	0
Q8WWH5	B4URF7	1
Q9P2P6	Q9YXL6	0
Q9NX20	Q9YP60	0
Q562F6	Q6DPU2	0
Q9H354	Q8JSN8	0
Q8WXI8	Q91MA7	0
Q9Y5Y7	Q6DPG0	0
Q6ZT52	P31343	0
Q5VYK3	Q9WPI5	0
P10911	Q8JSN5	1
A1L188	Q3SBS4	0
P55347	Q20MD1	0
Q08E93	Q91U50	0
Q5DT21	Q2RBU1	0
Q15131	Q1K9E2	0
Q8N7R7	Q5L4H4	0
O43516	P03508	0
Q9HD45	Q20MH8	1
Q8N1D5	Q5L4H4	0
Q9Y6D6	Q6VE52	0
Q5H9F3	H6QM92	0
Q9H6H4	C3W6D7	0
Q9UHF7	P30910	0
P59780	P03466	0
Q9NPH0	P03428	0
Q8NH81	P03485	0
P36955	Q6DPA0	0
Q9BZ98	Q99AU3	0
Q8WXA2	Q20MD2	0
P51116	P03508	1
Q9NSJ1	P26053	0
Q96GX8	Q99AU3	0
O15120	Q38SQ9	0
Q5JRA6	B4URE7	0
Q9Y5Y9	Q1I2B2	0
Q8NEW0	Q67296	0
Q6PB30	Q33CG5	0
Q96F07	P69277	0
P16260	P03493	0
Q9Y673	H9XIJ5	0
Q96M89	Q91U50	0
Q9H8H0	P03437	0
Q6PCB5	Q20MH3	1
Q5T1M5	O56264	0
Q13409	Q9WPI5	0
Q8IV16	Q0A442	0
Q9H7M6	Q5V8Z9	0
Q8WTZ4	P68043	0
Q8N4J0	O56264	0
P25815	Q20MD2	0
P22362	Q1K9H6	0
D6REE5	A8C8W5	1
Q5VYV0	Q20MD2	0
Q9H1E5	H6QM92	0
Q9UND3	P03427	0
O75558	P03452	0
Q6UXP3	Q30NP4	0
O75112	P03508	0
Q5JTD0	P06827	0
P08263	Q1K9H6	0
Q9H0D6	Q3SBS5	0
Q96C86	Q8QPK2	0
B0QYN7	P03496	1
Q9BXU9	Q38SQ9	0
Q5RKV6	Q67296	0
Q9Y262	Q1I2B2	1
A1L167	A5Z256	0
Q5T7P2	Q33CG5	0
A6NNW6	Q2PJP0	0
Q7Z6J6	I7CAR2	0
A6NMK8	Q6DP94	0
Q13618	P03468	0
Q6P2M8	Q20MD2	0
Q14587	Q6DP94	0
P19526	Q6DPA0	0
O95379	Q6DNN3	0
Q8N7Y1	A4D8X6	0
A6NKP2	A8CDU0	0
Q3KRB8	A7UPX0	0
O60671	Q91MA7	0
A3KN83	C9S3S8	0
O43920	D1LN35	0
P50548	P31343	0
O60684	P03466	1
Q9Y6X0	Q20MD5	1
Q6UX40	C9S3S8	0
O00155	Q38SQ9	0
Q10471	Q1K9E3	0
Q8TDX5	P30911	0
P29466	Q8QPK2	1
Q99731	Q0A442	0
P19957	Q07FI1	0
Q8WUD4	A4ZNP8	0
Q5T2Q4	B2BUF1	0
O43681	Q03909	0
P61266	D1LN35	0
Q32ZL2	Q01639	0
Q16384	Q0HD54	0
Q8NHS0	D1LN35	0
P22732	Q20MD1	0
Q96LR7	Q67296	0
Q8N8E1	Q1K9E3	0
Q5HY98	A4ZNQ3	0
Q9BZH6	Q33CG5	0
P51168	A4ZNP8	0
Q8NC54	Q9YXL6	0
P68371	P03427	1
A6NGJ6	Q30NP4	0
Q9H0M4	Q6DP93	0
Q6ZVH7	Q82506	0
P12429	Q6DNN3	0
Q96QU4	P08276	0
Q8TB68	Q91LS8	0
Q9P0T7	Q20MD5	0
O14508	Q20MH3	0
Q5TGJ6	Q1I2B2	0
Q9H5J8	Q30NP4	0
A6NEQ2	Q1K9H2	0
Q9NYV9	Q6DPG0	0
Q9UMX1	Q9YXL6	0
Q9NQX1	Q20NX5	0
Q8NEM1	Q1K9E2	0
Q6ZP01	B4URE7	0
O15397	P03466	0
O76009	Q2RBU1	0
Q9H4P4	Q9Q0U7	0
Q9H633	B4URA9	0
P30989	Q1K9E2	0
P51956	Q9WPI5	0
Q9H093	Q0A2H1	0
Q9BXX0	Q8JSN6	0
A0A0C4DH27	Q1K9E3	0
Q5TAP6	Q99AU3	0
Q9H2P0	Q8JSN5	1
Q96J42	B2BU63	0
Q07666	Q1K9H2	1
Q5VWQ0	Q20MD2	0
Q9H0C8	Q6DP93	0
A0A0B4J249	P03431	0
O43610	P03493	0
Q96BY9	H6QM92	0
Q9NVF9	B2BUF1	0
P0C869	P03466	0
Q9NP70	B4URF7	0
Q9Y619	B4URF6	0
Q9UHQ1	Q9YXL6	0
P20338	H6QM92	0
Q9UQB9	C3W5S7	0
Q8NEG2	Q6VE52	0
Q9Y5X3	B2BU63	0
P22492	P03495	1
G3V0H7	C9S3S8	0
Q15111	Q01639	0
Q6ZR85	Q5QF18	0
Q8WUB8	Q8JSN6	0
O14513	P03437	0
O75417	P03466	0
Q6P531	Q1WDM0	0
Q6ZRU5	Q91LS8	0
Q8N9L9	Q9YP60	0
Q2Q1W2	H9XIJ5	0
O14842	Q3SBS5	0
O15083	B4URE7	0
Q92185	Q67020	0
Q8NCU7	P03495	0
O14681	Q0A442	0
Q5JPB2	Q0A2M3	0
Q15003	Q20MH8	1
Q8N146	P0DOF4	0
Q9P1Z2	Q20MC6	1
Q99518	Q1K9E2	0
Q8NH10	Q30NP4	0
A8MWY0	Q20MH8	0
Q13190	P03496	1
P81172	H6QM92	0
Q9UKP4	Q5V8Z9	0
Q15124	Q20MH4	0
Q99616	Q6DPG0	0
P60153	B4URF6	0
P29474	P03431	0
O75569	Q20MH3	1
Q9Y5U4	Q9WPI5	0
P15622	O92551	0
O15172	Q38SQ2	0
Q8TAB5	Q01639	0
Q13021	Q1K9H5	0
Q8N6T3	Q1K9H5	1
P11245	A5Z256	0
Q9UBC1	A4D8X6	0
P51991	P03496	1
Q13126	P03466	1
P0C646	Q0A442	0
Q9ULZ1	Q20NX5	0
Q8IVL6	Q30NP4	0
B2RBV5	Q0A2H1	0
Q96KJ9	A7UPX0	0
Q8NER5	A5Z256	0
Q5JTW2	P11133	0
Q9Y236	Q2PJP0	0
P04632	Q1K9H5	1
O75690	C3W5S7	0
P14060	A8C8W5	0
Q53H64	Q91MA7	0
Q8N0T1	O92551	0
Q9UF83	A8CDU0	0
Q6P1W5	Q1K9H2	0
Q9NYZ3	D1LN35	0
A6NI87	B4URF6	0
P17301	P03485	0
Q9HCH5	P03428	0
Q96PS8	P03485	0
C9JDP6	B4URF7	0
Q8WZ75	Q6DP94	0
Q99996	Q6PNE5	0
O14594	P26053	0
B2RXF5	P03502	0
Q9BRZ2	Q6PNE5	0
P67809	Q0HD54	1
Q92896	Q0A2H1	0
Q8WWY6	Q1K9H2	0
Q8NB15	P11133	0
P22674	Q38SQ2	0
Q03519	P03485	0
Q9BQ61	P31343	0
P01730	Q99AU3	0
Q8NBS3	Q0A2H0	0
P56746	Q9Q0U8	0
Q8TBB6	B4URF6	0
Q8TCB0	Q20MC8	0
Q9UL15	Q1K9H5	1
Q8IZQ1	Q1K9E2	0
Q4G176	P0DOF4	0
Q9Y237	Q20P38	0
Q8N612	Q0A442	0
P05455	Q20MH3	1
Q6P5R6	Q1K9H5	1
Q9UGL9	Q6VE52	0
Q16048	Q9DLK6	0
Q15526	Q9YP60	0
O60294	Q6DPA0	0
Q8IYP9	B2BU63	0
Q96BY6	O56264	0
Q8IZ13	B4URF7	0
P03928	C3W5S7	0
Q96CN7	Q6DPG0	0
Q6UXV3	Q9Q0U7	0
O95274	Q20MD2	0
Q9Y5H1	P08276	0
P09382	B2BUI7	0
Q8N6N6	Q20NX5	0
Q9BRX5	Q1K9E2	0
C9JN71	B4URF0	0
Q14507	A8C8W5	0
Q96MB7	A0A0X9JHC1	0
Q92681	C9S3S8	0
Q8N6F8	C3W5S7	0
Q5VYV7	B4URF0	0
Q5VZ46	P03485	0
Q9UKP3	Q5QF18	0
P11836	P0DOF8	0
Q8TDD1	Q33CG5	0
Q96ST8	P04663	0
Q96A83	B2BUF1	0
Q8WY54	Q20NX5	0
Q14258	Q1K9I7	1
Q5T1N1	P26053	0
O43820	Q0A2H1	0
Q92560	B4URA9	0
Q9Y216	B4URF6	0
P50579	P03437	0
Q14500	Q67296	0
P27540	Q3SBS5	1
Q9UNN4	Q38SR2	0
Q9NTI2	Q99AU3	0
Q9NNW5	O56264	1
Q70EL3	P03468	0
Q3KRB8	Q38SQ9	0
Q9NPB6	A8C8W5	0
Q8NA47	A8CDU0	0
Q8WZ59	Q20MC8	0
Q9NR55	P03437	0
Q8IXT5	Q20MD1	0
O95754	P11133	0
Q14554	B2BUI7	0
Q96SK3	B4URE7	0
Q9NR50	Q20MH8	1
Q9UJD0	Q38SQ9	0
P17026	Q6PNE5	0
Q9H165	Q38SQ9	0
Q12933	Q2F4V2	0
D6R9N7	Q8JSN5	0
Q6T4P5	P68043	0
Q9NR61	Q8QPK2	0
P01614	P30910	0
Q56UQ5	B4URF7	0
Q00888	Q33CG5	0
Q6ZVE7	P26053	0
O75298	Q2VC93	0
O75348	P03508	1
P17098	B2BUF1	0
P57771	B2BUF1	0
P49863	P0DOF4	0
Q52LW3	O92551	0
P46108	Q99AU3	1
P47874	P03431	0
Q96D15	Q6DPU2	0
Q9P266	A8C8W5	0
Q8WXQ3	Q2PJP0	0
Q9UM63	P30911	0
O60682	P0DOF8	0
P43694	A5Z256	0
Q9BTE7	Q8JSN5	0
A8MXK1	Q8JSN8	0
Q569K6	Q20MH3	0
Q16778	Q6DPU2	0
Q5T9Z0	Q1WDM0	0
Q96AP4	Q8JSN8	0
A0A0B4J1U6	Q9YXL6	0
Q9ULT8	Q1K9H5	1
Q9BST9	Q1K9E2	0
Q9BU76	Q0A2H1	0
P29692	Q1I2B2	1
Q9H7X7	A8CDU0	0
O00159	P03496	1
Q8WZ69	C9S3S8	0
A8MVZ5	D1LN35	0
Q15061	Q5L4H4	0
Q8WXF3	A7UPX0	0
Q6P1Q0	P03431	0
Q9NRJ7	B2BU63	0
Q9NPL8	P03502	0
A6NND4	Q5V8Z9	0
P78344	B2BU63	0
P07098	A0A0X9JHC1	0
P51610	B4URF7	1
Q9UII5	Q2F4V2	0
O95995	H6QM92	0
Q4LDR2	P06827	0
Q6Q8B3	P06827	0
Q8WXI3	P31343	0
Q9BRP9	Q20P38	0
Q96GD3	P03466	0
P03999	Q1K9E2	0
Q6U841	Q20MD2	0
Q02413	Q1I2B2	1
P14859	Q6DPG0	0
A6NFU8	Q82506	0
O15374	Q6PNE5	0
Q6WN34	P03485	0
Q96R67	P03431	0
Q9BSE5	P03496	0
Q96RQ1	P03468	0
Q6UWY2	Q20MC8	0
Q0VAQ4	P06821	0
Q99880	P03495	1
Q13555	A4ZNP8	0
Q9NYT0	Q3SBS4	0
Q9NSC5	P03508	0
Q9C0B7	P03508	0
Q9UKP5	Q1K9G9	0
Q86TM6	D1LN35	0
Q3SYB3	Q91LS8	0
Q9ULG3	Q2PJP1	0
A8MXT2	Q9YXL3	0
A0A1B0GUI7	Q1K9H6	0
O75157	B2BU63	0
O95470	Q91LS8	0
Q5JRM2	P03428	0
Q6P9F7	Q20MD2	0
Q9Y697	D1LN35	0
Q8IUQ4	Q1K9E3	1
Q8WWR8	P03493	0
P51449	Q1I2B2	0
P09486	P30910	0
Q8NDI1	P03466	0
P42701	Q0A442	0
Q9BPX3	Q20MH3	0
P0C7U9	Q8JSN6	0
P0CG36	P03468	0
P50222	P03468	1
P37235	Q0A2H1	0
Q6UB28	Q01639	0
Q9H0B8	Q9DLK6	0
Q96LR5	P03485	0
P01614	B4URE7	0
Q13315	P68043	0
Q9Y4B6	P03427	1
Q13200	Q6DPA0	0
Q9Y5Y3	C9S3S8	0
Q9H7R5	A8C8W5	0
Q02108	P03468	0
A0A096LP49	A0A0X9JHC1	0
O60568	Q20P38	0
Q96RN5	B4URF0	0
P15822	Q9YXL3	0
O60701	Q1K9H5	0
B5ME19	P06821	0
O75712	P69277	0
Q9H7L2	Q6DP93	0
Q7Z3B4	Q1I2B2	1
Q70IA8	Q3SBS5	0
P16298	Q1K9H5	1
Q9NZ71	Q30NP4	0
Q8TCY0	Q8JSN6	0
Q86VZ1	Q9YP60	0
Q09327	A4ZNQ3	0
G2XKQ0	P06821	0
Q12887	Q30NP4	0
Q5T1S8	P30910	0
E9PMD8	P04664	0
Q6ZMZ3	D1LN35	0
Q14627	B2BU63	0
Q92820	Q20MD2	0
P82650	Q1K9H2	1
Q9NZY2	P03502	0
O15144	D1LN35	0
Q09428	Q9YP60	0
P17858	Q6PNE5	0
Q96JC4	C3W5S7	0
Q9UQ16	Q0HD54	0
P55290	Q20MD5	0
Q7L5Y6	Q9Q0U8	0
Q96MK3	A8C8W5	0
Q9H081	H6QM92	0
P78363	B2BUI7	0
Q8IWX8	P03437	0
Q9UIE0	Q2PJP0	0
Q99871	Q6DPA0	0
A0PJY2	Q2VC93	0
Q8IWL2	Q6DP94	0
P31025	H9XIJ5	0
P17948	D1LN35	0
Q3KNT9	A4ZNQ2	0
Q8N448	P0DOF4	1
Q9NQ50	Q0A2M3	0
Q9UBB5	Q20MH3	0
P81877	Q91LS8	0
O43681	Q0A442	0
Q659A1	A0A0X9JHC1	0
Q9BTV5	Q20MH3	0
P0CG23	Q1K9E2	0
P24557	B4URF7	0
P01718	P30911	0
Q7Z309	Q5QF18	0
Q96Q77	Q33CG5	0
Q5TD94	H9XIJ5	0
O95436	Q2VC93	0
P13473	Q20MH3	0
Q6UXV4	Q6DP93	0
P04156	Q6DP94	0
Q8TBC4	H9XIJ5	0
O75683	P0DOF4	0
P30536	P08276	0
P22003	Q9Q0U8	0
Q9NPF4	Q20MH4	0
Q8IUC6	Q20MH8	0
Q9Y2J2	B2BU63	0
O15353	H6QM92	0
O75841	O56264	0
Q96T51	Q9DLK6	0
O60684	Q20MD0	1
A5D8W1	C3W5S7	0
Q6MZN7	Q1K9H6	0
Q5SQH8	P03427	0
Q04912	P30911	0
Q7Z4L0	A0A0X9JHC1	0
Q96MU7	P03496	0
Q9NVV0	Q8QPK2	0
Q9HAT8	Q03909	0
Q8NA47	Q9Q0U7	0
Q99766	P03496	0
B0YJ81	Q20P38	0
Q8NFW5	Q1K9H2	0
O14939	Q0A2H1	0
O14926	Q6DP94	0
P22061	P06827	0
Q9UKU0	P31343	0
Q96B86	A8CDU0	0
Q00839	D1LN35	1
Q96HE9	Q9YXL6	0
Q8N1G4	H9XIJ5	0
A1L190	B2BUF1	0
O00507	Q1K9H2	0
Q6ZTQ3	H6QM92	0
C9J302	Q8QPK2	0
Q9Y2K3	Q9YP60	0
Q8NCL4	Q67296	0
Q92614	Q9YP60	0
Q9BXX0	P03428	0
O00442	Q20MH8	0
O00462	B4URA9	0
Q86VD7	B4URA9	0
O60895	P68043	0
Q9Y5M6	Q0A2H0	0
A6NER0	Q6DPU2	0
Q8WXX0	B4URF0	0
P08493	Q8JSN6	0
P15515	P04663	0
Q13153	Q1K9H2	0
Q7L804	B4URF7	0
Q9BRP4	B2BUF1	0
P26572	P06827	0
P0DMW4	B2BUI7	0
P49591	C9S3S8	0
P53999	Q20MD5	0
Q9Y224	Q30NP4	1
Q8N813	Q20MD2	0
Q92551	Q01639	0
Q9Y3P4	B2BUF1	0
Q14139	Q20MH8	1
Q9NUY8	Q1I2B2	0
P28472	Q20MH4	0
Q86XF0	Q20NX5	0
O15287	P30911	0
Q9ULG3	Q99AU3	0
Q9GZX3	P03431	0
Q9H7D0	A4ZNQ3	0
Q9HAF1	Q20MH4	0
Q6P2Q9	Q20MH3	1
Q96AQ2	Q38SQ2	0
Q9BTX3	Q6DPA0	0
Q2HXU8	Q20P38	0
Q6STE5	Q1K9I7	0
P63125	P08276	0
Q9BYV8	Q1K9E3	0
Q8IYA7	P03468	0
Q5VT40	Q91LS8	0
Q14254	Q6DNN3	0
A0A0B4J1Z2	P08276	0
Q9BSE4	Q07FI1	0
Q07954	I7CAR2	0
Q96PU5	Q20MH3	0
P55160	Q0A2M3	0
Q9UKA2	Q33CG5	0
O43248	Q99AU3	0
Q9HCC8	Q6DNN3	0
Q6PIF6	Q1K9I7	0
Q9UKT9	O92551	0
O43623	Q20NX5	0
Q9HCB6	Q9DLK6	0
Q5T1J6	B4URE7	0
Q14240	Q2RBU1	0
Q96GM8	Q1K9I7	0
Q9NS73	A4ZNQ2	1
Q9H4K7	Q91MA7	0
Q6P0A1	P03468	0
Q9Y5R4	Q38SQ9	0
Q6ZNM6	Q20MH3	0
O43246	Q67020	0
P78329	Q99AU3	0
Q13530	Q91LS8	0
Q9H7T3	Q38SR2	0
Q14154	Q8JSN8	0
P78406	P03496	1
P60763	P03433	0
O43868	Q9YXL3	0
P15622	Q1I2B2	0
Q52LC2	A4D8X6	0
P15408	Q38SQ2	0
Q9NUP7	Q5V8Z9	0
Q14524	P0DOF8	0
Q70EL3	Q0A2H0	0
P06127	Q1K9G9	0
P49335	P30910	0
O95201	B4URF7	0
Q6PI73	Q20MD5	0
Q8WXB4	A7UPX0	0
Q13232	A4ZNP8	0
A2RU14	C9S3S8	0
Q8N7C7	Q1WDM0	0
Q96MT0	Q8JSN6	0
P19793	P06827	0
Q96PM5	P68043	0
Q8NI60	A8C8W5	0
O95803	P03431	0
Q8WUK0	B4URE7	1
Q13077	P03466	1
Q5JVG8	Q6DPA0	0
Q9NZ45	Q6DPG0	0
P19544	Q2RBU1	0
Q92504	Q1K9I7	0
A2NJV5	P03428	0
Q8TER0	Q5QF18	0
Q9BUB7	P0DOF8	0
Q86VF5	P69277	0
Q9Y5G6	P06827	0
P0C2W7	Q01639	0
Q7L2H7	H9XIJ5	0
P82664	Q1K9H2	1
P23921	Q0A2M3	0
Q9H788	Q1K9E3	0
Q9NUJ3	Q9Q0U7	0
P11509	Q5L4H4	0
Q96ET8	Q8JSN8	0
Q9NP79	Q5V8Z9	0
P63010	Q6DPA0	1
Q6BAA4	P26053	0
Q96IV0	P31343	0
P53384	A0A0X9JHC1	0
P46108	P04663	0
Q86TW2	Q2PJP0	0
O95467	Q1K9H2	0
O14503	P0DOF8	0
Q0PNE2	Q20MH3	0
Q8TAA5	Q6PNE5	0
Q86WX3	Q1K9G9	0
Q9NPI7	Q20MD5	0
Q9UFH2	Q5V8Z9	0
Q9H2X3	Q01639	0
O75629	P03452	0
Q7Z412	Q2PJP1	0
Q5JQD4	P68043	0
Q5JVG8	Q1K9H6	0
P45973	Q20MH4	1
Q5SW24	Q0A2H0	0
Q10469	B4URE7	0
Q6UXB2	P30911	0
Q8N8J7	B2BU63	0
Q8WU58	Q67020	0
O95886	Q20P38	0
Q96IV0	Q6DPG0	0
Q86T96	A8CDU0	0
P04437	Q20MD5	0
P0CG47	Q9DLK6	1
Q96K80	Q38SQ9	0
Q9UEW3	Q5L4H4	0
O15226	Q20MH3	1
Q9Y6B7	Q8JSN8	0
Q99633	Q20MH3	0
Q9BXX2	C3W5S7	0
O00591	Q6DPA0	0
Q9UHD2	Q1K9I7	0
P45985	Q2VC93	0
Q6NSI3	P03502	0
Q9NZC9	B2BUF1	1
Q96HP8	Q1K9H5	0
Q14028	P03508	0
Q8NHQ1	P03508	1
Q92845	B2BU63	0
Q9H0F5	Q8QPK2	0
Q8NH01	A0A0X9JHC1	0
O95620	Q9YXL3	0
A6NJ69	Q9YXL3	0
Q86WI3	O56264	0
Q5I0X4	Q82506	0
Q8IZL8	D1LN35	0
A0A1B0GVM5	I7CAR2	0
A1L4L8	Q5L4H4	0
P31249	P03502	0
Q58FF7	Q0A2H0	0
Q14728	Q9YXL3	0
Q9NSA1	Q8JSN8	0
Q8ND24	P03485	0
Q8NGR2	Q91MA7	0
P13716	P06821	0
Q96SZ6	B4URA9	0
Q9BXW9	Q20MH8	1
Q96TA0	D1LN35	0
Q9UDY6	Q9WPI5	0
P01116	Q2RBU1	0
Q5T7P8	A4ZNQ2	0
Q99081	Q20MC8	1
P54707	P04664	0
O60885	A8C8W5	0
Q9Y6B2	Q5QF18	0
Q9ULR5	Q0A442	0
Q8WWK9	Q9Q0U7	0
O75015	Q20MD1	0
O15218	P03431	0
P24855	I7CAR2	0
P15036	P30910	0
P0CW24	Q6DPG0	0
Q9Y4X3	H9XIJ5	0
Q86WZ0	P03496	0
Q16537	Q9WPI5	0
Q9UP83	Q6DPG0	0
O43261	Q20MC8	0
Q8TC44	B2BU63	0
Q9NPR9	Q5V8Z9	0
Q6UX52	Q07FI1	0
Q70EK8	Q0A2M3	0
Q6UUV7	Q20MD5	0
Q96RE9	A8CDU0	0
Q96PV0	Q9WPI5	0
P45954	B4URF6	0
Q9H346	Q30NP4	0
A6NLI5	O56264	0
Q9UI26	Q20MH8	1
P62891	Q07FI1	0
P16070	Q20MD1	0
Q9BUB4	O92551	0
Q7L7L0	O56264	1
P68104	Q20MH3	1
P67775	A7UPX0	0
P84085	Q33CG5	0
P11215	Q1K9E3	0
Q9H6L4	Q2F4V2	0
Q9H2H0	P04664	0
P16499	Q0A442	0
Q9UKG1	Q0HD54	0
O95394	Q9WPI5	0
Q93033	Q20NX5	0
Q13562	P08276	0
B4DYI2	P03502	0
P40225	A8CDU0	0
Q9NZQ3	Q38SQ2	0
E5RHQ5	P11133	0
Q9UBF6	A0A0X9JHC1	0
Q07955	Q1K9H2	1
Q641Q2	Q6DPG0	0
Q9BYT8	Q1K9I7	0
P54577	Q0A442	0
Q96LT7	B4URE7	0
O75578	Q20MD1	0
Q68D42	Q38SQ2	0
Q96R28	P08276	0
O95716	Q8QPK2	0
P42771	Q20MH4	0
P63208	Q6DP94	1
Q9Y3A2	Q8JSN5	1
P32121	O92551	0
P42830	A4ZNP8	0
A6NI79	A8C8W5	0
Q5TCZ1	Q33CG5	0
Q9Y672	Q38SQ9	0
Q14331	Q8JSN5	0
P17693	H6QM92	0
Q9P2E3	Q8JSN5	0
P0C875	C3W5S7	0
Q3LI76	Q67020	0
Q13535	P04664	0
O94964	Q91MA7	0
Q96FK6	Q33CG5	0
Q9NPG8	Q6DNN3	0
O00411	Q01639	0
Q8WZ55	P03427	0
A3KN83	Q01639	0
P78545	P0DOF8	0
Q9HC35	P03431	0
Q14103	Q20MH3	1
P51684	Q5QF18	0
Q4G1C9	Q2F4V2	0
Q5XKE5	Q9YXL3	0
O15455	Q20MD2	0
O15259	C3W5S7	0
Q9UKG4	Q1K9G9	0
A8MV57	B4URF7	0
Q14160	Q20MH3	1
Q96CP2	P0DOF4	0
Q9NY33	P03508	0
Q2TAP0	Q1K9H6	0
Q53RE8	Q38SR2	0
Q9NVM6	Q6DPG0	0
O14578	Q2F4V2	0
Q9H3Y6	B4URF6	0
O75290	Q9YXL6	0
Q9HAU8	Q20MD1	0
Q8TEH3	Q99AU3	0
O95456	Q20MD5	0
O60245	P03493	0
Q9BPX7	O92551	0
Q8IUR0	Q20MH8	1
Q8WY21	B4URF0	0
Q9UQC9	A8C8W5	0
Q13889	P11133	0
Q9NTI2	P03466	0
Q5JSH3	Q1K9G9	0
O15068	Q3SBS4	0
Q9HCU4	P03496	0
A6NP11	B4URE7	0
Q68CN4	Q8JSN6	0
Q5VW38	Q2PJP1	0
Q9UBY8	A4ZNQ2	0
A0A0C4DH28	P11133	0
Q587J8	B4URE7	0
Q9NZS9	Q6DP93	0
Q8N8A6	P03452	0
Q7KZN9	Q1K9H2	0
P57740	A0A0X9JHC1	0
P78330	Q6DP93	0
Q8TEQ0	Q20MD1	0
Q8IYR0	P06821	0
O76050	Q20P38	0
Q9UBF1	Q1K9E3	0
Q9UPV7	P30910	0
O43823	B4URF7	1
Q9P2D8	P30910	0
Q9NW07	Q2RBU1	0
A4D0R1	P05780	1
O00629	Q20MD0	1
Q8N9N2	A4ZNQ3	0
Q5VU97	Q6PNE5	0
A6NGZ8	Q8JSN6	0
B7Z8K6	Q9DLK6	0
Q96MC6	P30911	0
Q8N127	Q6DP93	0
Q53GL0	Q9YXL6	0
A6NL82	A7UPX0	0
Q4G0T1	Q20MC8	0
Q5FWF5	P30911	0
P63208	A4ZNQ2	1
Q02156	B2BU63	0
Q8N1W2	P03468	0
A0A1B0GTQ4	P03495	0
P80098	P26053	0
Q9UDY8	Q2PJP1	0
Q9H013	Q6DNN3	0
Q92935	Q5V8Z9	0
P33897	Q6DP93	0
P0CG35	Q6VE52	0
A6NM36	P03428	0
Q08AM6	Q20MH8	1
Q92499	B4URE7	0
P0DKX0	B2BUF1	0
Q8IZV2	Q2PJP1	0
P25929	P03508	0
O15068	Q1K9E3	0
Q96S19	Q9WPI5	0
O43837	Q9YP60	0
Q9BVG8	Q8QPK2	0
P15502	P03493	0
Q8NI51	Q3SBS5	0
O15553	B4URF0	0
P51991	Q20MH3	1
O14607	Q2PJP0	0
Q8TET4	Q9WPI5	0
P04746	P03508	0
Q9Y2T1	P03495	1
Q6P2D0	P03437	0
O14511	P04664	0
Q9NPA3	P31343	0
P80294	Q8JSN5	0
P62684	P03496	0
Q9NQZ3	O56264	0
Q9H4G1	Q8JSN5	0
Q6UWV2	Q2PJP0	0
Q9Y5E8	B4URF6	0
P59074	Q1K9E3	0
Q8TAF3	B4URA9	0
A0A0A0MT76	Q8QPK2	0
Q6VB84	Q1K9E2	0
A6NMU1	Q20MC8	0
P86434	B4URE7	0
P04440	P03495	0
Q86UB2	Q0A2M3	0
P47900	C3W6D7	0
Q6QNK2	B4URE7	0
Q9Y228	Q9YXL3	0
Q6ZN19	Q67020	0
Q8IZ40	Q0A2M3	0
A2IDD5	P03468	0
Q658N2	A0A0X9JHC1	0
Q5JY77	Q8JSN8	1
Q96MR6	Q6PNE5	0
P11142	P05777	1
P13647	D1LN35	0
Q9NS40	Q1WDM0	0
Q5TGI0	P03428	0
P62875	P04664	0
A4D1F6	P30910	0
A0A1B0GVT2	I7CAR2	0
Q8NGK2	B2BUF1	0
Q96Q04	P03431	0
O43808	O56264	0
Q5FWF6	Q67020	0
Q8TAC9	P26053	0
P20062	A8CDU0	0
A6NIY4	Q2F4V2	0
Q9Y5X4	Q30NP4	0
Q9ULH7	A4ZNP8	0
Q9HCQ7	Q33CG5	0
Q9UBW7	P26053	0
Q3BBV2	Q1WDM0	0
O76013	B4URA9	0
Q13634	Q2PJP1	0
Q8N4C6	Q20MH4	1
Q9BRR8	Q20MD2	0
Q5VUJ6	Q20MC8	0
Q9BRK5	B4URF7	1
Q03403	Q20MC8	0
Q86WK7	Q8JSN5	0
Q6W2J9	P68043	0
Q5T751	Q91U50	0
Q2M3R5	P03427	0
Q0P641	P06821	0
Q86SG5	C3W6D7	0
P21283	Q1WDM0	0
Q13077	Q20MD1	1
P0DM35	Q1K9I7	0
Q969E4	Q91U50	0
O14776	Q30NP4	0
Q8NGU1	Q6PNE5	0
Q9H112	Q20MD2	0
A0A1B0GTQ4	P69277	0
A6NI03	H6QM92	0
P33681	A0A0X9JHC1	0
Q6PCB0	Q01639	0
Q9P2W6	O92551	0
Q9Y2Q9	Q9Q0U7	0
Q8NGE0	Q6DPU2	0
P0C0S8	P06821	0
Q8NG57	P03502	0
Q8N3Z3	Q07FI1	0
Q9BZW7	Q1WDM0	0
Q8WZA9	A7UPX0	0
P01215	Q99AU3	0
Q8IYI0	Q0HD54	0
Q9ULH1	B2BU63	0
Q96ED9	P03502	0
Q13705	P03452	0
Q7Z7K6	Q9YP60	0
Q96DN0	P08276	0
Q96L96	Q1K9I7	0
Q8N5C6	O92551	0
P28336	Q6DNN3	0
Q9BTP6	Q91LS8	0
O94911	P03466	0
O00214	D1LN35	0
P43365	P26053	0
Q6ZRZ4	Q82506	0
O14639	Q3SBS4	0
O94986	Q1K9H2	1
Q9UKC9	Q38SQ9	0
Q8IWB7	Q0A2H0	0
Q14195	P30911	0
Q6B8I1	P69277	0
O00451	P26053	0
Q9Y4P8	P69277	0
Q9UGF7	Q1K9G9	0
P68104	Q20P38	0
Q6WQI6	Q5L4H4	0
Q9NYF3	Q9Q0U7	0
Q9H4E5	Q9YXL3	0
P09327	P04663	0
Q9BXL8	A0A0X9JHC1	0
O96002	Q5L4H4	0
Q9NP81	Q20MH4	0
Q99708	P03468	0
Q71UM5	B4URF7	1
Q12772	Q8JSN5	0
Q10471	Q2PJP1	0
Q8TAV4	B4URE7	0
Q8NCT1	Q03909	0
P23396	Q9WPI5	1
Q9Y3D6	P04664	0
Q6P9H4	Q9WPI5	0
Q8NGV6	A8CDU0	0
Q6NS38	Q9YP60	0
P63010	A4ZNQ2	1
E9PJ23	P03508	0
Q6ZP68	P03431	0
Q13867	Q8JSN6	0
Q2TAA8	H9XIJ5	1
P48553	P06821	1
Q9H205	P03508	0
Q96EY4	H6QM92	0
Q8IYL3	Q3SBS4	0
P0C841	Q1WDM0	0
Q5JU00	Q9WPI5	0
Q8TAF7	P03495	0
P61020	Q0A2H0	0
P10589	Q8JSN8	1
Q8N5C7	A8CDU0	0
P0DMU3	B2BUI7	0
Q9GZP0	B4URF6	0
Q96CB9	P06827	0
Q8N6G6	B2BU63	0
Q5T7W7	B4URF7	0
Q96BR1	Q3SBS4	0
P16066	B4URF0	0
Q1W6H9	Q82506	0
P15822	A4ZNQ3	1
A0A0C4DH36	A4ZNQ3	0
Q969I6	A5Z256	0
Q99743	C3W6D7	0
B3KQW1	Q2RBU1	0
Q9P0K1	Q6VE52	0
Q9UEG4	O92551	0
P51825	B2BUI7	0
Q9NV12	B4URF7	0
P31641	A8CDU0	0
Q9Y3A4	Q30NP4	0
O43513	Q33CG5	0
P10916	Q8QPK2	0
Q9H4S2	H9XIJ5	0
P0C7W8	Q8JSN8	0
Q8N9F8	P30911	0
Q9UMR2	A4ZNQ2	0
Q9UL40	Q07FI1	0
Q9Y3Q4	Q1K9E3	0
O60749	Q91MA7	0
Q9P0N5	Q5V8Z9	0
O14530	Q2PJP1	1
Q7RTS7	Q8JSN8	0
O75094	P03427	0
P0CW00	I7CAR2	0
Q9Y4U1	Q6DP93	0
Q701N4	P03493	0
Q701N4	P11133	0
Q7Z4Q2	Q20MH8	1
O43196	Q91U50	0
Q9Y5J7	Q38SQ9	0
Q8N7Y1	A4ZNQ3	0
Q8N2U9	Q82506	0
Q5BKX8	Q6DPG0	0
Q9NX78	Q5QF18	0
Q9H426	Q20P38	0
Q8NHV1	Q2PJP1	0
P0C7U9	Q38SQ9	0
O75396	P68043	0
P55107	Q20MH3	0
Q6UXQ8	P11133	0
Q8IVC4	P03427	0
Q7Z7N9	Q20MH8	0
Q9UK80	P03502	0
Q9C0H5	P30911	0
P50453	Q9WPI5	0
Q9H3R2	Q1K9H5	0
P24588	Q20MD5	0
Q96M29	Q38SQ2	0
Q02083	Q8JSN6	0
Q8NH03	Q9Q0U8	0
Q8N5L8	Q9YP60	0
Q9NQZ8	Q67296	0
P57678	A4D8X6	0
Q8WVF1	Q1K9E3	0
Q86XR5	P03468	0
Q9HCJ3	Q0A442	0
P68371	Q01639	0
O14830	Q6DPU2	0
Q96C86	P0DOF8	0
Q99436	C3W6D7	0
Q96M69	Q1K9E2	0
P36956	Q1K9G9	0
Q96DN6	Q6DNN3	0
A0A075B6I9	Q9Q0U7	0
Q96GX9	P03437	0
P05023	Q1K9H5	1
Q5T6L9	C9S3S8	0
Q9NX46	Q2RBU1	0
Q9H2D6	Q6VE52	0
Q5T5C0	Q9YP60	0
Q96A73	P03495	0
P02765	B4URF7	0
Q9BW30	Q2PJP0	0
Q9Y6T7	Q0A2M3	0
A6NFC9	I7CAR2	0
P57768	P03452	0
P0CL81	C3W5S7	0
Q9GZT9	Q1K9E3	0
Q96NS1	Q01639	0
Q8IWJ2	Q1K9I7	0
P08134	Q9YP60	0
Q14264	Q6DPA0	0
Q96JB2	P03452	0
Q7Z4W2	Q01639	0
Q969N2	O56264	0
Q9BS34	P30911	0
P69892	C3W5S7	0
P31751	Q67296	0
Q14296	Q20MD2	0
Q11206	B4URA9	0
P86397	P03431	0
P07996	A8CDU0	0
Q12891	P04664	0
Q9P0M4	B2BUI7	0
Q86YR6	Q6DP93	0
Q6ZVC0	Q0A2M3	0
Q969X6	Q6DNN3	0
Q9Y247	Q03909	0
Q8NEF3	P68043	0
Q8IYA2	B2BUF1	0
Q53H64	Q20MD1	0
Q8N4H5	B2BUI7	0
P50607	Q6DPA0	0
Q96P67	Q1K9H2	0
Q9H8N7	A4ZNQ3	0
A0A0B4J268	Q2PJP0	0
A0A0K0K1G8	A8C8W5	0
Q8N7G0	P30910	0
Q9HBE1	Q20NX5	0
O60603	A0A0X9JHC1	0
P48050	Q67020	0
O14610	Q6DPA0	0
Q96JB2	Q20MH8	1
Q14410	Q30NP4	0
Q15858	P0DOF8	0
G9CGD6	O56264	0
A0A0B4J240	Q1I2B2	0
Q16777	Q9WPI5	1
Q8WUX1	O56264	0
P29401	Q6DPU2	0
P0C672	Q82506	0
P02545	Q8JSN8	1
Q5T6M2	P31343	0
Q9P2H5	Q3SBS4	0
Q96KQ7	Q1K9E3	0
P05111	Q2PJP0	0
P22460	P03493	0
Q7L2R6	P03452	0
Q9Y692	P03508	1
Q76G19	A4ZNP8	0
P00367	B2BU63	0
C9J7I0	Q1I2B2	0
O15266	P03496	0
Q96CW1	Q38SQ2	0
Q12816	Q0A2M3	0
Q6UX65	Q1I2B2	0
Q08ER8	Q2PJP1	0
Q9Y2I1	P31343	0
P23083	Q2PJP1	0
O75569	Q0A2H0	1
O95229	Q0A2H1	1
O75366	Q91LS8	0
Q86X45	Q5L4H4	0
Q01892	Q2F4V2	0
Q693B1	P03452	0
Q13884	Q82506	0
Q8WVC0	B2BUF1	1
Q8N8R5	H6QM92	0
Q13765	Q99AU3	0
Q3SY00	O92551	0
Q96A04	P0DOF8	0
P11229	Q20MD1	0
P30566	Q6DPA0	0
Q75MW2	Q9Q0U7	0
O75452	Q9Q0U8	0
Q16623	Q38SR2	0
Q6PI98	C3W5S7	0
O15519	P03452	0
P49756	Q20MH8	1
O43820	Q9DLK6	0
Q68D85	P31343	0
Q13619	Q2PJP0	0
O14966	Q30NP4	0
Q9ULZ3	Q20MD1	0
Q96GF1	B4URA9	0
Q9BZL4	Q8JSN8	1
Q96QU8	Q20MH8	1
Q96B86	P03466	0
P19827	Q20MC8	0
H0YM25	P04664	0
Q9UPR3	Q0A442	0
Q9BZE3	Q5QF18	0
Q9UBG7	Q6DP94	0
P15880	P03496	1
Q92540	Q0A2H0	0
Q9UQ53	P69277	0
Q9BZD2	Q01639	0
Q86XI2	Q20MH8	1
O14979	A8C8W5	0
Q4AC94	C9S3S8	0
Q9BVX2	P03496	0
P19099	Q9DLK6	0
P11801	Q6DP93	0
Q8N4E7	Q1K9H5	0
Q8TC05	Q6DNN3	0
Q15070	B4URE7	1
P63123	Q5QF18	0
A0A0K0K1G6	Q1I2B2	0
Q7L775	Q30NP4	0
Q9H300	P06827	0
Q96BN2	A4ZNP8	0
O43423	Q1K9H2	0
Q14562	Q20MD2	0
A0A087WX78	Q6DP94	0
Q9UL18	B4URF6	0
O76071	Q20MH8	1
P00352	Q9YXL3	0
Q7Z4T8	Q3SBS4	0
Q9Y2E8	P06821	0
Q9Y3E7	A4D8X6	0
P51513	Q20MD2	0
Q8N1M1	Q6DP93	0
Q15973	Q91U50	0
Q9UKK3	P68043	0
P05362	Q1K9E2	0
O75425	P03495	0
Q7L592	Q8JSN8	0
Q9Y3A6	O92551	0
Q7RTT9	A4ZNQ2	0
Q86YQ8	A7UPX0	0
Q8N126	Q1K9G9	0
Q8N813	Q20P38	0
Q96K21	P03496	0
Q96JX3	Q38SQ9	0
Q0VAK6	Q38SQ9	0
Q8IYB4	I7CAR2	0
Q9UMR2	P31343	0
Q8NGA5	Q9Q0U8	0
Q5JSL3	Q0A2M3	0
A0A1B0GUW6	P08276	0
O43424	Q2VC93	0
Q9H4E5	B4URF6	0
A0A0B4J245	A4ZNP8	0
Q92503	Q38SQ2	0
Q7Z3V4	D1LN35	0
Q15813	P0DOF8	0
Q86XN8	Q20MH4	0
P48546	Q91MA7	0
Q8IVM0	A0A0X9JHC1	0
Q9UMR7	C9S3S8	0
P08727	A4ZNQ3	0
O95202	Q20NX5	0
Q9BQA5	P06821	0
Q6PI77	P03496	1
Q96EH5	A0A0X9JHC1	0
Q92997	P03485	1
P23327	Q9Q0U8	0
Q8WU67	Q1I2B2	0
A8MUM7	A5Z256	0
Q8NGH8	P26053	0
P20333	Q1I2B2	0
Q8TEA7	Q38SQ2	0
Q9Y3P8	Q5V8Z9	0
Q50LG9	P03431	0
Q9Y462	Q33CG5	0
Q9BXJ9	Q38SQ9	0
Q96RT7	Q1K9I7	0
P46779	P03496	1
O75019	Q8JSN8	0
Q96Q15	Q01639	0
Q5SXM2	Q2PJP0	1
Q7Z5J8	Q20MC8	0
Q13351	P03485	0
Q9UQ49	Q6DPU2	0
Q3MII6	A7UPX0	0
O60427	Q20NX5	0
P15863	B4URA9	0
O60684	Q20MD2	1
Q6UX46	P03428	0
Q8TEB1	C3W6D7	0
O75459	P03437	0
P0C7M7	H6QM92	0
Q15418	C9S3S8	0
Q8NGR9	H6QM92	0
Q8NGM8	Q9WPI5	0
Q9NRQ5	Q6DPA0	0
P04808	B4URA9	0
O75570	Q2PJP0	0
Q969Z3	Q9Q0U8	0
Q8NGL4	Q07FI1	0
Q96BW1	Q5QF18	0
Q8TCT1	D1LN35	0
Q15582	P03452	0
Q9H1D9	Q3SBS5	1
Q96JB3	P11133	0
Q08999	Q5V8Z9	0
Q66K80	B4URF7	0
Q9H0W7	D1LN35	0
Q9HBZ2	P69277	0
Q86VQ0	P68043	0
Q9NQ88	Q20MC8	0
Q9NSI5	Q91LS8	0
Q5BN46	B4URA9	0
Q6ZMD2	B4URF6	0
Q9Y5Z7	Q20MH3	0
Q9NRX6	Q82506	0
P17302	Q1K9G9	0
Q92600	P03496	0
Q9H4E5	P03485	0
P15884	Q6DPA0	0
Q9UIL8	Q20NX5	0
Q8NGC7	Q8QPK2	0
Q05DH4	Q67296	0
Q5JRA6	O56264	0
Q96NF6	O56264	0
P51790	C3W5S7	0
Q8NGG0	Q0HD54	0
Q4ZHG4	Q20MH4	1
Q8IWL3	Q1WDM0	0
Q96SQ9	C3W5S7	0
Q8NGF3	Q2PJP0	0
Q8NGJ7	B2BUI7	0
Q6N063	Q1K9E3	0
O75521	Q6PNE5	0
P28908	Q07FI1	0
O75602	Q6DP94	0
Q8IZU1	A8C8W5	0
Q49A33	Q82506	0
Q9Y3C6	Q1K9I7	0
P53041	Q2F4V2	0
Q5SNV9	Q1K9H6	0
A0A0K0K1A3	Q38SR2	0
Q8NFW5	P06821	0
P05166	Q20MH8	0
P01229	P03466	0
Q00987	Q07FI1	0
Q9BQ04	Q20MH4	0
Q92847	A7UPX0	0
Q6S8J3	A4ZNQ2	0
Q53GT1	A8CDU0	0
Q5JT82	Q6DPA0	0
P43362	Q2VC93	0
Q9H112	A8CDU0	0
P11511	Q6DP93	0
O95971	Q33CG5	0
P43631	B2BU63	0
Q07326	Q1K9H2	0
Q7RTY1	H9XIJ5	0
Q6NUT3	Q6DPA0	0
Q96E66	Q2RBU1	0
Q9P2N7	P11133	0
Q9BX63	Q20MD2	0
A0A1B0GTK5	Q9Q0U8	0
Q9NX38	Q8JSN5	0
P17509	Q0A442	0
Q9UEY8	C9S3S8	0
Q96TA1	Q6DP94	0
Q8NBT3	P0DOF8	0
Q86WN1	Q2RBU1	0
Q9BVI4	Q2PJP0	0
Q13630	Q20MH4	0
P06681	Q1I2B2	0
Q9Y266	Q67020	0
P48775	Q1K9H5	0
Q5JVF3	Q99AU3	1
P05165	Q20MH4	1
Q6ZRX8	Q38SQ2	0
A0A1B0GX31	P30911	0
Q9NX62	B2BU63	0
P08700	Q1K9H6	0
Q8WZ92	Q07FI1	0
Q86Y38	O92551	0
Q8NBT2	C3W5S7	0
O95183	A7UPX0	0
Q96A35	Q20P38	0
Q9Y6M4	Q5L4H4	0
Q8NEG2	P69277	0
Q15067	Q0A2H1	0
P09958	A5Z256	0
Q9Y2D8	P0DOF4	0
O43502	Q91U50	0
P41223	I7CAR2	0
P0CK97	Q1K9H2	0
Q8IWU4	Q07FI1	0
Q2M2I5	Q20P38	0
Q15672	P03452	0
Q9C0B0	D1LN35	0
Q96AA3	Q9YXL6	0
O60239	Q6VE52	0
Q9NZF1	P68043	0
Q8N2E6	Q20P38	0
A0A1B0GUA7	Q1K9G9	0
Q4W5N1	A7UPX0	0
P02794	Q1K9H5	1
Q6P656	Q1K9H6	0
Q15078	C3W6D7	0
Q8NH43	C9S3S8	0
Q03188	Q3SBS4	1
Q8IYL2	P11133	0
Q8TC41	Q1K9E3	0
Q8N431	Q6PNE5	0
Q9NTQ9	Q0A2H0	0
P53539	Q8JSN8	0
Q0PNE2	P08276	0
Q9Y4P3	P03502	0
P49448	P11133	0
O60575	Q6DPA0	0
Q587J8	P04664	0
Q9NZI7	Q91MA7	0
Q9BTD8	Q2RBU1	0
P09471	P69277	0
Q8IVL1	Q2RBU1	0
A6NE82	Q5L4H4	0
Q8IWA6	P03452	0
Q63ZE4	Q30NP4	0
Q2KHM9	I7CAR2	0
Q9H8K7	Q20MH4	0
Q86WI0	Q67020	0
P27540	Q6DP94	1
Q96BY7	Q3SBS5	0
P43366	A8C8W5	0
O14810	Q1K9G9	0
P0DPF4	Q3SBS4	0
P01258	P03437	0
Q9H5Y7	Q38SQ9	0
Q2WGN9	A4D8X6	0
Q9BUE6	A4D8X6	0
Q02577	P69277	0
O95999	P06821	0
O43808	P04663	0
O15013	Q1I2B2	0
Q99470	A8C8W5	0
P51398	Q1K9H2	1
Q9BUD6	Q2RBU1	0
P08865	Q20MH4	1
Q14192	Q9WPI5	0
P49221	B2BUF1	0
Q8N6M6	A0A0X9JHC1	0
P63218	Q9YXL3	0
P78334	D1LN35	0
Q96C28	Q20P38	0
P01241	Q07FI1	0
Q9NZR2	Q0A2H0	0
Q15392	Q6DNN3	0
Q7Z6Z6	Q5L4H4	0
Q96PU8	Q1K9H5	1
B2R4S9	O56264	1
Q9Y2G2	Q99AU3	0
P10619	Q30NP4	0
Q86TU7	Q6VE52	0
Q9ULP9	A4ZNP8	0
Q9H1R2	P03493	0
A6NGE7	Q01639	0
Q93086	B2BU63	0
Q8IVD9	H6QM92	0
Q01831	A4D8X6	0
Q9BW62	P03468	0
Q9Y619	Q01639	0
O00629	H9XIJ5	1
P17483	P03495	0
Q8IYI8	Q8JSN6	0
O95428	P03431	0
P56524	D1LN35	0
P05013	Q20MH8	0
Q96P67	P68043	0
Q08379	P03495	1
P24855	B4URF0	0
Q49A26	Q0A2H0	1
Q68D51	A4ZNQ2	0
Q8NH85	P30911	0
P84085	B4URE7	1
P14784	Q8JSN6	0
Q9HC98	A8CDU0	0
Q5R387	Q1K9I7	0
P46527	P0DOF4	0
Q9BSY4	Q3SBS5	1
Q7Z7J7	P06827	0
O60337	Q20MH8	0
P09683	Q91U50	0
Q8IYR2	P30910	0
Q99928	Q3SBS4	0
Q86YT5	Q2PJP1	0
P31323	P03431	0
C9J2P7	P0DOF4	0
P14770	Q20P38	0
Q96ND0	Q1K9H5	0
Q58WW2	H9XIJ5	1
Q8WWI5	Q20MH8	0
Q6ZMR5	P03496	0
Q6ZV50	A7UPX0	0
Q9BY84	Q2PJP1	0
Q99963	P04664	0
P02042	Q0HD54	0
Q8TEV8	P03466	0
Q8TC20	H9XIJ5	0
Q9BQ61	Q1K9G9	0
Q5SYC1	P69277	0
O94779	Q5V8Z9	0
Q8IZJ4	Q1K9H5	0
Q9BV20	Q1I2B2	1
P02788	P03466	0
Q9Y6X8	Q20MH8	0
Q9BZF1	Q1K9E3	0
Q9H8M2	Q38SQ2	0
Q8N4C7	Q30NP4	0
Q96E93	Q20MD5	0
Q86YR6	Q67296	0
Q9UDW3	C3W5S7	0
Q13075	P04664	0
Q86T29	Q07FI1	0
P13726	H6QM92	0
Q15942	P03496	1
Q96GX5	Q2PJP0	0
Q8IXK2	Q6DNN3	0
Q7L804	P03466	0
Q96G74	P03495	0
P00915	P0DOF8	0
Q8WU43	Q1K9H5	0
P55008	Q9Q0U8	0
O60237	Q20MC8	0
Q02446	P0DOF4	0
P35658	A4ZNQ2	1
P24863	Q6DP94	0
Q9H900	Q20MH8	1
Q13451	Q38SR2	0
A8MTQ0	Q6DP93	0
Q13137	Q1K9H6	0
Q14681	Q9YP60	0
P30566	P03485	0
O60512	A4ZNQ2	0
P49815	Q91MA7	0
Q12912	H6QM92	0
Q9UIW0	P04664	0
Q15834	Q2PJP0	0
Q9H246	P06821	0
Q9H0E9	Q1K9H5	1
Q8N3F0	P03431	0
Q9BVW6	Q1K9H2	0
Q8IYS0	Q20MH8	0
Q96NZ8	Q8QPK2	0
Q8N699	A0A0X9JHC1	0
Q13445	P03437	0
O95201	P03493	0
P11234	Q33CG5	0
Q96EM0	Q2PJP1	0
Q5XLA6	Q0A2M3	0
Q14186	Q8JSN8	0
P30511	P11133	0
Q9Y274	Q20MH8	0
P78545	Q2PJP0	0
O95260	P03466	0
Q5BJE1	Q5V8Z9	0
P62841	P03508	0
P0C7W6	P03508	1
P14222	Q03909	0
Q29980	Q6DP93	0
Q6A555	Q1K9H2	0
Q14162	Q1K9H6	0
A6PVI3	C3W6D7	0
Q7Z5L7	A7UPX0	0
Q9BYE3	B4URF7	0
Q16378	A0A0X9JHC1	0
Q8IZA0	Q0HD54	0
Q96EP9	C9S3S8	0
Q5T9L3	H9XIJ5	0
P0C7V4	B2BUF1	0
P03999	Q6DPA0	0
Q53RD9	Q0A2H1	0
Q13639	P03502	0
Q96KV6	Q9YXL3	0
P06396	Q67020	1
Q5SWX8	A4ZNQ2	0
P09923	Q6PNE5	0
P30531	A8CDU0	0
Q9BQC6	Q5L4H4	0
Q6PK81	P03502	0
Q16720	Q38SQ9	0
Q9BZ81	P03428	0
Q86TL2	Q0HD54	0
O43423	Q5QF18	0
Q3MJ13	Q67020	0
Q96FV3	A8C8W5	0
Q14957	Q5V8Z9	0
Q96S95	Q1I2B2	0
Q63ZE4	A4ZNQ2	0
Q9UKV0	B4URA9	0
P49441	Q8JSN6	0
Q9UJA3	P03493	0
Q15437	Q1WDM0	0
O60229	Q1K9G9	0
Q9P1P5	P11133	0
Q6TFL3	Q8JSN6	0
Q969Z0	Q1K9H2	0
Q16558	B4URF7	0
Q6ZVS7	Q8JSN6	0
P30307	Q1K9E2	0
Q9Y3E7	Q82506	0
P16415	Q1K9H2	0
Q12778	Q30NP4	0
O43716	Q9YP60	0
O95502	A4ZNP8	0
P35318	P03493	0
P55773	P11133	0
L0R8F8	P03493	0
Q92826	Q20MD5	0
P42702	P03466	0
Q9H2H9	Q9Q0U8	0
Q01524	P03437	0
A6NIV6	I7CAR2	0
Q14147	Q07FI1	0
A8MRT5	Q8JSN8	0
Q8NH89	Q2VC93	0
Q8WWY8	Q0A442	0
Q8N2G8	Q9Q0U7	0
Q86UC2	B4URF6	0
Q9NZD8	Q20MH8	0
Q9NPC8	Q20MC8	0
Q9Y3I0	P03496	1
A6NC97	A7UPX0	0
P51828	Q1K9H6	0
Q5HYM0	P03428	0
O75366	P03427	0
Q5U5R9	B2BU63	0
Q8N6L1	Q9Q0U8	0
Q6UXA7	B4URE7	0
Q8TD10	Q20MC6	1
Q8TDQ0	Q9WPI5	0
Q08380	P03496	1
P05109	P03433	0
Q9C093	Q6PNE5	0
P62952	Q2RBU1	0
P36382	Q8JSN5	0
A6NF83	A4ZNQ2	0
O95237	B4URF6	0
Q9P0K1	P30910	0
Q9BQ31	P03495	0
P29558	Q6DP93	0
Q8TBE1	Q1K9H5	0
P23677	B2BUI7	0
Q9GZK4	Q38SR2	0
Q12874	A4D8X6	0
Q9C0D7	Q30NP4	0
Q8NGX8	Q3SBS4	0
Q15024	P68043	0
Q66K14	P06821	0
P09105	Q1WDM0	0
P56696	A5Z256	0
O14645	Q8JSN8	0
Q14160	Q0A2H0	1
Q86WN1	C3W6D7	0
O15305	Q38SR2	0
Q9Y6R0	P69277	0
P04921	A4D8X6	0
O60656	Q0A442	0
Q96SU4	Q20P38	0
Q8NGU4	P03431	0
Q2M2D7	Q0A2M3	0
Q86WS3	Q9Q0U7	0
P01160	C9S3S8	0
Q14147	P03466	0
Q16633	P03468	0
A0A0B4J249	Q8JSN6	0
Q8WVI0	P69277	0
P21695	P03502	0
P25800	P30910	0
A6NI47	C9S3S8	0
Q8IV16	Q0A2H1	0
Q9UQ49	Q1K9G9	0
Q96MT1	Q1K9H6	0
Q9Y646	C3W5S7	0
P28289	P03433	0
Q99836	P0DOF4	0
Q76B58	A8C8W5	0
P43320	B4URF6	0
Q5T3F8	P31343	0
Q8NG50	Q20MH4	0
Q16206	Q6DPU2	0
Q69384	A4ZNP8	0
O95502	B4URE7	0
A6NFE2	H9XIJ5	0
A0A0C4DH69	Q6PNE5	0
Q9UIQ6	Q6DNN3	0
P01715	Q8JSN8	0
Q9BXY8	Q20MD2	0
Q8IWZ6	Q20MC8	0
Q9Y3D0	Q2RBU1	0
Q86SU0	P04663	0
O15155	P0DOF8	0
Q01826	Q1K9H2	0
Q8NC69	Q2PJP0	1
Q9H4Z2	P04663	0
Q6NSI1	Q1K9H5	0
Q9NQX0	Q20MH4	0
P08758	Q2PJP1	0
Q5JPI9	Q6DPU2	0
Q13523	Q6DPU2	0
P50613	Q3SBS4	0
P82912	B4URF0	0
P48066	Q20MD5	0
P23946	Q1K9H2	0
Q9P203	Q20MD1	0
P78333	Q8JSN5	0
Q6ZTQ3	Q99AU3	0
O43676	Q9Q0U8	0
P17027	Q2PJP0	0
Q8IXM6	O56264	0
Q92902	P31343	0
Q9H4M7	Q6DPA0	0
Q53F39	Q3SBS4	0
Q9Y2H5	Q0HD54	0
Q49A92	Q33CG5	0
Q9H190	P03485	1
Q53HC0	P03508	0
Q9NWV4	C9S3S8	0
Q9H2E6	Q9Q0U8	0
Q9NY87	Q5L4H4	0
A0A075B6J6	B4URE7	0
O75165	Q3SBS5	0
P56211	Q9DLK6	0
Q5THR3	P03431	0
Q6BDS2	Q99AU3	0
Q96BY9	Q6DNN3	0
Q08345	B4URF6	0
Q9H944	Q33CG5	0
P13569	P06821	0
Q15612	Q2PJP1	0
Q13129	A5Z256	0
A0A0C4DH32	Q20MH8	0
Q4JDL3	Q8JSN8	0
Q7Z6I6	Q9DLK6	0
Q9NPL8	C3W6D7	0
Q00526	B2BUI7	0
Q9BQY6	P30910	0
Q96EZ8	Q9DLK6	0
Q08AG5	Q1K9H6	0
Q5JVS0	Q33CG5	0
Q8IX94	Q20MD5	0
Q56UQ5	B4URE7	0
P30085	Q99AU3	0
Q86UQ0	P03452	0
Q70CQ3	Q0HD54	0
P10915	Q03909	0
Q9BRG2	Q67020	0
Q8N4C7	P04663	0
P42766	Q0HD54	1
Q96HT8	Q20MH3	0
Q9H903	A8CDU0	0
Q9H3S1	Q20MD5	0
Q9NPH9	P30911	0
A8MWV9	B4URF7	0
Q8NB49	P0DOF4	0
Q8NI08	H9XIJ5	1
Q96G23	Q38SR2	0
Q9BY77	P03428	0
Q9NUY8	A4D8X6	0
P10620	B2BUF1	0
Q96RV3	Q9DLK6	0
Q9NX76	P08276	0
P35398	A0A0X9JHC1	0
Q01650	Q6DPU2	0
Q9BV38	B2BUF1	1
P61204	B4URE7	1
O75764	Q1K9G9	0
Q6ICH7	B4URA9	0
Q9UL41	Q20MH8	0
Q9BY71	Q2RBU1	0
Q15195	A4ZNP8	0
Q93045	Q67020	0
O43439	Q1K9H2	1
Q12965	Q91U50	0
P59910	Q2F4V2	0
Q9P1Z3	Q1K9E2	0
Q6ZXV5	B4URA9	0
P49748	B4URE7	0
Q8N8P6	P06821	0
P13688	Q38SR2	0
Q13740	P03508	0
P40939	Q20MH8	1
Q6R2W3	Q9YP60	0
Q8IYL2	Q6VE52	0
P19793	Q38SR2	0
O00488	Q20MD2	0
Q9UI95	Q20MH8	0
Q4W5G0	Q9Q0U8	0
Q9BR46	Q2PJP1	0
Q03014	P69277	0
Q9NXF8	Q91U50	0
A6NHQ4	Q38SR2	0
Q9H4Q3	P03466	0
Q16795	O92551	0
Q9P2N6	P31343	0
C9JN71	B4URF7	0
Q6NXP2	Q9Q0U7	0
A8MUZ8	Q9Q0U8	0
Q6PD74	Q0A2M3	0
Q7Z602	Q3SBS4	0
Q13103	Q9Q0U7	0
A6NM43	Q01639	0
P61550	P04664	0
Q13268	Q0A2M3	0
Q6ZRS4	Q67020	0
Q6UXK2	Q03909	0
Q9UHW5	B2BUF1	0
Q9NRG7	A5Z256	0
A6NNY8	Q6DPU2	0
Q16378	Q5V8Z9	0
Q92604	P30910	0
Q7L7V1	I7CAR2	0
O60307	Q20MC8	0
Q8IVL8	P06821	0
Q9H792	P30911	0
Q12951	Q01639	0
Q8N9H6	P03437	0
O43143	Q20MH3	1
Q8NGY7	Q3SBS5	0
O60486	H9XIJ5	0
Q9NVI1	Q38SR2	0
P19429	Q0A2H0	1
Q8IXT5	P03466	0
Q09161	P04664	0
P83111	Q8JSN6	0
P23527	O56264	1
Q8IVG5	P03437	0
Q6B8I1	Q2RBU1	0
Q8IZ07	A5Z256	0
P60369	P03452	0
Q9BW61	Q6DPA0	0
Q9GZS3	Q20MH4	0
Q6ZRI6	P04663	0
Q9UKY7	Q6DP93	0
P43686	P03427	1
O00217	Q03909	0
P22680	Q2RBU1	0
O76080	Q03909	0
P43364	Q20MD1	1
Q9HB75	Q30NP4	0
Q9Y5U2	Q2F4V2	0
Q9NZH7	A4ZNQ2	0
Q9UNT1	Q91LS8	0
Q96C03	Q0A2M3	0
Q13017	Q2F4V2	0
P0DKV0	P30910	0
Q00973	P03495	0
Q8IXQ6	Q30NP4	0
Q6UXV0	Q9YP60	0
O75051	Q6DNN3	0
Q86SX6	B4URE7	0
Q86TT2	Q0HD54	0
Q8NBS3	Q91LS8	0
P0CL84	Q1K9H2	0
A6NK06	P69277	0
Q96GG9	Q0A2H1	0
P0DPK4	Q0A442	0
P49841	Q9YXL6	0
P60468	Q1K9H5	1
Q8N461	B4URF0	0
A6NDP7	B2BUF1	0
Q6UXM1	B2BUI7	0
B0LPF3	Q8QPK2	0
A6NHG9	P04664	0
B4DH59	P30911	0
Q15056	Q2RBU1	0
Q9NYK1	P69277	0
O43347	P03468	0
P60368	Q91MA7	0
Q6ZNB6	Q1K9G9	0
Q9BRJ9	A4ZNQ3	0
B4DUC8	P03496	1
Q8TAQ9	Q6PNE5	0
Q9BW19	P11133	0
P59190	Q38SQ9	0
Q9BY71	P03428	0
P62888	Q0HD54	1
P55899	Q1K9E3	0
O60704	B4URF6	0
P69905	P03437	0
P01909	B2BUF1	0
Q86SM5	P69277	0
P42357	Q01639	0
Q8N823	Q2VC93	0
Q8N720	P68043	0
P41968	Q8JSN6	0
Q9H6B1	P30910	0
Q9BRL6	P03495	0
Q96RG2	I7CAR2	0
P25815	Q1K9E2	0
P13667	Q9WPI5	0
Q6H3X3	P11133	0
Q92673	Q2PJP1	0
O95522	A4ZNQ3	0
Q659C4	A4ZNQ2	0
Q8NFP0	Q03909	0
Q06547	Q1K9E3	1
Q9BZW2	P30910	0
P49789	O56264	0
P54840	Q6DNN3	0
Q9NWW6	Q0A2H0	0
Q9UPP5	Q6DPA0	0
Q8IU89	Q8JSN6	0
P49901	D1LN35	0
Q8N4G2	A7UPX0	0
Q5T160	Q91MA7	0
Q8NEK5	Q6DP93	0
Q9NWH2	Q6DPA0	0
Q15077	Q1K9H2	0
Q9NYK6	P03485	0
Q9UJX0	P11133	0
Q9Y238	P03427	0
Q9BU40	P03433	0
P15907	A4ZNP8	0
Q9UFF9	Q0A442	0
P13236	P03468	0
Q3MJ13	P03428	0
P00390	Q67020	0
P0C843	Q67296	0
Q86UQ5	P03433	0
P54219	Q1K9E3	0
A0PJX8	A0A0X9JHC1	0
Q9QC07	B4URF0	0
Q6IN97	B4URA9	0
Q96JC1	Q1K9H2	0
O14639	Q20MH3	0
Q8N8A8	P30910	0
Q9NUT2	P03468	0
Q9HCE3	Q9YXL3	0
Q96PY6	Q2PJP0	0
Q9UPW0	Q6DNN3	0
P49720	P03493	0
Q8N3T6	Q38SQ9	0
Q00888	Q20MC8	0
O43313	B2BUF1	0
Q0VAA2	Q3SBS5	0
Q8IZY5	Q9Q0U8	0
Q9H0E3	D1LN35	0
Q86WI0	A8CDU0	0
Q7L190	P03485	0
Q6L8H2	Q9YXL6	0
O75909	Q9WPI5	0
P50993	Q9YXL6	0
Q9NUD5	B4URA9	0
A6NLP5	P03452	0
Q96H35	A7UPX0	0
Q9BPX5	P03452	0
Q9HAB8	Q9WPI5	0
Q9BX68	Q3SBS5	0
O14798	Q9DLK6	0
Q14031	I7CAR2	0
Q8TDQ0	Q9DLK6	0
P82912	P0DOF8	0
C9JTQ0	Q9Q0U7	0
O60231	P03508	0
O60239	Q5V8Z9	0
O75899	C3W5S7	0
Q96I15	H6QM92	0
Q92623	P68043	0
Q96QA6	B4URF6	0
Q02108	P31343	0
O96000	P04664	0
Q14596	Q8JSN8	1
Q01518	Q2PJP0	0
Q658Y4	H9XIJ5	0
Q8IYF3	Q20MC8	0
Q9UQR0	H6QM92	0
Q8N5N4	Q6DP94	0
P02795	Q20MD1	0
P06729	Q20NX5	0
A7MCY6	P30910	0
P01742	Q0A2M3	0
Q8N2M8	P03431	0
P78560	Q99AU3	0
Q5TG30	P03495	0
Q9UKG9	Q8JSN5	0
Q6UWQ7	Q6DP94	0
Q86XW9	A8C8W5	0
Q9H3N8	Q20MH4	0
Q4G0U5	Q6DPG0	0
Q96L03	B2BU63	0
Q13838	Q8JSN6	0
Q8N4C7	P03428	0
Q9ULV8	Q0A2H1	0
P12830	P03466	0
P0DN24	Q9YXL6	0
P35268	Q9WPI5	1
Q7Z3Y8	B4URE7	1
Q14161	Q6DPG0	0
Q96GQ7	P03428	0
A1L4H1	P04663	0
Q96C57	Q5L4H4	0
Q8NHU3	B4URF0	0
Q2M2D7	Q2VC93	0
Q6WRX3	Q1K9E2	0
Q3SY77	P0DOF4	0
Q5HYJ3	A8C8W5	0
Q8IXW5	Q91MA7	0
Q9H354	P0DOF8	0
P27540	Q2PJP1	1
Q9BUA6	P11133	0
Q15361	Q9WPI5	0
Q9UHX1	Q1WDM0	0
P51993	Q6DP93	0
Q9NZ32	A0A0X9JHC1	0
Q969V1	P0DOF8	0
P49069	P08276	0
Q7Z5K2	Q20MH4	0
Q6ZMS7	B4URE7	0
P49419	P03433	0
Q14563	P06821	0
Q12906	A4ZNQ3	1
Q9Y6X0	Q33CG5	0
Q86WI0	Q9YP60	0
Q12981	P68043	0
P62318	O56264	1
Q9NWR8	Q1K9G9	0
Q9UPR6	Q01639	0
Q5JSH3	C3W5S7	0
P62917	P03427	1
Q8NCS7	P03468	0
P01286	P06821	0
Q9NXU5	Q9WPI5	0
O60330	P26053	0
Q2M243	P03508	0
Q9C0F0	A4ZNP8	0
A0A1B0GTY4	B2BU63	0
Q92563	Q38SR2	0
O14802	Q1K9E3	0
P01857	Q20P38	1
Q5JVS0	P03437	0
P54750	A4ZNQ2	0
Q5MCW4	Q20MD2	0
Q969I6	P03428	0
Q16891	P26053	0
Q9BZW2	Q1WDM0	0
Q7Z7J9	P04663	0
O15540	B4URE7	0
Q495Y8	Q5L4H4	0
Q9NR56	O92551	0
Q6UW02	O92551	0
Q9NX46	B4URE7	0
Q6NS38	A5Z256	0
Q9UMQ6	Q2RBU1	0
Q5PSV4	P04664	0
Q8WV60	P31343	0
Q14696	P03433	0
Q14593	H9XIJ5	0
Q9UBX7	C3W6D7	0
Q9BX40	Q9YXL6	0
Q9Y6R6	Q0A2H0	0
P78346	Q20MD2	0
Q96M86	Q01639	0
Q8TB96	Q9YP60	0
Q9BT78	Q3SBS4	0
P02774	P03427	0
Q8TBB0	Q6VE52	0
Q7RTR0	P03496	0
Q8NH92	Q9YXL6	0
O94921	Q9Q0U7	0
Q9H091	H9XIJ5	0
Q8IUX1	P69277	0
Q15907	Q82506	0
O60688	A4D8X6	0
Q6P161	P03495	0
Q16740	A4ZNP8	0
O75387	Q20MD5	0
Q8NC96	C3W6D7	0
P80404	P03427	0
P31314	Q03909	0
A6NH52	Q20MH8	0
Q7Z5J1	A7UPX0	0
P08709	Q6DP94	0
P14635	Q2PJP1	0
Q9UNK9	I7CAR2	0
P0DPF6	Q9Q0U7	0
Q8NEN9	Q6PNE5	0
Q9BWT3	Q38SR2	0
Q7Z388	Q38SQ9	0
A3QJZ7	Q3SBS5	0
A8MWV9	P03431	0
O95872	Q0HD54	0
Q5TDP6	B4URF0	0
Q9C075	Q20NX5	0
O14931	Q6DPG0	0
P0C6C1	B4URF6	0
Q13322	Q9YXL6	0
Q9Y5F3	Q2PJP1	0
P58549	A4ZNQ3	0
Q5TG53	Q20NX5	0
Q99755	Q6DPA0	0
O95057	A4ZNP8	0
Q15493	Q6DNN3	0
Q2TAC2	A0A0X9JHC1	0
Q9UKY0	P03502	0
Q7Z7G8	Q2PJP1	0
A6NNL5	P03428	0
Q96JN2	Q07FI1	0
O75718	P03427	1
Q9NVH1	P03508	0
A8MWK0	Q38SR2	0
Q07954	P03508	0
O95800	Q67020	0
Q8TAE8	Q0HD54	0
P42574	P30911	0
Q8NEL0	Q1I2B2	0
Q7L1W4	B4URF6	0
Q6NSX1	Q20MH4	0
Q04446	P0DOF8	0
P13647	P30910	0
Q8TD30	D1LN35	0
P40616	P03466	0
P59780	Q91MA7	0
Q6NSJ5	Q0A442	0
P63220	Q0HD54	1
J3KR69	Q0A2H0	0
Q9C0H5	Q1K9E3	0
O60245	Q1K9G9	0
P20132	Q20MD2	0
Q9NPA1	Q8JSN5	0
Q6ZUT9	B4URF7	1
Q149M9	O56264	0
Q5VWN6	P03433	0
A6NCN8	P0DOF8	0
Q5VWM4	A4ZNQ2	0
Q96SB8	Q1K9I7	0
Q96RN5	Q6PNE5	0
P61626	B4URF6	0
Q9Y2U5	P03495	0
Q9ULX3	P03428	0
P0C628	B4URF7	0
Q13064	P03508	0
Q9UQB3	P03508	0
P26651	Q5V8Z9	0
P42345	Q20MH8	1
Q8NH05	P03508	0
W5XKT8	B4URF6	0
Q13620	C9S3S8	0
Q8WXK1	A0A0X9JHC1	0
P55081	Q67020	0
Q9BQ31	P69277	0
Q75L30	Q9Q0U7	0
Q9BV79	Q6DPU2	0
Q9Y6A1	I7CAR2	0
Q9Y4X3	B4URE7	0
P25789	B4URF7	1
Q9Y5S2	Q0A2H0	0
Q92733	A0A0X9JHC1	0
O75508	P03496	0
Q9NPJ1	B4URF6	0
O75674	B2BUF1	0
Q8NGZ3	H6QM92	0
Q8NFZ3	H6QM92	0
Q6UXR6	Q82506	0
Q9NV44	Q03909	0
Q6GPH6	O92551	0
Q8NGI6	Q82506	0
Q5T7V8	A8CDU0	0
Q495M3	Q67020	0
P12271	Q20MD1	0
Q8WXF7	A0A0X9JHC1	0
Q9ULZ2	P03468	0
Q13287	Q1K9H6	1
Q9ULG6	P04663	0
Q9Y651	Q9DLK6	0
Q9NYW8	Q0HD54	0
Q96LM5	Q1K9H6	0
P43360	Q20MD1	1
P47893	B2BUF1	0
Q9UNA1	Q1K9H6	0
Q3KQZ1	Q1K9H5	0
O75953	A4ZNQ2	0
P01733	Q0A2H1	0
P78410	Q1I2B2	0
Q6L8G5	Q8JSN8	0
Q96SB8	Q3SBS4	0
Q96GK7	Q2F4V2	0
O60307	Q9YXL6	0
Q9H3K2	P03437	0
Q8NGJ5	Q30NP4	0
Q3I5F7	Q30NP4	0
Q8N8V2	Q1K9H2	0
P07942	Q91LS8	0
Q2TB10	Q07FI1	0
P54136	Q20MH8	1
P28300	Q9Q0U7	0
Q07065	Q1K9H5	1
Q9GZV7	Q9DLK6	0
Q8TBE1	P03466	0
P23434	P03433	0
A0A0A6YYK6	C3W6D7	0
O94804	D1LN35	0
P29401	Q8JSN5	1
Q86X55	A4ZNQ2	0
Q9H2F9	A7UPX0	0
Q16609	Q03909	0
P52757	P03428	0
Q99622	Q6DP94	0
Q9NS61	P04664	0
Q9Y6H6	D1LN35	0
Q9BZW5	Q20NX5	0
P0C645	B4URF0	0
Q9NPJ4	Q5L4H4	0
Q9Y5I7	Q20MH3	0
Q15131	Q20P38	0
Q99062	P03437	0
Q15633	A4ZNQ3	1
Q4G176	Q0A2H0	0
Q8NI27	Q20MH8	1
P33947	A8C8W5	0
Q9HCN3	Q33CG5	0
Q8N3A8	Q82506	0
P02724	P03428	0
P0CB38	Q20MH3	1
Q9BSM1	Q9YXL3	0
P35268	Q0HD54	1
Q6PI47	Q6DP93	0
O75446	P26053	0
P48169	Q82506	0
Q8WTS1	Q8QPK2	0
O94886	P30911	0
Q92785	P03468	0
Q5JSS6	Q67296	0
P01718	A4ZNP8	0
Q7RTV5	P08276	0
Q8NG97	Q6DPG0	0
Q9UEE5	P68043	0
P49888	Q20MD1	0
P80748	Q2PJP0	0
Q6V1P9	Q5L4H4	0
Q7RTP6	Q2PJP0	0
Q9H4A5	Q0HD54	0
Q9H313	Q20MD2	0
P17035	Q20MD5	0
O15212	P04664	0
O43889	P03452	1
