DIP-38639N	Q03112
DIP-40037N	P08648
DIP-1057N	P10242
DIP-29260N	P63000
DIP-59334N	Q9UBD6
DIP-60091N	A8MYU2
DIP-34565N	P56524
DIP-17038N	P02774
DIP-3775N	P20809
DIP-5793N	P36894
DIP-57842N	Q9H0F6
DIP-38212N	Q12789
DIP-59917N	Q6NZ36
DIP-60627N	Q9NY25
DIP-6230N	P50591
DIP-30932N	P06748
DIP-38524N	Q15022
DIP-24186N	P78527
DIP-31610N	Q13619
DIP-46861N	Q9NTG7
DIP-5878N	P78423
DIP-52337N	P16298
DIP-38503N	P38432
DIP-42464N	O00141
DIP-33405N	O15131
DIP-44025N	Q9C0K0
DIP-42671N	Q9Y5K5
DIP-50497N	Q5JVF3
DIP-46246N	P16066
DIP-32972N	P52701
DIP-24235N	P07992
DIP-34311N	Q13507
DIP-57685N	P28370
DIP-56450N	Q9UJX5
DIP-45974N	Q15672
DIP-60896N	Q71RG4
DIP-29218N	P43490
DIP-32504N	O14776
DIP-38903N	O14939
DIP-1030N	P08571
DIP-57013N	Q96G28
DIP-31812N	Q13094
DIP-29846N	Q9NQT4
DIP-212N	Q04771
DIP-53541N	Q96G74
DIP-56934N	Q9NUJ1
DIP-24209N	Q9Y6B7
DIP-32635N	Q9H9E3
DIP-27580N	P33993
DIP-37546N	P10909
DIP-40658N	Q15109
DIP-29371N	P68431
DIP-33015N	O60333
DIP-5877N	Q9Y258
DIP-24245N	Q13363
DIP-61280N	Q8WVL7
DIP-37869N	O75865
DIP-35642N	Q9UIG0
DIP-33609N	Q15811
DIP-32494N	Q99689
DIP-40034N	Q99496
DIP-1051N	P08631
DIP-48921N	O43505
DIP-40925N	P98155
DIP-505N	Q13487
DIP-44291N	P20309
DIP-48294N	P54764
DIP-35196N	O75385
DIP-60098N	Q9H3R0
DIP-32970N	P49368
DIP-36772N	Q13951
DIP-52784N	Q16763
DIP-519N	P28482
DIP-46894N	Q13243
DIP-59080N	Q9BT43
DIP-48533N	O43633
DIP-4014N	P11487
DIP-47273N	Q96AE4
DIP-5768N	P35070
DIP-29750N	P05455
DIP-59489N	A4D2P6
DIP-29832N	P63146
DIP-29979N	P49407
DIP-318N	P19784
DIP-38481N	Q15139
DIP-46677N	P09467
DIP-40729N	P49418
DIP-38367N	P35658
DIP-31262N	Q12769
DIP-58611N	Q6UVW9
DIP-33494N	O15047
DIP-17019N	Q15080
DIP-48633N	Q2VPK5
DIP-41935N	Q96PU5
DIP-59484N	Q96F15
DIP-38124N	P50990
DIP-46656N	O75475
DIP-5892N	Q07325
DIP-32975N	O95831
DIP-46387N	P00749
DIP-48969N	O43716
DIP-787N	Q13889
DIP-60601N	O75665
DIP-29714N	Q14643
DIP-38839N	P26045
DIP-59790N	Q9NR31
DIP-50458N	O75396
DIP-35419N	Q29RF7
DIP-46195N	P42263
DIP-50901N	Q96P16
DIP-57556N	Q14213
DIP-309N	P01019
DIP-47624N	Q4G0J3
DIP-48293N	O43921
DIP-6048N	O15123
DIP-29482N	Q96CN5
DIP-42669N	Q9H816
DIP-5714N	P04629
DIP-6135N	P08709
DIP-161N	P24941
DIP-39650N	Q6IAA8
DIP-558N	P09619
DIP-29051N	P25686
DIP-50030N	Q9ULT6
DIP-39983N	P51608
DIP-57138N	P55317
DIP-61551N	P11686
DIP-34459N	P45974
DIP-38645N	P04062
DIP-34900N	Q16820
DIP-48757N	Q01826
DIP-50359N	P67812
DIP-44121N	Q9H171
DIP-61552N	Q9ULD0
DIP-5896N	P09341
DIP-56460N	O95997
DIP-57510N	Q9Y2J4
DIP-5890N	O14625
DIP-40995N	P47813
DIP-654N	P22415
DIP-59221N	Q92854
DIP-265N	P53618
DIP-31088N	O75496
DIP-483N	P01579
DIP-43936N	Q96RD7
DIP-56900N	Q2NKJ3
DIP-5911N	P42830
DIP-56276N	Q9H792
DIP-35183N	P14921
DIP-38213N	Q8WUA4
DIP-31600N	Q9NZ52
DIP-29678N	Q9UBS4
DIP-5732N	P19235
DIP-24230N	O00716
DIP-35570N	P18206
DIP-40062N	Q9Y657
DIP-773N	P49848
DIP-29683N	P99999
DIP-204N	Q05195
DIP-37562N	Q9UKE5
DIP-48838N	Q8NHV4
DIP-34055N	P00966
DIP-33489N	P58753
DIP-32490N	Q8WWW0
DIP-34970N	P26010
DIP-32846N	Q00597
DIP-24262N	O43679
DIP-33204N	O60264
DIP-29224N	Q15291
DIP-31047N	Q06481
DIP-59044N	Q9H0M4
DIP-76N	P19878
DIP-38260N	Q9UQL6
DIP-45598N	Q9Y385
DIP-48794N	Q9Y6D5
DIP-27548N	Q99460
DIP-17035N	Q9Y2J2
DIP-52853N	Q12899
DIP-686N	Q00526
DIP-32869N	Q9NSD9
DIP-59532N	O00180
DIP-60449N	Q5XUX0
DIP-32589N	O43463
DIP-36432N	P40938
DIP-33103N	P35579
DIP-39770N	Q13554
DIP-42487N	Q9H4B7
DIP-91N	P42684
DIP-29830N	Q15819
DIP-60317N	P02750
DIP-5740N	P15692
DIP-41944N	O75618
DIP-35775N	Q7RTN6
DIP-36128N	Q13188
DIP-61136N	Q15165
DIP-531N	P17252
DIP-354N	P18848
DIP-41998N	Q9HC29
DIP-59850N	P61328
DIP-39750N	Q13627
DIP-47433N	P21281
DIP-46563N	Q9BXC9
DIP-33401N	P35348
DIP-35445N	Q7Z434
DIP-24172N	P40855
DIP-32862N	P21796
DIP-41928N	Q01970
DIP-29686N	P60709
DIP-41158N	Q96FW1
DIP-59632N	Q96QT6
DIP-34061N	Q8IXH7
DIP-1162N	P29323
DIP-35406N	O14807
DIP-56407N	P51825
DIP-270N	P45984
DIP-29913N	P10997
DIP-41388N	P56817
DIP-27522N	Q99558
DIP-638N	P20248
DIP-59421N	P07333
DIP-109N	P15924
DIP-29919N	P46531
DIP-44269N	P30086
DIP-32584N	Q9Y243
DIP-44692N	P08651
DIP-1122N	P21926
DIP-44588N	P24723
DIP-43763N	Q8TEJ3
DIP-35645N	Q13464
DIP-46735N	Q15388
DIP-37970N	Q8N3Y1
DIP-27627N	Q9NR28
DIP-32959N	Q9UJX2
DIP-32496N	Q12873
DIP-24215N	P18858
DIP-36661N	Q8NHY2
DIP-6024N	P01308
DIP-31471N	Q13503
DIP-60183N	Q9H0W5
DIP-5995N	P50613
DIP-47460N	Q9BTC8
DIP-34586N	Q9NQT8
DIP-17042N	O75146
DIP-44670N	P11279
DIP-33341N	P46527
DIP-48973N	Q16790
DIP-102N	P61024
DIP-56235N	Q6IA86
DIP-38319N	P00751
DIP-49905N	P52943
DIP-33087N	Q9H0H5
DIP-17039N	Q9Y4G6
DIP-51264N	Q9Y4E5
DIP-24187N	P15927
DIP-31113N	P55884
DIP-372N	P20338
DIP-29697N	O95251
DIP-39668N	P20340
DIP-31289N	Q8IZD4
DIP-50613N	Q07954
DIP-6162N	P38117
DIP-34186N	Q02156
DIP-100N	P19174
DIP-6246N	P17813
DIP-1063N	P62820
DIP-368N	P04637
DIP-53427N	Q96D46
DIP-36719N	O95219
DIP-186N	P24588
DIP-199N	P46108
DIP-27593N	Q9UKB1
DIP-51621N	Q5VSL9
DIP-34436N	O43663
DIP-31146N	Q9H1J1
DIP-48857N	Q9H2X0
DIP-32982N	O00629
DIP-33403N	P13497
DIP-57384N	O15400
DIP-29467N	Q04323
DIP-31137N	P14174
DIP-56282N	P08172
DIP-884N	Q12965
DIP-31516N	O95835
DIP-53284N	P51810
DIP-61452N	P08913
DIP-42076N	P61201
DIP-2738N	P02787
DIP-711N	P46939
DIP-31701N	O94986
DIP-36N	P08047
DIP-162N	P08887
DIP-6232N	O75888
DIP-1058N	P01111
DIP-232N	Q07812
DIP-50581N	O43324
DIP-37535N	P14210
DIP-285N	Q15628
DIP-29188N	Q6ZYL4
DIP-33244N	Q09161
DIP-37617N	Q9P2W9
DIP-40608N	Q9Y6E0
DIP-31256N	Q7L2H7
DIP-53826N	Q7Z6B7
DIP-41246N	O15315
DIP-35418N	Q8N3U4
DIP-48285N	Q9Y5R8
DIP-29667N	P04275
DIP-38123N	P78371
DIP-29263N	P51795
DIP-1124N	P02748
DIP-41480N	O00499
DIP-41135N	Q9P0L0
DIP-29084N	Q9UFF9
DIP-27628N	Q9UER7
DIP-430N	Q16531
DIP-31292N	Q9NPI6
DIP-48284N	A5PLN9
DIP-50375N	P48444
DIP-44337N	O00254
DIP-60903N	P36871
DIP-52312N	P31273
DIP-41809N	O75569
DIP-48791N	P32245
DIP-59245N	Q92784
DIP-53651N	Q9H6E5
DIP-50012N	O15014
DIP-31135N	Q13111
DIP-48931N	Q9Y2V7
DIP-37761N	Q92783
DIP-31143N	Q9BZI7
DIP-37566N	Q9NYB9
DIP-29465N	Q96GS4
DIP-231N	Q07820
DIP-30916N	Q07817
DIP-30878N	Q99873
DIP-31467N	A0JLT2
DIP-31097N	P60953
DIP-61398N	Q6IQ20
DIP-48831N	O94927
DIP-49933N	P10451
DIP-40640N	P17542
DIP-42491N	P61106
DIP-31183N	Q14839
DIP-42216N	Q15631
DIP-786N	Q13888
DIP-35354N	P37840
DIP-32524N	P61086
DIP-40865N	P51003
DIP-33034N	Q9Y6N7
DIP-5720N	Q16620
DIP-24223N	O14867
DIP-35684N	Q8IUQ4
DIP-53227N	Q9H9T3
DIP-6204N	Q14974
DIP-60405N	O95822
DIP-37594N	Q5SW79
DIP-48832N	Q68CZ6
DIP-29723N	O43524
DIP-42001N	Q96CV9
DIP-37516N	Q7L523
DIP-33964N	Q16875
DIP-29106N	P62834
DIP-5997N	Q15596
DIP-89N	P19338
DIP-42378N	Q08AE8
DIP-60347N	Q8TAM1
DIP-5970N	O75925
DIP-59826N	Q14416
DIP-32963N	Q9UKV3
DIP-42503N	Q6UN15
DIP-60580N	Q15468
DIP-486N	P35968
DIP-46897N	Q7Z6E9
DIP-53688N	Q9UK99
DIP-31115N	O75821
DIP-5934N	P01137
DIP-58064N	P57058
DIP-36666N	Q04726
DIP-29884N	O75581
DIP-2653N	Q15916
DIP-49017N	Q12955
DIP-57724N	Q03252
DIP-421N	P06899
DIP-32845N	Q9HB96
DIP-3782N	P25025
DIP-6115N	P00734
DIP-43696N	Q93034
DIP-6152N	P37108
DIP-38410N	Q96MS0
DIP-48432N	P22692
DIP-29013N	Q9BWU1
DIP-46272N	Q92859
DIP-30997N	Q9Y5X1
DIP-40568N	Q9Y4R8
DIP-35421N	Q8WVM7
DIP-38247N	P51812
DIP-59912N	O15054
DIP-61451N	P13945
DIP-41617N	Q495M9
DIP-50011N	Q14766
DIP-52760N	Q92804
DIP-44940N	Q13635
DIP-58639N	P16581
DIP-29085N	P03951
DIP-46409N	P51151
DIP-41703N	Q96QF0
DIP-34362N	Q7Z6Z7
DIP-31457N	Q9BTT4
DIP-40309N	O95155
DIP-58583N	O60494
DIP-33934N	Q9NS37
DIP-33372N	Q99700
DIP-42429N	P25098
DIP-35753N	Q9HBM1
DIP-59N	P14635
DIP-46288N	Q13976
DIP-37890N	O14879
DIP-47495N	Q86YS3
DIP-59240N	A4D1B5
DIP-27595N	P07900
DIP-36235N	P14923
DIP-29047N	Q15545
DIP-58638N	O00592
DIP-53793N	Q9NY33
DIP-5836N	P51685
DIP-47033N	Q8IWV7
DIP-33851N	P49023
DIP-46112N	Q96D96
DIP-59530N	P13591
DIP-37436N	P26367
DIP-60562N	Q9UID3
DIP-3341N	Q99933
DIP-295N	Q15349
DIP-34297N	Q9H9F9
DIP-40885N	P12980
DIP-29193N	Q9UL18
DIP-31107N	P24158
DIP-44050N	P57789
DIP-139N	P25963
DIP-38593N	P0C0S5
DIP-44775N	P42338
DIP-29757N	Q96EB6
DIP-53699N	Q9H845
DIP-29134N	O75604
DIP-32682N	P68400
DIP-24221N	Q00535
DIP-42077N	Q13098
DIP-36377N	P78559
DIP-24263N	Q92547
DIP-29063N	Q96BH1
DIP-38004N	Q9Y6K1
DIP-38921N	Q6P1X5
DIP-33045N	Q86U86
DIP-53576N	O60306
DIP-48999N	Q9UGP5
DIP-59196N	Q15768
DIP-61355N	Q8WXX7
DIP-59490N	Q5JU85
DIP-37425N	Q01484
DIP-42656N	Q9NZN8
DIP-51N	P09086
DIP-53409N	Q8WXH0
DIP-38136N	Q15365
DIP-40834N	Q9Y566
DIP-38131N	Q15678
DIP-61246N	Q9GZU7
DIP-5939N	P37173
DIP-31192N	Q6P2E9
DIP-24242N	O43543
DIP-31182N	Q92925
DIP-32583N	P31751
DIP-53799N	Q9Y2Z0
DIP-37969N	P30291
DIP-29223N	P61964
DIP-29740N	O95999
DIP-38452N	Q99684
DIP-3020N	P41273
DIP-35691N	P43034
DIP-30950N	P09917
DIP-60835N	P25440
DIP-37781N	P48736
DIP-58610N	D3W0D1
DIP-53004N	P55055
DIP-41465N	P21731
DIP-33875N	Q9HCN6
DIP-472N	P29375
DIP-24191N	P23025
DIP-29902N	P02768
DIP-41153N	Q96P20
DIP-103N	Q96Q89
DIP-31826N	Q86U70
DIP-33850N	O60716
DIP-42851N	O75899
DIP-37655N	O60260
DIP-56455N	Q9BS18
DIP-48936N	Q7L7L0
DIP-5937N	P10600
DIP-206N	P56199
DIP-574N	P05067
DIP-46837N	Q96LI5
DIP-36050N	Q76LX8
DIP-51315N	Q13555
DIP-42138N	P12757
DIP-52778N	Q96EQ8
DIP-29980N	P43220
DIP-34367N	P35250
DIP-53768N	Q9H6W3
DIP-59195N	Q6VAB6
DIP-269N	Q15572
DIP-34049N	Q9P289
DIP-59904N	Q9C0J9
DIP-27551N	O00571
DIP-60526N	P41226
DIP-31693N	Q6PD62
DIP-32663N	P62487
DIP-61425N	Q9UPY6
DIP-48296N	P52803
DIP-52782N	Q3KNV8
DIP-29401N	Q06455
DIP-47048N	Q9Y4B6
DIP-476N	P08069
DIP-57169N	Q8TF40
DIP-31265N	O76064
DIP-41064N	Q9Y239
DIP-29114N	O60609
DIP-35054N	P43246
DIP-17022N	O43312
DIP-38215N	P49591
DIP-48944N	Q96SN7
DIP-29953N	Q9Y2R2
DIP-37862N	O95760
DIP-37668N	Q14242
DIP-35680N	Q86XK2
DIP-59887N	Q86XS5
DIP-34893N	Q08752
DIP-5846N	P51677
DIP-35528N	P37231
DIP-60637N	Q86UT6
DIP-28143N	P01106
DIP-6011N	Q99665
DIP-42506N	Q92797
DIP-41906N	Q14012
DIP-28135N	P83916
DIP-27613N	Q969H0
DIP-39611N	Q9UNZ2
DIP-95N	P40189
DIP-29369N	P25786
DIP-42010N	P22460
DIP-60726N	Q9HCE5
DIP-29306N	Q13526
DIP-617N	P01730
DIP-27609N	O60684
DIP-36653N	Q9UQC2
DIP-60949N	Q92502
DIP-24250N	Q9HCU9
DIP-29395N	P67775
DIP-37995N	Q53HL2
DIP-27611N	Q8TAQ2
DIP-58650N	Q06945
DIP-48929N	Q12809
DIP-35350N	O00268
DIP-29734N	Q01973
DIP-46144N,DIP-38416N	Q14524
DIP-59301N	Q8IVH2
DIP-46461N	O94907
DIP-56692N	Q5JTV8
DIP-56496N	O75330
DIP-39026N	O75832
DIP-33861N	Q9H5V8
DIP-37971N	Q969U6
DIP-39904N	Q9UKV0
DIP-39795N	P05129
DIP-331N	P36956
DIP-29255N	P55854
DIP-50466N	Q9BTP7
DIP-5849N	O00626
DIP-31732N	P49736
DIP-27625N	P55211
DIP-33951N	P01116
DIP-301N	Q04864
DIP-5837N	P10147
DIP-38922N	O14646
DIP-316N	P61019
DIP-29676N	Q9UHH9
DIP-33561N	Q01105
DIP-56449N	Q96DE5
DIP-50405N	P12270
DIP-1049N	P09769
DIP-48477N	Q9H0H0
DIP-31636N	Q7Z6J0
DIP-40959N	P52566
DIP-33887N	P11388
DIP-29936N	Q96RL1
DIP-24270N	O96017
DIP-29513N	Q8WTT0
DIP-5936N	P61812
DIP-46607N	Q01534
DIP-5871N	P80075
DIP-48934N	Q9UGN5
DIP-32857N	Q99814
DIP-27531N	Q01201
DIP-29662N	O15524
DIP-42276N	Q8TEW8
DIP-61218N	Q96GN5
DIP-3340N	Q14627
DIP-29752N	Q9UNE7
DIP-60977N	P30989
DIP-33390N	Q96GM5
DIP-33874N	P02533
DIP-31729N	P33991
DIP-41997N	Q16566
DIP-29938N	P35398
DIP-39114N	Q8IXI2
DIP-46540N	Q96RK4
DIP-1055N	P10721
DIP-38018N	Q15691
DIP-39973N	Q13131
DIP-5967N	P06401
DIP-29774N	P00451
DIP-31247N	Q9Y448
DIP-31735N	Q9UBD5
DIP-39889N	O14672
DIP-29162N	Q9UNQ0
DIP-42310N	Q99570
DIP-59051N	P39905
DIP-60049N	Q13336
DIP-29642N	P61586
DIP-34303N	Q9NXR8
DIP-31805N	P61978
DIP-29413N	Q9BSI4
DIP-36804N	O75122
DIP-30894N	O75582
DIP-27526N	O15111
DIP-41273N	O95817
DIP-699N	P29353
DIP-40839N	P46937
DIP-60093N	Q9NQ88
DIP-33189N	P11021
DIP-39401N	Q13362
DIP-45494N	Q92833
DIP-56958N	Q16656
DIP-46275N	Q8IZJ1
DIP-29681N	Q29983
DIP-24249N	P51532
DIP-33121N	P46776
DIP-41473N	Q9Y6N9
DIP-59095N	Q9UGC6
DIP-40671N	P48059
DIP-59742N	P29033
DIP-33012N	Q6STE5
DIP-32950N	Q9H307
DIP-59406N	Q5VW32
DIP-56748N	Q969R5
DIP-3783N	Q16570
DIP-57615N	Q8IWI9
DIP-56155N	P05423
DIP-50447N	Q92913
DIP-38196N	P05023
DIP-946N	P35869
DIP-499N	P41235
DIP-533N	P02538
DIP-34466N	Q15654
DIP-34587N	Q9UBE0
DIP-29093N	Q15599
DIP-68N	P08514
DIP-33217N	O75340
DIP-60540N	O75143
DIP-46541N	O15078
DIP-44185N	P54105
DIP-61626N	Q15561
DIP-29660N	O15455
DIP-323N	P30305
DIP-29854N	P07910
DIP-29703N	P25116
DIP-35261N	Q70YC5
DIP-36676N	P62258
DIP-5876N	O00175
DIP-35516N	Q96F86
DIP-49964N	Q96RK0
DIP-224N	P08575
DIP-36615N	Q562F6
DIP-61577N	Q9H6L5
DIP-33177N	P23396
DIP-31095N	Q92556
DIP-33881N	P60763
DIP-48519N	Q9GZX7
DIP-29695N	P01130
DIP-40609N	Q9BSQ5
DIP-3225N	P78552
DIP-48790N	P41968
DIP-38248N	Q969G9
DIP-27597N	Q13451
DIP-33041N	Q969G3
DIP-29113N	Q5T4W7
DIP-40869N	P49802
DIP-47297N	P56962
DIP-185N	P32519
DIP-33566N	O14763
DIP-40910N	Q9BUZ4
DIP-33167N	Q6FI13
DIP-53790N	O75351
DIP-34800N	Q13573
DIP-29050N	O14964
DIP-35626N	Q03518
DIP-41487N	P42261
DIP-56245N	P19367
DIP-29044N	P53999
DIP-380N	P20339
DIP-31259N	Q14160
DIP-29407N	P09012
DIP-3016N	O43557
DIP-45617N	P98082
DIP-32943N	Q15287
DIP-5972N	Q99728
DIP-32878N	P08865
DIP-50234N	P58546
DIP-33091N	Q13191
DIP-49970N	Q96RS0
DIP-32492N	P42858
DIP-33061N	Q9HAU4
DIP-246N	P38936
DIP-33948N	P07550
DIP-49007N	P28300
DIP-61861N	Q96AQ8
DIP-36119N	Q9BZD4
DIP-31502N	P62424
DIP-41890N	P15941
DIP-50763N	Q9UGM3
DIP-60551N	Q9UPW6
DIP-38298N	O96000
DIP-33350N	Q8IXJ6
DIP-5743N	O14786
DIP-59479N	Q9NWX6
DIP-60787N	P56279
DIP-6222N	Q13114
DIP-27521N	Q99759
DIP-17034N	O43491
DIP-33841N	P26038
DIP-30987N	Q16539
DIP-33190N	Q14247
DIP-42502N	O43809
DIP-34516N	Q9BT78
DIP-61287N	Q8NFG4
DIP-36242N	Q05193
DIP-58507N	Q9GZV9
DIP-28N	P05113
DIP-38873N	Q7L576
DIP-48597N	Q9NRX4
DIP-52725N	O00762
DIP-37518N	Q5VZM2
DIP-5975N	P41180
DIP-34269N	O00506
DIP-49011N	Q9BW66
DIP-30903N	O00213
DIP-148N	P28749
DIP-40038N	P51878
DIP-125N	P10275
DIP-57599N	Q9BY67
DIP-35308N	Q13535
DIP-34240N	Q16512
DIP-60854N	Q96K21
DIP-114N	Q99075
DIP-40097N	P13693
DIP-59717N	Q7Z7H8
DIP-42723N	Q9UMW8
DIP-38727N	O14936
DIP-33044N	Q92922
DIP-31172N	Q9Y262
DIP-2930N	P28908
DIP-34977N	O95747
DIP-29381N	Q9NVI1
DIP-41491N	Q9NQS3
DIP-39796N	P54646
DIP-48662N	Q8N1L9
DIP-59961N	Q14207
DIP-48942N	Q8TEY7
DIP-42196N	Q86SQ0
DIP-1119N	P22303
DIP-47265N	O75197
DIP-36477N	Q6NUQ1
DIP-32538N	P10071
DIP-38164N	P56192
DIP-38511N	P52630
DIP-61289N	P84085
DIP-48671N	Q9UNN8
DIP-29229N	P62993
DIP-28155N	Q99471
DIP-52688N	Q6PCD5
DIP-241N	Q07869
DIP-33828N	Q9NRI5
DIP-2155N	Q07955
DIP-38009N	P01008
DIP-41431N	P15976
DIP-39693N	P26358
DIP-34886N	P21709
DIP-53822N	Q6XZF7
DIP-61453N	P18089
DIP-31311N	P41743
DIP-42460N	Q9NX02
DIP-24241N	Q13156
DIP-35580N	O00303
DIP-61482N	O43504
DIP-39768N	Q9NYV4
DIP-29814N	P05161
DIP-1022N	P01241
DIP-48935N	O60814
DIP-61226N	Q9H244
DIP-44088N	P51668
DIP-29200N	Q9UQE7
DIP-399N	P81274
DIP-61120N	P09919
DIP-33606N	Q92878
DIP-56412N	O00411
DIP-60348N	Q6ZW61
DIP-42325N	P62714
DIP-61500N	O75417
DIP-29696N	P53350
DIP-61205N	O75462
DIP-29883N	Q9Y5U5
DIP-32585N	P40337
DIP-3788N	P21802
DIP-24232N	P31350
DIP-60016N	Q13572
DIP-53521N	Q96SW2
DIP-24208N	O00203
DIP-31216N	P62318
DIP-60448N	Q99504
DIP-44132N	Q9Y3B4
DIP-33136N	P16152
DIP-640N	P17480
DIP-37633N	P55197
DIP-29952N	P80188
DIP-48919N	Q9NRW3
DIP-46631N	Q92614
DIP-46911N	P02743
DIP-56901N	Q86WV5
DIP-35754N	Q8NBT2
DIP-48630N	Q96NY9
DIP-34421N	Q13155
DIP-6223N	Q12933
DIP-2154N	P26368
DIP-37875N	O14686
DIP-50946N	Q9BYE7
DIP-749N	P36873
DIP-1136N	P21333
DIP-33689N	O15372
DIP-5834N	P32302
DIP-3014N	P25942
DIP-5983N	P23497
DIP-48924N	Q8IVH8
DIP-32709N	Q13569
DIP-61130N	Q460N5
DIP-93N	P14778
DIP-882N	Q12874
DIP-33220N	P62140
DIP-29336N	P52272
DIP-29778N	Q92831
DIP-60979N	P26232
DIP-39663N	P41229
DIP-57845N	Q76N32
DIP-6039N	O95750
DIP-34429N	Q12983
DIP-37493N	Q13438
DIP-31351N	Q9NWZ3
DIP-24244N	Q99708
DIP-60587N	Q7Z6K5
DIP-40358N	Q9BV40
DIP-33558N	P40227
DIP-31215N	O14966
DIP-405N	P00533
DIP-3778N	P10145
DIP-32948N,DIP-58162N	P02545
DIP-33186N	O14974
DIP-3774N	P29460
DIP-41996N	P35367
DIP-61383N	Q86UY6
DIP-61119N	P24001
DIP-36742N	O43157
DIP-750N	P28715
DIP-41990N	Q14106
DIP-6250N	Q12931
DIP-43975N	Q9NW38
DIP-226N	P14859
DIP-59986N	Q95460
DIP-169N	Q08945
DIP-5797N	P22004
DIP-48949N	Q8NFW9
DIP-24189N	P27694
DIP-27524N	Q15750
DIP-32499N	Q8N2W9
DIP-33544N	P20823
DIP-33676N	P17987
DIP-48946N	Q8IWF2
DIP-52724N	Q96B02
DIP-60552N	Q8IXM2
DIP-652N	P18846
DIP-50591N	O94925
DIP-790N	P42345
DIP-29949N	Q01718
DIP-46088N	O43819
DIP-35702N	Q9HBA0
DIP-37584N	Q12840
DIP-515N	P35221
DIP-41874N	O43255
DIP-40307N	P29320
DIP-32670N	Q8WX92
DIP-27618N	Q9ULZ3
DIP-35136N	Q9UBT2
DIP-61625N	P19484
DIP-39736N	Q9Y478
DIP-466N	Q13884
DIP-50202N	Q9NRG4
DIP-5788N	Q99062
DIP-46426N	P09486
DIP-5840N	P13236
DIP-48649N	Q8NEZ4
DIP-34411N	O14656
DIP-56930N	O14657
DIP-29244N	P33176
DIP-29857N	P35637
DIP-32974N	Q99871
DIP-36244N	Q9UQ16
DIP-38174N	Q8TF76
DIP-29828N	Q14527
DIP-31652N	Q9C0A0
DIP-45604N	Q14677
DIP-37957N	Q13426
DIP-46476N	P06276
DIP-56134N	O60337
DIP-61208N	Q9NUB1
DIP-33678N	O14980
DIP-33152N	Q06830
DIP-38913N	Q9UPP1
DIP-1047N	P01100
DIP-5730N	P40238
DIP-46462N	Q96MU8
DIP-48449N	P14621
DIP-51617N	O00763
DIP-31607N	Q9Y297
DIP-5891N	P49682
DIP-53760N	Q9UQR0
DIP-205N	P50539
DIP-452N	P17677
DIP-31155N	Q5VT52
DIP-46840N	Q92600
DIP-35019N	P60484
DIP-35252N	P49711
DIP-27550N	Q12824
DIP-34638N	P50402
DIP-31646N	Q9HCS7
DIP-6080N	P62937
DIP-35444N	O95786
DIP-40046N	P84243
DIP-59318N	Q15562
DIP-29350N	Q15276
DIP-39482N	Q8N122
DIP-30846N	P51693
DIP-403N	P01350
DIP-34447N	P38159
DIP-57392N	Q9NRJ3
DIP-3046N	P40933
DIP-48718N	P25101
DIP-462N	Q06609
DIP-32940N	Q9H1A4
DIP-31454N	Q71SY5
DIP-33449N	Q8WZ42
DIP-35694N	P20591
DIP-42134N	Q14145
DIP-42200N	Q14318
DIP-34766N	Q99963
DIP-40098N	Q96EP1
DIP-61204N	Q9UBD9
DIP-29756N	Q53EL6
DIP-294N	Q14188
DIP-33109N	O00159
DIP-50299N	Q9UN86
DIP-46922N	Q96AQ6
DIP-39974N	P54619
DIP-59836N	Q9BYN0
DIP-41219N	Q9P021
DIP-29249N	Q86VN1
DIP-31168N	O95396
DIP-44106N	Q92636
DIP-33322N	P54132
DIP-32917N	P36954
DIP-41817N	Q9Y6W5
DIP-60793N	P45381
DIP-31811N	O00459
DIP-61606N	Q96B86
DIP-40767N	Q13291
DIP-33590N	O00422
DIP-27629N	O15519
DIP-60764N	Q5T1C6
DIP-5739N	P35916
DIP-50905N	Q9UHB9
DIP-29254N	Q9HC62
DIP-46878N	P02749
DIP-32890N	P62807
DIP-529N	P03956
DIP-41229N	Q92673
DIP-52297N	P49450
DIP-48922N	O95461
DIP-32606N	Q9UHI6
DIP-52276N	Q9H1H9
DIP-47283N	O94953
DIP-61581N	Q96MW7
DIP-59150N	Q13075
DIP-36616N	P30154
DIP-33165N	P61160
DIP-30915N	Q14790
DIP-34627N	P62308
DIP-32978N	Q9UMS4
DIP-59078N	Q9BUI4
DIP-29045N	Q8WTS6
DIP-35730N	O15273
DIP-61099N	P35408
DIP-21N	P06127
DIP-52791N	P43121
DIP-50898N	Q15907
DIP-42289N	P18583
DIP-50865N	P52815
DIP-5735N	P04085
DIP-36355N	P14866
DIP-61578N	Q86VR2
DIP-131N	P67870
DIP-36822N	P04198
DIP-31809N	Q99816
DIP-422N	Q08462
DIP-29882N	Q9UNG2
DIP-50735N	Q96HS1
DIP-41043N	Q92692
DIP-50394N	Q99729
DIP-50110N	P52789
DIP-31174N	Q8IZH2
DIP-35353N	P54253
DIP-44806N	P49662
DIP-5866N	P51681
DIP-53609N	O94782
DIP-53428N	Q9UL15
DIP-42462N	Q9H0U4
DIP-48933N	Q86WJ1
DIP-29261N	Q8WYQ5
DIP-37519N	Q9HC16
DIP-59649N	P52179
DIP-29363N	O14818
DIP-28149N	Q9Y4A5
DIP-29853N	Q12906
DIP-47496N	Q9H8V3
DIP-41406N	Q7Z6G8
DIP-29687N	P17096
DIP-31110N	P35580
DIP-945N	P48551
DIP-32773N	Q71U36
DIP-37579N	Q9NV70
DIP-6147N	P21953
DIP-61357N	Q9HAH7
DIP-2736N	P02786
DIP-50531N	P50851
DIP-33123N	Q9UM54
DIP-48650N	O14607
DIP-48833N	Q9Y580
DIP-632N	P15336
DIP-39885N	Q9UM13
DIP-48948N	O00194
DIP-46068N	Q9P2R3
DIP-29729N	Q12791
DIP-27554N	P35998
DIP-34895N	Q92985
DIP-5854N	O00585
DIP-38220N	Q15019
DIP-59630N	P55075
DIP-8N	P04626
DIP-59573N	O75030
DIP-36665N	Q04724
DIP-29924N	Q9H444
DIP-60148N	Q5H9F3
DIP-48323N	Q9Y2Y0
DIP-36754N	Q08050
DIP-61773N	O75311
DIP-48945N	Q9BRQ5
DIP-33399N	P35368
DIP-781N	P41236
DIP-56796N	Q9BUR4
DIP-33398N	Q14315
DIP-44884N	Q9BVA6
DIP-27527N	O14920
DIP-42044N	P55085
DIP-39944N	P54727
DIP-34360N	P28347
DIP-59497N	P40259
DIP-47040N	O43164
DIP-6014N	Q16552
DIP-2910N	P01374
DIP-33140N	P61158
DIP-48789N	Q01726
DIP-34598N	Q9UMN6
DIP-1056N	P07948
DIP-30844N	O60784
DIP-40272N	Q9BY44
DIP-17028N	P41212
DIP-31134N	Q9Y613
DIP-59741N	O14862
DIP-44581N	Q53EZ4
DIP-6184N	P28067
DIP-48753N	O43572
DIP-6117N	P48357
DIP-59913N	P48431
DIP-52265N	Q15036
DIP-53578N	Q70CQ3
DIP-459N	Q15172
DIP-50124N	Q96I24
DIP-27532N	Q15653
DIP-34569N	Q96T58
DIP-32911N	P19387
DIP-29463N	Q99598
DIP-28154N	Q99741
DIP-48997N	Q9H2S1
DIP-1059N	P12931
DIP-60117N	P13765
DIP-41878N	O15553
DIP-602N	P04899
DIP-553N	P06239
DIP-35111N	P50281
DIP-61114N	O60356
DIP-952N	Q92793
DIP-2895N	P01375
DIP-5965N	P03372
DIP-33681N	P49327
DIP-1005N	Q15435
DIP-46287N	O76074
DIP-1138N	Q9UQB3
DIP-33064N	P42566
DIP-43987N	P15151
DIP-6166N	P12319
DIP-32578N	O60573
DIP-40607N	Q9BUL8
DIP-29903N	P29122
DIP-623N	P20701
DIP-59483N	Q9UG22
DIP-253N	P43405
DIP-625N	P09661
DIP-61225N	Q96E22
DIP-5879N	P49238
DIP-36708N	O43541
DIP-56975N	Q9UKT9
DIP-50009N	Q6W2J9
DIP-29628N	Q9Y468
DIP-147N	P21675
DIP-29829N	P61088
DIP-50823N	Q9Y5Q8
DIP-36773N	Q01196
DIP-41731N	O75689
DIP-41587N	P55040
DIP-48532N	Q9Y3E7
DIP-48479N	Q96CB8
DIP-32788N	P13569
DIP-53629N	Q96K76
DIP-29869N	P05154
DIP-29815N	P46934
DIP-31803N	Q96B97
DIP-406N	P08138
DIP-37618N	O75044
DIP-57571N	Q99717
DIP-61362N	Q8TDW0
DIP-32513N	Q9Y383
DIP-38249N	Q13177
DIP-29803N	P07602
DIP-44567N	P78364
DIP-3293N	P26951
DIP-48788N	P15408
DIP-32478N	Q9UNS2
DIP-34542N	Q96RU8
DIP-35520N	Q8N264
DIP-29412N	P54274
DIP-57457N	P34947
DIP-31785N	P06756
DIP-258N	Q14209
DIP-1080N	P01589
DIP-42868N	Q16666
DIP-29611N	Q96AP0
DIP-33849N	P07947
DIP-29923N	Q9H3S7
DIP-50761N	P29144
DIP-44197N	P04908
DIP-6116N	P41159
DIP-52951N	Q12815
DIP-41477N	O14933
DIP-39355N	P30533
DIP-38781N	P43403
DIP-49918N	Q7Z6M4
DIP-29240N	P54198
DIP-29950N	Q53ET0
DIP-34N	P10276
DIP-31220N	P62304
DIP-189N	P22681
DIP-36670N	Q92466
DIP-36701N	Q9UQ84
DIP-6045N	P49765
DIP-24184N	Q13547
DIP-33194N	Q9NVI7
DIP-30981N	P53992
DIP-29118N	P35236
DIP-60446N	Q99502
DIP-56228N	Q9HAR2
DIP-28132N	P46013
DIP-60895N	Q9BXK5
DIP-33727N	O00443
DIP-32517N	Q16891
DIP-46973N	Q8IY67
DIP-39136N	Q8IW19
DIP-37652N	P08559
DIP-5785N	P13725
DIP-27584N	P27348
DIP-57020N	Q9BXW4
DIP-28134N	Q9BYG3
DIP-41110N	Q13422
DIP-40269N	O00408
DIP-30934N	Q14686
DIP-50179N	P22392
DIP-5712N	P01138
DIP-57226N	Q4KMG0
DIP-44046N	Q9BV36
DIP-31375N	Q12967
DIP-29497N	Q15118
DIP-38281N	O15297
DIP-123N	P24385
DIP-40768N	O60880
DIP-43906N	P07339
DIP-60458N	Q9UK97
DIP-32874N	P11142
DIP-48932N	Q14392
DIP-61818N	Q5TEA3
DIP-46008N	O00327
DIP-60046N	Q96EF0
DIP-5770N	P42702
DIP-46295N	P54278
DIP-53610N	Q9Y285
DIP-29293N	Q05329
DIP-50463N	P00387
DIP-502N	Q14451
DIP-46251N	Q6UX71
DIP-30877N	Q15788
DIP-38N	P09874
DIP-29411N	O75533
DIP-60768N	Q6PH85
DIP-29402N	O75376
DIP-29184N	Q92934
DIP-60423N	P32455
DIP-29459N	P81877
DIP-34461N	Q96KQ7
DIP-40786N	P17936
DIP-35772N	Q15054
DIP-40722N	P57078
DIP-29843N	Q92841
DIP-48668N	P24390
DIP-29947N	P49789
DIP-38526N	Q16795
DIP-38139N	Q9NZI8
DIP-48687N	Q8N138
DIP-46388N	Q15814
DIP-425N	Q08999
DIP-42252N	O15105
DIP-42798N	Q96JM7
DIP-37650N	P13498
DIP-36471N	O43264
DIP-38014N	P18031
DIP-46750N	Q9Y3I0
DIP-58N	P10809
DIP-28146N	Q92830
DIP-33088N	P52735
DIP-46259N	Q9UBV2
DIP-48473N	Q16873
DIP-32939N	Q8IXW5
DIP-6019N	P01569
DIP-56602N	Q16526
DIP-29242N	Q9NVP2
DIP-60754N	Q969W0
DIP-33129N	Q13557
DIP-44136N	Q92552
DIP-37981N	P49757
DIP-41592N	P98171
DIP-5800N	P18075
DIP-424N	P05787
DIP-34574N	Q99835
DIP-41254N	O15143
DIP-613N	P25325
DIP-50540N	Q9H5Q4
DIP-48957N	P49281
DIP-29138N	P62491
DIP-4012N	P09038
DIP-46838N	Q9ULM6
DIP-32957N	Q9UJX6
DIP-50384N	Q16740
DIP-61319N	P48436
DIP-27578N	P33992
DIP-297N	Q12962
DIP-52741N	Q9NYG5
DIP-56475N	O95721
DIP-59339N	Q9NRA1
DIP-60753N	Q9NUV7
DIP-29944N	O75056
DIP-37885N	Q8WVC0
DIP-61077N	P25774
DIP-52332N	Q9H0X9
DIP-29201N	O60216
DIP-40770N	Q9UKT7
DIP-59091N	Q08116
DIP-28141N	Q8IUF8
DIP-31464N	O95402
DIP-29653N	Q13257
DIP-34492N	Q15013
DIP-40773N	O14640
DIP-42719N	Q8TEL6
DIP-122N	P35222
DIP-60792N	Q96C10
DIP-50841N	Q8TAF3
DIP-31176N	Q7Z5K2
DIP-61819N	A6NIH7
DIP-5745N	O60462
DIP-52708N	Q9BSM1
DIP-56253N	Q7Z4S6
DIP-5731N	P01588
DIP-29135N	P15374
DIP-47505N	P33778
DIP-633N	P05783
DIP-31350N	Q9HAT8
DIP-29860N	Q8WUI4
DIP-27569N	P22087
DIP-24267N	P35249
DIP-31606N	P63208
DIP-33858N	Q07912
DIP-27525N	Q9NYJ8
DIP-43902N	Q86XI2
DIP-59211N	Q6UUV7
DIP-5976N	P35462
DIP-29457N	Q5U651
DIP-29333N	Q9BRX5
DIP-29139N	Q7L804
DIP-29951N	Q15233
DIP-39343N	Q96QC0
DIP-24210N	P15559
DIP-53424N	Q6PGQ7
DIP-29508N	P01344
DIP-29872N	Q9Y678
DIP-41860N	P09603
DIP-6023N	P08581
DIP-53661N	Q9Y4C1
DIP-5719N	P23560
DIP-5954N	Q9UM73
DIP-29231N	O43561
DIP-37949N	O43278
DIP-46410N	Q8IWE5
DIP-31532N	P46100
DIP-31028N	P11308
DIP-48569N	Q9HCJ0
DIP-50397N	Q9UM07
DIP-42095N	O43719
DIP-31207N	P62314
DIP-249N	P45983
DIP-48699N	P15085
DIP-516N	Q06124
DIP-29243N	Q13112
DIP-29861N	P31947
DIP-59865N	P21917
DIP-61544N	Q96NB3
DIP-29831N	Q9NS91
DIP-29196N	Q9Y6X3
DIP-40673N	Q9H3P7
DIP-56220N	P48443
DIP-35051N	P60520
DIP-42705N	O00560
DIP-39484N	P27708
DIP-29427N	Q9BXM7
DIP-48760N	Q5T6F0
DIP-50290N	Q676U5
DIP-31611N	Q13618
DIP-36585N	Q9H334
DIP-42521N	Q15428
DIP-58592N	P56704
DIP-29624N	Q9UPQ9
DIP-35264N	Q13127
DIP-119N	P27986
DIP-46378N	P52799
DIP-33805N	Q6GQQ9
DIP-1108N	Q01081
DIP-24182N	O14757
DIP-52704N	Q96LR5
DIP-27538N	Q9H9Y6
DIP-40297N	O75175
DIP-43771N	Q7Z419
DIP-5874N	Q99616
DIP-29514N	P30273
DIP-31117N	O75822
DIP-39735N	P48730
DIP-56878N	A6NKD9
DIP-46277N	Q149N8
DIP-6035N	P10767
DIP-24238N	Q04206
DIP-126N	P14598
DIP-39733N	O15357
DIP-61053N	Q9UGM1
DIP-34052N	Q15554
DIP-33604N	P16104
DIP-59907N	P28324
DIP-6218N	Q16663
DIP-32772N	P07437
DIP-40751N	Q9NY65
DIP-29518N	P14780
DIP-35698N	P48995
DIP-29222N	Q9UBL3
DIP-60484N	Q969G5
DIP-27559N	P36578
DIP-5864N	P78556
DIP-31119N	Q9Y2A7
DIP-27567N	P51784
DIP-41750N	Q9H840
DIP-56370N	Q9BSJ6
DIP-34937N	P55957
DIP-41880N	P35227
DIP-42121N	Q96GG9
DIP-35420N	Q9NTI5
DIP-44223N	Q96AJ9
DIP-53502N	Q8WXF7
DIP-31291N	Q15717
DIP-31460N	O60244
DIP-42006N	Q92889
DIP-928N	Q13323
DIP-60277N	Q9UBG7
DIP-33980N	Q06546
DIP-29569N	O14508
DIP-481N	P01563
DIP-496N	Q16514
DIP-36336N	Q92542
DIP-32691N	P60228
DIP-48282N	Q7Z392
DIP-31657N	Q13322
DIP-2654N	Q05516
DIP-33016N	O14497
DIP-38372N	O15530
DIP-6182N	P01215
DIP-27528N	Q9Y6K9
DIP-28142N	O75592
DIP-2737N	Q30201
DIP-34637N	P27448
DIP-29945N	P31431
DIP-34449N	Q01844
DIP-5826N	P05111
DIP-47455N	Q13563
DIP-29253N	P61956
DIP-29725N	Q15046
DIP-35679N	P61081
DIP-33288N	O15234
DIP-41412N	P09132
DIP-61135N	Q13084
DIP-29372N	O75164
DIP-38211N	O43143
DIP-37968N	Q86U42
DIP-32955N	P51610
DIP-60532N	O60907
DIP-56943N	O95810
DIP-178N	P30279
DIP-5969N	Q9Y6X2
DIP-1053N	P17535
DIP-40825N	P07814
DIP-60838N	Q8IY34
DIP-41879N	P35226
DIP-61148N	O95715
DIP-47504N	O43918
DIP-29185N	O43521
DIP-61097N	Q9BX69
DIP-45626N	O15269
DIP-42546N	P53990
DIP-50218N	Q9Y5M8
DIP-61365N	P31941
DIP-48550N	Q6NZI2
DIP-28148N	O75486
DIP-58643N	Q14654
DIP-5957N	Q13772
DIP-31612N	Q13617
DIP-377N	P00488
DIP-48604N	Q14781
DIP-27534N	P41279
DIP-60622N	P51449
DIP-31148N	Q9HAU5
DIP-48606N	Q71DI3
DIP-41205N	O75113
DIP-37972N	Q9UKT8
DIP-39479N	Q6R327
DIP-31672N	O75051
DIP-36057N	P19419
DIP-38340N	O75147
DIP-34241N	P53778
DIP-60180N	Q9H0R1
DIP-42116N	Q9UHD9
DIP-59104N	Q99467
DIP-31716N	Q9H2X6
DIP-41721N	Q5VWQ8
DIP-2657N	P19525
DIP-42694N	Q15052
DIP-34641N	O60341
DIP-52456N	Q08J23
DIP-33352N	P62330
DIP-29403N	Q99081
DIP-29327N	Q8WUM4
DIP-32694N	Q10570
DIP-59092N	P49798
DIP-33188N	P59998
DIP-46893N	P62945
DIP-30845N	Q9H0E2
DIP-29310N	P55265
DIP-5858N	P51671
DIP-29365N	P25789
DIP-35527N	Q9NWT6
DIP-36741N	Q92730
DIP-35238N	Q9UJW3
DIP-61381N	P11226
DIP-48478N	Q9H3P2
DIP-47029N	O94888
DIP-59851N	P35498
DIP-61267N	P27930
DIP-35180N	P01024
DIP-463N	P29374
DIP-31275N	Q9UQ80
DIP-48475N	O94761
DIP-748N	P43268
DIP-29410N	Q15637
DIP-35540N	O60506
DIP-279N	Q15185
DIP-60520N	P57729
DIP-29006N	O94906
DIP-29296N	P52294
DIP-59846N	P08833
DIP-43972N	Q8IYD8
DIP-29610N	Q9NUX5
DIP-33079N	P62805
DIP-60514N	Q9NP72
DIP-31317N	Q15831
DIP-46206N	P27352
DIP-29646N	Q16760
DIP-60483N	Q9Y2G1
DIP-39765N	Q9UJX3
DIP-29759N	O95352
DIP-61480N	Q8NBW4
DIP-34662N	O15392
DIP-32920N	P24863
DIP-478N	P05107
DIP-52267N	Q9BYB0
DIP-37495N	Q9GZT9
DIP-46736N	P63244
DIP-61014N	O60942
DIP-61627N	Q9P1Q0
DIP-33093N	Q04695
DIP-29018N	Q9NV56
DIP-35655N	P08727
DIP-60591N	Q7Z7C8
DIP-31029N	Q15047
DIP-31164N	Q07021
DIP-29716N	Q15796
DIP-50368N	O43665
DIP-6205N	P52292
DIP-41652N	P50148
DIP-29890N	P23258
DIP-60257N	P15813
DIP-46468N	P48546
DIP-34063N	Q9NVR2
DIP-34058N	Q3ZCQ8
DIP-58084N	Q9Y5R6
DIP-48943N	Q9NYY3
DIP-35187N	O60238
DIP-6043N	P10747
DIP-30911N	Q14683
DIP-60688N	Q06141
DIP-57386N	P51805
DIP-32516N	P26641
DIP-33326N	Q06330
DIP-878N	P49841
DIP-34187N	P05771
DIP-5794N	Q13873
DIP-17013N	Q13616
DIP-457N	P27824
DIP-31609N	Q13620
DIP-60462N	Q99543
DIP-6130N	P27695
DIP-47434N	O14773
DIP-36079N	P08123
DIP-42043N	Q06587
DIP-35515N	Q99497
DIP-24233N	P23921
DIP-60600N	Q9BQS8
DIP-34891N	Q9BPX3
DIP-46086N	O75880
DIP-166N	P30304
DIP-59895N	Q2MKA7
DIP-32875N	P04083
DIP-6106N	P14653
DIP-6225N	Q9Y275
DIP-61356N	Q86SE9
DIP-39072N	P63027
DIP-42005N	P04839
DIP-351N	P27487
DIP-33878N	P17612
DIP-38538N	Q15797
DIP-61336N	Q70E73
DIP-27572N	P51665
DIP-46197N	Q6PL18
DIP-322N	Q03519
DIP-44283N	O75367
DIP-35607N	P16410
DIP-29005N	P51531
DIP-60361N	Q9BUN5
DIP-41972N	Q9UIF7
DIP-32913N	P52435
DIP-30000N	Q9UBC3
DIP-47004N	Q92560
DIP-60936N	P18509
DIP-60978N	P30990
DIP-193N	Q03468
DIP-28153N	Q9Y230
DIP-36438N	P49643
DIP-31452N	P10827
DIP-3510N	Q01344
DIP-39419N	Q9BUJ2
DIP-29195N	P26196
DIP-35050N	O95166
DIP-32573N	P55060
DIP-133N	P23458
DIP-44200N	Q9UII4
DIP-46308N	P34982
DIP-59293N	Q9Y2T1
DIP-57570N	O14662
DIP-48513N	O95149
DIP-56987N	Q13190
DIP-41085N	P31948
DIP-29920N	Q92585
DIP-46036N	Q969J5
DIP-36122N	Q13085
DIP-27519N	Q9Y572
DIP-52740N	Q9NPD8
DIP-38325N	Q92736
DIP-42189N	Q15154
DIP-59079N	O15318
DIP-27617N	Q8NFZ5
DIP-59626N	P49590
DIP-43979N	P55011
DIP-31790N	Q16629
DIP-38024N	O60447
DIP-5766N	P15514
DIP-29547N	P02751
DIP-31260N	Q99828
DIP-50585N	Q52LJ0
DIP-48551N	Q8NHZ8
DIP-33172N	O14744
DIP-60427N	P21453
DIP-59886N	Q9UKU9
DIP-60821N	Q99743
DIP-5842N	Q92583
DIP-50471N	P41250
DIP-38050N	P49674
DIP-39802N	Q8NEM0
DIP-61413N	Q9NR97
DIP-52406N	Q9BVG8
DIP-33487N	Q9NPH3
DIP-29940N	O60936
DIP-52900N	Q5JRX3
DIP-31711N	O75460
DIP-33246N	P52298
DIP-31608N	Q86VP6
DIP-49960N	Q13232
DIP-29092N	O14745
DIP-46192N	O15550
DIP-61608N	Q6ZVN8
DIP-41902N	Q9UIV1
DIP-57844N	Q16621
DIP-59094N	O15492
DIP-53564N	P30519
DIP-34433N	O14641
DIP-6036N	P31371
DIP-33218N	P38919
DIP-29690N	O43929
DIP-36624N	P02686
DIP-29423N	P54259
DIP-60944N	Q9HBL8
DIP-50406N	P00491
DIP-31505N	Q13509
DIP-29274N	P43686
DIP-29710N	P62942
DIP-229N	P32239
DIP-40884N	O14514
DIP-32597N	P46940
DIP-51608N	Q99832
DIP-765N	P16220
DIP-1123N	P18827
DIP-59105N	O95711
DIP-27630N	Q13469
DIP-684N	Q00839
DIP-48483N	Q8N4Q1
DIP-56726N	A2RRP1
DIP-52317N	P98161
DIP-6044N	P33681
DIP-2196N	P06396
DIP-59023N	Q86WI1
DIP-33237N	Q9Y496
DIP-50395N	O75531
DIP-383N	P35609
DIP-48842N	P55087
DIP-35407N	P61224
DIP-29948N	Q8TCY5
DIP-42467N	P41586
DIP-53527N	Q9BW61
DIP-33888N	Q96SB4
DIP-61509N	P51654
DIP-48280N	Q9Y2L5
DIP-33870N	Q96EY1
DIP-743N	P31946
DIP-33098N	P63010
DIP-44311N	O95644
DIP-50838N	Q9Y237
DIP-58612N	Q92478
DIP-471N	P63211
DIP-35654N	Q12778
DIP-61031N	Q8IWT0
DIP-30951N	Q14019
DIP-41492N	Q96NY8
DIP-32509N	Q9NPI1
DIP-33238N	P49959
DIP-6151N	P49458
DIP-35477N	Q9NZU7
DIP-31770N	Q8N2H9
DIP-29252N	Q9P0U3
DIP-33488N	Q86XR7
DIP-39028N	Q8WXF1
DIP-52811N	O14929
DIP-33600N	P30048
DIP-1015N	P53779
DIP-40060N	Q05639
DIP-67N	P17301
DIP-29954N	Q05655
DIP-38407N	Q9C000
DIP-41973N	Q9Y5W3
DIP-61508N	Q6P988
DIP-61582N	O94760
DIP-32945N	Q9UJX4
DIP-33440N	Q01860
DIP-5985N	Q13185
DIP-59407N	Q9BQB4
DIP-3013N	P29965
DIP-48628N	Q92698
DIP-46372N	P11498
DIP-34604N	O15270
DIP-46121N	P17693
DIP-50037N	Q6ZMJ4
DIP-58642N	Q09428
DIP-42030N	Q13643
DIP-291N	Q13216
DIP-29406N	P08621
DIP-33000N	P23528
DIP-29904N	P09958
DIP-46839N	Q9H9A5
DIP-6081N	Q07960
DIP-1133N	P27635
DIP-29694N	Q8NBP7
DIP-48415N	Q8IX07
DIP-42016N	O43542
DIP-433N	Q13546
DIP-29004N	O15409
DIP-61889N	Q13637
DIP-5861N	Q16627
DIP-31791N	Q92608
DIP-704N	P15172
DIP-39418N	P05198
DIP-39138N	P54284
DIP-29589N	Q13936
DIP-42267N	Q9UBF8
DIP-60181N	Q2VPB7
DIP-922N	Q16695
DIP-35138N	O60603
DIP-50783N	P41567
DIP-60182N	Q9NUS5
DIP-28151N	O75478
DIP-56211N	O15394
DIP-53411N	Q5VTR2
DIP-6165N	P55899
DIP-31152N	P46777
DIP-6224N	O14836
DIP-46079N	Q14674
DIP-29620N	P04180
DIP-34042N	P21579
DIP-56130N	Q9BZF1
DIP-29873N	P61923
DIP-41331N	Q8WXD5
DIP-31118N	Q8IZP0
DIP-60127N	Q9H4G4
DIP-42489N	P16989
DIP-61029N	P28472
DIP-29655N	Q12834
DIP-50708N	Q504Q3
DIP-44585N	Q9UN37
DIP-50602N	O14737
DIP-31346N	P52564
DIP-42816N	Q15382
DIP-44611N	Q14457
DIP-29216N	P46063
DIP-33949N	P59768
DIP-52693N	Q6ZSG1
DIP-35404N	P20963
DIP-42003N	Q9NQC3
DIP-163N	P15884
DIP-554N	P31323
DIP-49904N	Q9HC77
DIP-5729N	P40225
DIP-46874N	Q02363
DIP-57633N	A0AVT1
DIP-53700N	Q8NBS9
DIP-33605N	O60934
DIP-61247N	O15194
DIP-6128N	P23634
DIP-54489N	Q8NDV7
DIP-33070N	Q9Y5S9
DIP-34897N	P20700
DIP-38194N	O43823
DIP-17032N	P11171
DIP-42833N	Q9UDY8
DIP-29292N	Q99259
DIP-29432N	P51800
DIP-53820N	Q9UHR4
DIP-42063N	P23471
DIP-56636N	Q9ULR0
DIP-29758N	Q9H1Y0
DIP-29164N	Q15459
DIP-29961N	Q14738
DIP-39742N	O96013
DIP-36441N	P21860
DIP-34767N	P13796
DIP-38180N	P13674
DIP-41798N	Q99523
DIP-43N	P14784
DIP-6220N	P49771
DIP-482N	P05231
DIP-44224N	O43752
DIP-582N	P06400
DIP-35198N	Q9NZD4
DIP-46924N	Q9Y2Q3
DIP-74N	P15923
DIP-31802N	Q07889
DIP-58581N	Q6ZN18
DIP-59473N	Q8NEV9
DIP-48507N	Q86UQ8
DIP-48563N	Q9P0M6
DIP-39816N	O95292
DIP-34071N	Q06187
DIP-41076N	Q9NQX3
DIP-34002N	Q15910
DIP-30N	P07737
DIP-900N	Q15543
DIP-5872N	Q9Y4X3
DIP-32859N	Q12929
DIP-47537N	P36405
DIP-117N	Q13671
DIP-42615N	Q7KZ85
DIP-35052N	Q9NT62
DIP-41435N	Q8N488
DIP-5833N	P41597
DIP-40452N	P15036
DIP-38428N	Q9NPP4
DIP-27624N	O14727
DIP-57769N	P06731
DIP-46371N	P78504
DIP-59183N	Q8NDF8
DIP-31349N	Q99836
DIP-31241N	Q9BV86
DIP-57667N	O43474
DIP-48763N	Q96JK2
DIP-27515N	Q9Y4K3
DIP-60459N	Q2I0M4
DIP-47274N	Q9UNK0
DIP-35526N	P68871
DIP-24255N	Q99638
DIP-36771N	O00165
DIP-268N	P42574
DIP-363N	P17707
DIP-31728N	O00311
DIP-40363N	P61962
DIP-38919N	Q12830
DIP-6095N	Q08209
DIP-48953N	Q8N6F1
DIP-52730N	Q9NTX7
DIP-58520N	P00740
DIP-46261N	Q96CS3
DIP-60426N	Q07108
DIP-59906N	Q9NRC8
DIP-42180N	P53004
DIP-32624N	P11473
DIP-39091N	P55735
DIP-5835N	P22362
DIP-31245N	P60866
DIP-60116N	P06340
DIP-6047N	Q02763
DIP-31239N	P14678
DIP-32928N	Q14498
DIP-33107N	Q8WWI1
DIP-29259N	Q00722
DIP-286N	Q13158
DIP-687N	Q00534
DIP-46273N	O95631
DIP-44126N	Q15116
DIP-29493N	P23381
DIP-475N	P60568
DIP-333N	P43351
DIP-27591N,DIP-29941N	P51787
DIP-56N	P19388
DIP-59618N	P28845
DIP-1166N	P06702
DIP-42704N	O00429
DIP-146N	P49716
DIP-42826N	P30622
DIP-44182N	P42677
DIP-1118N	P01023
DIP-27562N	Q93008
DIP-3024N	P43489
DIP-61183N	Q9UBK8
DIP-29042N	O00401
DIP-5977N	P14416
DIP-24207N	Q10567
DIP-40371N	Q07866
DIP-1061N	P15498
DIP-61363N	Q6NSJ5
DIP-29691N	O43913
DIP-53597N	Q9C0C7
DIP-28133N	Q9NS87
DIP-30996N	Q99962
DIP-38218N	Q14141
DIP-37515N	Q9HB90
DIP-50081N	O75909
DIP-3021N	Q07011
DIP-42605N	Q14449
DIP-36433N	P40937
DIP-29692N	Q9Y5N6
DIP-46274N	Q9HB63
DIP-29571N	Q15369
DIP-38114N	Q15652
DIP-29221N	Q03164
DIP-47535N	P36404
DIP-31597N	P84077
DIP-41751N	Q13330
DIP-33075N	Q9UKK6
DIP-36673N	O75530
DIP-32595N	P49336
DIP-44649N	P55212
DIP-58524N	O94916
DIP-53426N	Q8TD16
DIP-407N	P19438
DIP-32941N	Q9NR30
DIP-48951N	Q9Y5I7
DIP-24203N	O60566
DIP-5767N	P01133
DIP-34501N	Q16630
DIP-35053N	P11474
DIP-46662N	Q15011
DIP-29211N	O95477
DIP-46292N	P55064
DIP-60652N	P43308
DIP-48536N	Q96QV1
DIP-78N	P20333
DIP-46313N	Q15466
DIP-32964N	O94762
DIP-39882N	P32119
DIP-47303N	Q5SYE7
DIP-31131N	Q99547
DIP-59219N	P00797
DIP-33069N	P61326
DIP-29753N	P10636
DIP-42501N	Q9UKF6
DIP-46276N	O95185
DIP-5777N	P26992
DIP-35263N	Q9UKL0
DIP-6055N	P61769
DIP-668N	P28827
DIP-29894N	Q9Y676
DIP-61361N	Q6P9F7
DIP-53652N	Q9UGL1
DIP-47395N	Q9UNS1
DIP-31219N	P62316
DIP-61455N	P08173
DIP-716N	P29084
DIP-29760N	Q9GZQ8
DIP-29077N	Q9UBQ0
DIP-29075N	O75436
DIP-2996N	Q06643
DIP-29847N	Q9NQT5
DIP-5980N	Q14192
DIP-34296N	Q9ULG1
DIP-5823N	P43026
DIP-54283N	Q96QG7
DIP-426N	Q13625
DIP-60839N	Q8N697
DIP-56224N	Q99549
DIP-39776N	O60885
DIP-33603N	Q14676
DIP-59769N	P36888
DIP-60169N	Q9BZQ4
DIP-33490N	Q8IUC6
DIP-391N	P48061
DIP-35671N	P49137
DIP-33474N	P46821
DIP-37898N	P09914
DIP-31663N	Q9UK73
DIP-4016N	P22607
DIP-34578N	Q9NRY4
DIP-33324N	Q9H9A7
DIP-39133N	Q9NQR1
DIP-41002N	Q13224
DIP-60947N	O14669
DIP-630N	P10912
DIP-41788N	Q9Y5B0
DIP-53269N	Q92526
DIP-5737N	P01127
DIP-27537N	O95602
DIP-31731N	Q99459
DIP-386N	P04141
DIP-34636N	Q9UHX1
DIP-155N	P31314
DIP-5978N	Q12888
DIP-32870N	O15371
DIP-27518N	O43353
DIP-6018N	P01574
DIP-31044N	P78536
DIP-6029N	Q04912
DIP-29268N	Q99942
DIP-180N	Q12802
DIP-50420N	Q9NZZ3
DIP-34442N	P54725
DIP-33198N	P61254
DIP-44020N	Q8N1F7
DIP-5933N	P82094
DIP-29937N	Q9Y265
DIP-31605N	P53667
DIP-29408N	P61247
DIP-6231N	Q9UBN6
DIP-31142N	O14908
DIP-34596N	Q9Y2K7
DIP-60263N	Q9Y235
DIP-36801N	P21673
DIP-36474N	Q8NG31
DIP-58547N	Q8IYB4
DIP-32536N	P08151
DIP-1052N	P17275
DIP-29367N	P60900
DIP-29568N	Q8WXH5
DIP-43904N	Q86Y01
DIP-37783N	P49427
DIP-6057N	P61970
DIP-57045N	Q14493
DIP-144N	P20936
DIP-41762N	P57775
DIP-40262N	P05091
DIP-59333N	Q9H497
DIP-46470N	P01275
DIP-308N	P15104
DIP-50271N	Q66GS9
DIP-56781N	Q8NC44
DIP-60629N	Q9NNX6
DIP-33855N	P56945
DIP-41680N	P13984
DIP-48825N	O95994
DIP-37675N	O60894
DIP-50001N	Q9P0U4
DIP-552N	P13861
DIP-35N	P06493
DIP-140N	P26006
DIP-48792N	P33032
DIP-39777N	Q9P0L2
DIP-37674N	Q16602
DIP-6136N	P13726
DIP-48768N	P23415
DIP-47737N	Q9BYM8
DIP-24192N	Q14565
DIP-60727N	Q86U44
DIP-1098N	P12004
DIP-39709N	Q7L7X3
DIP-39340N	Q96JM2
DIP-29215N	Q9BXH1
DIP-5938N	P37023
DIP-31205N	Q9UBU7
DIP-31462N	O75448
DIP-34068N	O00170
DIP-50126N	Q96PK6
DIP-28131N	P35354
DIP-56683N	Q9NVF7
DIP-59992N	P21589
DIP-48898N	O75081
DIP-31180N	Q9P0J0
DIP-38868N	P15311
DIP-48676N	Q9UN81
DIP-173N	P31785
DIP-3785N	Q14116
DIP-34493N	Q15645
DIP-6016N	Q08334
DIP-40743N	P06454
DIP-39125N	P02741
DIP-33406N	P61981
DIP-59509N	Q8WVJ2
DIP-29987N	Q15418
DIP-56176N	P61925
DIP-27616N	O15446
DIP-42222N	Q9UNL4
DIP-29650N	Q15303
DIP-31767N	Q15906
DIP-29397N	Q06190
DIP-48652N	Q9P2Y5
DIP-57185N	Q15007
DIP-2928N	P36941
DIP-34646N	Q9H1D9
DIP-33804N	P21580
DIP-39855N	P42226
DIP-33543N	P55072
DIP-61245N	O14595
DIP-56941N	P02776
DIP-24195N	P09429
DIP-37884N	Q6P1J9
DIP-59650N	P21549
DIP-36478N	Q9H900
DIP-34546N	Q92905
DIP-35127N	P20585
DIP-40392N	P22736
DIP-41449N	P07949
DIP-30985N	P27361
DIP-40182N	P16144
DIP-40367N	P48729
DIP-6161N	P13804
DIP-37967N	P62917
DIP-34634N	P29074
DIP-29619N	P02647
DIP-61433N	O00712
DIP-641N	P19793
DIP-31507N	P62753
DIP-1125N	P07357
DIP-41911N	Q13404
DIP-61486N	Q9BUH6
DIP-43901N	Q6IBW4
DIP-56928N	Q96QB1
DIP-60913N	Q9Y5U4
DIP-5961N	P05412
DIP-31016N	Q13153
DIP-31372N	Q9NZL6
DIP-57N	P17181
DIP-40821N	Q13393
DIP-50750N	P60604
DIP-36584N	Q9BZS1
DIP-17014N	P62877
DIP-31514N	P12755
DIP-24202N	O15350
DIP-17011N	Q13309
DIP-5883N	O15444
DIP-3224N	P35225
DIP-38150N	P62333
DIP-29613N	Q7KZF4
DIP-3512N	Q13651
DIP-29689N	Q13416
DIP-59914N	Q9H668
DIP-29724N	P08236
DIP-47511N	Q9H4L4
DIP-428N	Q13029
DIP-6124N	P68036
DIP-38333N	P06727
DIP-61607N	Q6NW40
DIP-34654N	P50542
DIP-32976N	Q96A65
DIP-60107N	Q7LC44
DIP-29007N	Q07666
DIP-42607N	Q9BYX4
DIP-47269N	P49321
DIP-34898N	Q96HC4
DIP-34448N	Q15475
DIP-41247N	O43502
DIP-42197N	Q14432
DIP-58517N	Q96L73
DIP-60687N	Q496J9
DIP-48830N	Q7Z4H7
DIP-39827N	Q9UM47
DIP-4019N	P11362
DIP-24212N	Q15648
DIP-56190N	Q8J025
DIP-56844N	Q9H0U6
DIP-59894N	Q9BXB1
DIP-49051N	Q8NEY8
DIP-30998N	Q96R06
DIP-57000N	Q9Y2Q5
DIP-38309N	Q13009
DIP-1042N	P00519
DIP-36652N	O95271
DIP-59536N	Q8IZU3
DIP-34001N	O43189
DIP-35422N	O95347
DIP-40644N	P63272
DIP-50705N	Q9Y2B0
DIP-60454N	Q969G6
DIP-41180N	P25685
DIP-5893N	P02778
DIP-35710N	Q86YF9
DIP-60388N	P16050
DIP-46348N	Q13568
DIP-3044N	P13232
DIP-33171N	Q16658
DIP-47435N	P61421
DIP-31270N	Q9NS23
DIP-40359N	Q02241
DIP-4017N	P08620
DIP-29516N	Q99683
DIP-60558N	Q9UI42
DIP-61360N	Q8IWT6
DIP-5935N	P36897
DIP-29607N	P29972
DIP-59311N	O75874
DIP-5986N	P45973
DIP-5981N	Q13683
DIP-3155N	P15248
DIP-5744N	Q14563
DIP-31734N	P30281
DIP-38571N	Q9Y6Y9
DIP-3773N	P42701
DIP-33195N	Q92743
DIP-29132N	P30101
DIP-59408N	Q9UBU2
DIP-29053N	Q93009
DIP-34868N	Q9NYB0
DIP-34547N	Q9HAV4
DIP-31613N	P11940
DIP-504N	Q16533
DIP-39638N	P0C0S8
DIP-51635N	Q9ULQ0
DIP-38112N	P41134
DIP-31023N	P60896
DIP-34757N	Q9UNP9
DIP-29731N	Q9NZQ7
DIP-29246N	Q9NZI2
DIP-29598N	O75716
DIP-46245N	Q6EMK4
DIP-60013N	P53539
DIP-61343N	Q9NYG8
DIP-49959N	Q96BY2
DIP-24254N,DIP-34896N	O75943
DIP-32711N	Q86V81
DIP-34890N	Q8WXD9
DIP-40707N	O00167
DIP-622N	P10589
DIP-31304N	Q9NQS7
DIP-48598N	O15554
DIP-42785N	P07858
DIP-24171N	Q8N726
DIP-42852N	P42262
DIP-59418N	Q9NZD2
DIP-1021N	P11277
DIP-39879N	P51149
DIP-33819N	Q8NC51
DIP-39N	P13647
DIP-41629N	Q9UMX0
DIP-36620N	P09936
DIP-28150N	Q15542
DIP-5998N	Q92993
DIP-38642N	Q969F2
DIP-59459N	Q9Y2W6
DIP-37952N	O00482
DIP-32953N	Q13428
DIP-61416N	P48735
DIP-31726N	P25205
DIP-96N	P29317
DIP-29080N	P63165
DIP-39892N	O43303
DIP-599N	P62873
DIP-46289N	Q96D31
DIP-37596N	P12081
DIP-43878N	Q13765
DIP-35546N	P52594
DIP-3779N	P25024
DIP-31459N	Q93074
DIP-45969N	Q8TDY2
DIP-29641N	Q9Y4D1
DIP-35597N	Q9H0R8
DIP-32484N	P52948
DIP-49946N	Q5VT06
DIP-520N	P27037
DIP-639N	P16333
DIP-36053N	Q86YP4
DIP-33979N	Q06547
DIP-40997N	P60468
DIP-56150N	Q9UK61
DIP-29452N	Q99961
DIP-52907N	Q6PJ61
DIP-29014N	O00267
DIP-38122N	Q8N163
DIP-29062N	P61077
DIP-31365N	Q14203
DIP-32908N	Q96RN5
DIP-50660N	O43156
DIP-39698N	Q08345
DIP-61303N	Q9UL17
DIP-29711N	P23769
DIP-35416N	P18754
DIP-27626N	P98170
DIP-48923N	Q8N3Y3
DIP-31002N	P29350
DIP-61157N	O15503
DIP-29651N	Q9Y3M2
DIP-288N	P16471
DIP-48674N	Q12996
DIP-34464N	Q8IXK0
DIP-24216N	P39748
DIP-61456N	Q9Y5N1
DIP-38423N	P43146
DIP-38172N	Q9BQA1
DIP-36423N	Q13042
DIP-48977N	Q9Y698
DIP-47494N	O75154
DIP-29875N	Q92900
DIP-31733N	O96020
DIP-708N	P32780
DIP-29896N	P00742
DIP-5765N	P01135
DIP-58572N	P01594
DIP-59187N	P18564
DIP-31627N	Q8N5D0
DIP-56857N	Q8N5Y2
DIP-6002N	Q05086
DIP-61021N	P60006
DIP-48824N	Q02817
DIP-32605N	O14893
DIP-29404N	O15355
DIP-33486N	Q96CA5
DIP-6020N	P01562
DIP-46463N	O94992
DIP-31456N	O75586
DIP-28152N	Q15393
DIP-59635N	P01236
DIP-5964N	P48552
DIP-40642N	P33981
DIP-38165N	Q8IWV8
DIP-1062N	P29597
DIP-27523N	O43318
DIP-60626N	Q8WTU0
DIP-36359N	P16403
DIP-29891N	O60563
DIP-935N	Q16611
DIP-44919N	Q8IY57
DIP-36294N	P08588
DIP-48947N	Q8IXB1
DIP-34520N	Q9H446
DIP-30925N	Q92569
DIP-644N	P18074
DIP-31789N	Q9UBU9
DIP-56409N	P42568
DIP-61302N	P23771
DIP-58104N	Q96CB9
DIP-31100N	P26718
DIP-29845N	P26651
DIP-576N	P04150
DIP-47346N	Q8N6T7
DIP-41775N	P07305
DIP-40550N	P01583
DIP-46479N	P61758
DIP-33053N	P29590
DIP-47396N	Q49AN0
DIP-33935N	O43889
DIP-6167N	P01854
DIP-42697N	Q13432
DIP-48955N	P56856
DIP-31725N	O75419
DIP-41787N	Q9BX63
DIP-48719N	P46736
DIP-38449N	Q9UBK2
DIP-50870N	O95863
DIP-40089N	P32121
DIP-43894N	P19022
DIP-50682N	Q8IY63
DIP-29267N	P62837
DIP-61382N	P48740
DIP-31225N	Q01831
DIP-35100N	O14777
DIP-137N	Q03405
DIP-40814N	Q9NR80
DIP-57224N	O96028
DIP-35389N	P35240
DIP-34427N	Q13227
DIP-1077N	Q00403
DIP-6N	P08700
DIP-29076N	Q96QK1
DIP-48848N	P09913
DIP-61027N	O14770
DIP-39854N	Q14765
DIP-30886N	P27540
DIP-37896N	Q7Z2W4
DIP-59359N	P35228
DIP-40794N	Q14155
DIP-60649N	Q99755
DIP-37651N	P11177
DIP-31266N	Q15024
DIP-477N	P12830
DIP-45850N	Q01813
DIP-37632N	O95714
DIP-60550N	Q9UGU5
DIP-60954N	O15354
DIP-38657N	Q13418
DIP-61459N	Q8TDQ0
DIP-5991N	P10828
DIP-40331N	Q9BZW8
DIP-5971N	P38398
DIP-31515N	Q96ST3
DIP-3223N	P24394
DIP-29509N	Q06787
DIP-33062N	O95630
DIP-5966N	Q92731
DIP-24185N	Q16254
DIP-41797N	Q9BXL7
DIP-60431N	Q9NY59
DIP-29454N	Q969G2
DIP-33491N	O15294
DIP-624N	P10243
DIP-29348N	Q9UJ41
DIP-29024N	O75695
DIP-29043N	P53041
DIP-390N	Q16623
DIP-33584N	P40763
DIP-60603N	Q8TDG4
DIP-41354N	P02788
DIP-1078N	P20226
DIP-61775N	P57764
DIP-33829N	O95613
DIP-43982N	Q86TM6
DIP-39391N	Q92558
DIP-42379N	Q9UJM3
DIP-601N	P16520
DIP-31622N	O15085
DIP-48538N	O43323
DIP-60444N	O43739
DIP-24225N	Q8IWY9
DIP-41010N	Q9UHK0
DIP-29713N	P24468
DIP-24217N	P24522
DIP-29933N	P04156
DIP-35017N	P02511
DIP-31762N	Q9H0E9
DIP-60359N	Q8TAM2
DIP-60349N	Q9NPJ1
DIP-392N	Q00987
DIP-175N	P29466
DIP-24206N	O43683
DIP-29496N	P10515
DIP-31321N	Q7KZI7
DIP-59533N	Q6UX06
DIP-29382N	Q9BXW9
DIP-717N	P29083
DIP-50902N	P82664
DIP-33178N	Q9Y281
DIP-41827N	Q01959
DIP-44941N	P00441
DIP-48675N	O95639
DIP-53755N	Q58A45
DIP-460N	P34932
DIP-5929N	P62826
DIP-40365N	P40818
DIP-48281N	P48553
DIP-29684N	Q5S007
DIP-30891N	Q13263
DIP-60967N	Q3LXA3
DIP-31315N	Q8TEW0
DIP-24199N	O15151
DIP-29633N	Q9UHB6
DIP-42188N	P49257
DIP-29946N	Q9UJU2
DIP-39353N	Q02218
DIP-44566N	Q9HC52
DIP-27579N	O95163
DIP-48433N	P24593
DIP-713N	Q02535
DIP-56069N	Q9UPY8
DIP-31465N	Q6P2C8
DIP-40438N	O94979
DIP-47N	P15260
DIP-42031N	Q8N6P7
DIP-27587N	O15160
DIP-38154N	Q99880
DIP-59202N	Q92828
DIP-34467N	O00444
DIP-29079N	P46060
DIP-29023N	Q7Z417
DIP-31114N	Q14152
DIP-34554N	P60880
DIP-371N	P00813
DIP-50092N	Q13895
DIP-29016N	P50750
DIP-31N	P13501
DIP-48795N	Q7Z6A9
DIP-24222N	Q15078
DIP-56491N	Q14678
DIP-24218N	O95257
DIP-31449N	Q9H944
DIP-31451N	Q9NVC6
DIP-59332N	Q5JU69
DIP-48486N	Q9UMR2
DIP-33150N	P63167
DIP-29735N	P41221
DIP-394N	Q16619
DIP-59369N	P20702
DIP-48847N	Q86WV6
DIP-36129N	P33240
DIP-29391N	Q14185
DIP-48631N	Q9BTM9
DIP-32944N	Q8TEX9
DIP-5953N	P21246
DIP-39067N	P18887
DIP-61048N	Q17R98
DIP-46519N	O94776
DIP-60525N	P24844
DIP-17015N	O43516
DIP-56603N	O15534
DIP-42791N	Q16625
DIP-60755N	Q8NFR3
DIP-41782N	Q8NB16
DIP-50866N	Q02790
DIP-36660N	O43924
DIP-42040N	P78380
DIP-42832N	O95140
DIP-53711N	Q4VCS5
DIP-27556N	P52434
DIP-5987N	Q14739
DIP-38342N	Q96CF2
DIP-38185N	P49790
DIP-29606N	Q6B0I6
DIP-60519N	Q15771
DIP-57614N	Q96NW4
DIP-58584N	Q14669
DIP-29974N	Q08881
DIP-33197N	O15144
DIP-33534N	Q96J94
DIP-37871N	Q9Y296
DIP-60653N	Q9BSB4
DIP-38245N	Q9UNN5
DIP-53666N	Q9NP77
DIP-48413N	Q9BRP8
DIP-50239N	Q9Y4E8
DIP-50256N	Q9H0J4
DIP-1107N	P01033
DIP-44034N	Q96EP0
DIP-31244N	P50570
DIP-29876N	P47992
DIP-46249N	Q8NFT8
DIP-48897N	Q9BWW4
DIP-50415N	P54577
DIP-38479N	P29474
DIP-42204N	O15117
DIP-44938N	P26447
DIP-47377N	Q96FF9
DIP-61628N	Q96JG6
DIP-3776N	Q14626
DIP-3222N	P05112
DIP-38023N	Q9UKT4
DIP-24219N	O75293
DIP-58580N	Q92800
DIP-46910N	Q8IXJ9
DIP-40999N	P29475
DIP-31461N	Q9ULK4
DIP-31166N	Q9H0D6
DIP-52405N	Q9P1Y5
DIP-27529N	Q9UHD2
DIP-48835N	Q96CS2
DIP-36125N	Q9Y3I1
DIP-33117N	Q9BZF9
DIP-435N	Q16594
DIP-346N	P20783
DIP-48484N	Q92945
DIP-48539N	Q71F23
DIP-44954N	A5YKK6
DIP-56658N	Q9UPN4
DIP-27535N,DIP-24239N	Q00653
DIP-48796N	P68106
DIP-5738N	P49767
DIP-31380N	Q14191
DIP-48605N	O95503
DIP-6185N	P28068
DIP-32926N	Q9Y2X3
DIP-46035N	Q9GZX6
DIP-48836N	Q9NVX0
DIP-24214N	P51587
DIP-46208N	P07320
DIP-38427N	Q86YC2
DIP-49N	P11831
DIP-48786N	Q9H251
DIP-127N	P32927
DIP-41328N	Q9NPJ4
DIP-59096N	Q9NS28
DIP-61535N	Q9H0F7
DIP-32488N	Q96FA3
DIP-83N	P19447
DIP-27566N	Q04917
DIP-61367N	Q05823
DIP-31019N	Q92918
DIP-61583N	A1YPR0
DIP-44565N	O95931
DIP-5736N	P16234
DIP-42509N	Q969T9
DIP-42500N	Q9P2I0
DIP-5769N	P15018
DIP-6108N	P42771
DIP-29011N	P24928
DIP-396N	P42229
DIP-33686N	P22314
DIP-17023N	P23468
DIP-24194N	P13051
DIP-412N	P04792
DIP-29082N	Q14671
DIP-52255N	Q9UPX8
DIP-660N	P15407
DIP-60344N	Q19T08
DIP-28145N	P61244
DIP-60457N	Q9Y5S8
DIP-6006N	Q14005
DIP-104N	P27797
DIP-48480N	P23193
DIP-29409N	Q96I25
DIP-60163N	P20839
DIP-59097N	Q9Y5W5
DIP-40645N	O60832
DIP-34242N	P46734
DIP-29665N	Q15633
DIP-33556N	P25054
DIP-33876N	P06241
DIP-40268N	P51153
DIP-33880N	O60674
DIP-50593N	P50395
DIP-40798N	Q12879
DIP-29266N	Q15843
DIP-60252N	Q96BD5
DIP-5940N	Q03167
DIP-27533N	O00221
DIP-28147N	O75529
DIP-29334N	Q9BRT9
DIP-48837N	Q9H6D7
DIP-38051N	O15055
DIP-57522N	Q13255
DIP-47606N	Q9P2R6
DIP-29971N	Q16236
DIP-35058N	P43487
DIP-39480N	Q9BPZ7
DIP-56121N	O60242
DIP-56410N	Q8TEK3
DIP-29915N	Q96L91
DIP-29973N	P55210
DIP-46464N	Q6TCH7
DIP-29849N	Q96J02
DIP-48376N	Q92759
DIP-43883N	Q9NRM7
DIP-48656N	Q4FZB7
DIP-6063N	P01903
DIP-59373N	Q9Y6R1
DIP-29272N	Q9UQB8
DIP-38244N	P05166
DIP-32655N	Q7L5N1
DIP-44678N	Q58WW2
DIP-36479N	P50748
DIP-29335N	Q92973
DIP-34769N	O00206
DIP-48534N	Q7LBR1
DIP-274N	P52333
DIP-38339N	P02790
DIP-39082N	Q9BY43
DIP-1121N	P16070
DIP-40988N	P10914
DIP-35606N	P42081
DIP-427N	P36896
DIP-59352N	Q5VIR6
DIP-34509N	Q92997
DIP-57177N	P02461
DIP-48761N	Q8WV16
DIP-59893N	O60353
DIP-31312N	Q9NPB6
DIP-54492N	O14735
DIP-31116N	Q13347
DIP-50289N	Q8IWA4
DIP-29194N	Q9UKV8
DIP-35287N	Q8IX03
DIP-35670N	Q00613
DIP-44186N	O15397
DIP-31309N	Q16637
DIP-3045N	P16871
DIP-36614N	Q5FBB7
DIP-29324N	P25391
DIP-39164N	P15531
DIP-4018N	P12034
DIP-38627N	Q9UL03
DIP-5824N	P08476
DIP-49927N	Q99435
DIP-53786N	Q9BRJ2
DIP-38195N,DIP-221N	P62136
DIP-60961N	Q9UN42
DIP-46564N	Q8NFJ9
DIP-32489N	Q8N5C8
DIP-59939N	O14931
DIP-38303N	P08603
DIP-46009N	O15516
DIP-50310N	P35613
DIP-33700N	Q92843
DIP-43703N	P61006
DIP-32880N	Q9UBQ5
DIP-29986N	P23443
DIP-33245N	O43432
DIP-53412N	Q9UBW8
DIP-32650N	O15360
DIP-58613N	Q9NZS2
DIP-43686N	P42167
DIP-312N	P05556
DIP-39481N	Q9BVC4
DIP-59714N	Q12860
DIP-48629N	Q96AY2
DIP-38301N	P02794
DIP-59443N	Q8N5H7
DIP-474N	P01584
DIP-29099N	Q7Z589
DIP-61079N	O15551
DIP-32946N	Q9NTJ3
DIP-45635N	P05155
DIP-46402N	P58400
DIP-36709N	Q9HCE7
DIP-24227N	Q01094
DIP-4010N	P21781
DIP-5789N	P21741
DIP-31468N	Q9UHV7
DIP-5909N	P19876
DIP-57843N	Q8N1B4
DIP-33116N	P12235
DIP-5960N	Q03135
DIP-36424N	O60500
DIP-24248N	P35232
DIP-53658N	Q9BVW5
DIP-29349N	Q9UL25
DIP-59563N	Q93038
DIP-60463N	P50549
DIP-48793N	Q96G30
DIP-53556N	Q6ZVD8
DIP-29458N	Q96NA2
DIP-480N	P06213
DIP-29664N	Q9UPY3
DIP-36698N	O14503
DIP-32871N	P25705
DIP-36707N	Q13950
DIP-48937N	P40967
DIP-29554N	Q9GZM8
DIP-41844N	P28223
DIP-53627N	Q01664
DIP-29165N	P46109
DIP-34476N	Q9C005
DIP-50657N	Q99594
DIP-31098N	Q9BST9
DIP-31316N	Q9Y376
DIP-5913N	P02775
DIP-60358N	Q3SYG4
DIP-56480N	Q96E14
DIP-60468N	Q8NE86
DIP-59001N	P55201
DIP-61333N	Q86YL7
DIP-42177N	P15882
DIP-61332N	Q9P126
DIP-32N	P13747
DIP-23N	P11166
DIP-40741N	Q13242
DIP-24170N	Q9NXV6
DIP-1165N	P05109
DIP-37631N	Q9UBG0
DIP-29722N	Q16665
DIP-17041N	O00291
DIP-32937N	Q14980
DIP-48685N	Q9P2D1
DIP-60155N	O95727
DIP-61537N	Q9NQG5
DIP-60957N	Q9UIB8
DIP-2929N	P32971
DIP-61155N	Q9Y6H5
DIP-41265N	P02489
DIP-3023N	P23510
DIP-5847N	P80098
DIP-48673N	Q8N7H5
DIP-34971N	P13612
DIP-37544N	Q14204
DIP-31632N	Q96SN8
DIP-24188N	P12956
DIP-36358N	Q92522
DIP-43899N	Q15003
DIP-32910N	P30876
DIP-31366N	P78344
DIP-431N	P42768
DIP-182N	Q13315
DIP-304N	P05106
DIP-39785N	Q13882
DIP-41742N	P28799
DIP-60981N	Q96FE5
DIP-159N	P15173
DIP-34518N	O95967
DIP-33857N	O75815
DIP-61763N	Q15465
DIP-33557N	P21980
DIP-5723N	Q16288
DIP-40928N	Q14118
DIP-53643N	Q8IVD9
DIP-44226N	O75379
DIP-29119N	P36507
DIP-5996N	P51946
DIP-31124N	O95453
DIP-106N	P19838
DIP-34530N	Q96GD4
DIP-29241N	Q9Y294
DIP-42473N	P84090
DIP-40857N	Q06413
DIP-98N	P20827
DIP-31374N	P10398
DIP-48762N	Q5TAQ9
DIP-42405N	Q12756
DIP-29026N	O00330
DIP-29405N	P67809
DIP-29394N	P30153
DIP-31696N	O60318
DIP-29749N	P37198
DIP-29586N	Q8WUF5
DIP-53299N	O75509
DIP-495N	Q15544
DIP-29654N	Q9Y6D9
DIP-2651N	P41182
DIP-31598N	Q99418
DIP-42683N	P13688
DIP-5968N	Q13105
DIP-61481N	Q0VGL1
DIP-24258N,DIP-24257N,DIP-24256N	Q9UK53
DIP-44225N	Q86Y82
DIP-60326N	Q6P589
DIP-29078N	P63279
DIP-29322N	Q9UKG1
DIP-61520N	O75762
DIP-29985N	P35555
DIP-41448N	Q14653
DIP-31221N	P62306
DIP-37451N	Q8IYW5
DIP-344N	P18847
DIP-966N	Q13424
DIP-5831N	O15467
DIP-24205N	O43684
DIP-32507N	P08670
DIP-36054N	Q8WXI9
DIP-40449N	Q12923
DIP-397N	P51617
DIP-263N	Q12772
DIP-24236N	O00255
DIP-36236N	Q9NQB0
DIP-5752N	P49763
DIP-24190N	P35244
DIP-29498N	Q15120
DIP-29019N	Q96HT8
DIP-29392N	Q13905
DIP-41115N	Q08499
DIP-47093N	Q16181
DIP-29419N	Q9ULD9
DIP-42098N	Q9H2K2
DIP-1037N	P07996
DIP-41232N	P15529
DIP-50059N	P14324
DIP-33836N	Q01130
DIP-46495N	Q8WXE1
DIP-37958N	P49917
DIP-5884N	P51686
DIP-31126N	Q8IU60
DIP-59940N	Q68D85
DIP-29736N	Q8WXI2
DIP-53288N	P14222
DIP-48651N	Q6ZNE5
DIP-48958N	Q9BT67
DIP-29481N	Q9BUW7
DIP-33720N	Q13489
DIP-31277N	P68104
DIP-6109N	P55273
DIP-47508N	Q9H6T3
DIP-39705N	Q9UQM7
DIP-31504N	Q08211
DIP-39370N	Q96RI1
DIP-34585N	Q9H9B1
DIP-34779N	Q92956
DIP-1083N	P02766
DIP-643N	P17948
DIP-60881N	Q9HAN9
DIP-30944N	Q13541
DIP-5848N	P51679
DIP-245N	Q16667
DIP-60357N	Q8N3I7
DIP-35727N	Q5VST9
DIP-48727N	O15431
DIP-61575N	P21554
DIP-50766N	Q9UQN3
DIP-277N	Q03052
DIP-33144N	O15511
DIP-44289N	P41220
DIP-37578N	O75962
DIP-33142N	Q92747
DIP-6027N	P11717
DIP-42066N	Q15256
DIP-39324N	Q16778
DIP-35199N	P69905
DIP-33187N	O15145
DIP-29487N	Q9Y2Z4
DIP-38198N	O94813
DIP-34409N	Q99426
DIP-24183N	P30307
DIP-27530N	Q14164
DIP-5931N	O43294
DIP-44158N	Q9HCE1
DIP-29570N	Q15370
DIP-1048N	P04049
DIP-33300N	Q9NRR4
DIP-6017N	P32881
DIP-44822N	P22001
DIP-6028N	P26927
DIP-47626N	Q86SZ2
DIP-6037N	O15520
DIP-398N	Q13596
DIP-56422N	Q15836
DIP-38203N	Q14997
DIP-48834N	Q9BT25
DIP-50647N	Q9HD42
DIP-29338N	P09651
DIP-1045N	P15056
DIP-61409N	Q8IV48
DIP-951N	Q9Y618
DIP-29748N	Q9Y6D6
DIP-355N	Q02297
DIP-27601N	P40692
DIP-37667N	P16109
DIP-39763N	O43741
DIP-46793N	O14617
DIP-29614N	Q6P2Q9
DIP-29682N	P16435
DIP-1050N	P01112
DIP-33868N	P16615
DIP-5918N	Q9NPB9
DIP-37861N	Q01638
DIP-48670N	Q14114
DIP-33495N	Q09028
DIP-41786N	Q6ZW49
DIP-33873N	P05141
DIP-1161N	Q04637
DIP-42668N	Q16186
DIP-42278N	P62995
DIP-61080N	P52306
DIP-31167N	Q13148
DIP-31659N	O75643
DIP-46469N	P09681
DIP-31727N	Q14566
DIP-38920N	Q5VWG9
DIP-36127N	Q9H4B6
DIP-29588N	Q9H3D4
DIP-29943N	P34741
DIP-46153N	P09382
DIP-48632N	Q7Z7A3
DIP-29942N	Q99996
DIP-40563N	P20711
DIP-53282N	Q8NCD3
DIP-24234N	P22674
DIP-53438N	Q9BPX6
DIP-52779N	Q8TEP8
DIP-42042N	O00257
DIP-48456N	Q9H6P5
DIP-60686N	Q6NYC1
DIP-41167N	O43566
DIP-33145N	P52597
DIP-40381N	Q9H0B6
DIP-48970N	Q9H0R6
DIP-50714N	Q5TB80
DIP-46140N	P42224
DIP-40376N	O43896
DIP-5855N	P32248
DIP-5999N	P49116
DIP-47627N	O43617
DIP-101N	P22897
DIP-5792N	P12643
DIP-46212N,DIP-36727N	Q9ULW0
DIP-5149N	P22455
DIP-31268N	Q9HCG8
DIP-41172N	P33151
DIP-30876N	Q9Y6Q9
DIP-24243N	Q07864
DIP-30919N	P78352
DIP-29304N	P18850
DIP-24253N	O15379
DIP-57562N	Q9H7M9
DIP-53676N	P49750
DIP-1043N	P10415
DIP-238N	Q14186
DIP-61530N	Q5T4F4
DIP-48356N	P32418
DIP-436N	Q16576
DIP-29969N	O15243
DIP-59212N	P20592
DIP-53028N	Q9H063
DIP-59888N	Q8N423
DIP-39632N	P22830
DIP-56109N	O14810
DIP-60585N	P22914
DIP-35493N	P01009
DIP-54486N	Q9H9G7
DIP-42757N	Q9Y5B9
DIP-40711N	Q02078
DIP-33068N	O14965
DIP-57493N	P05165
DIP-49052N	Q9H492
DIP-45623N	P17931
DIP-6129N	P10599
DIP-34929N	P51636
DIP-39993N	P43235
DIP-37882N	P49715
DIP-61860N	Q6ZVM7
DIP-50407N	Q9NZU0
DIP-29720N	P84022
DIP-385N	P02675
DIP-38700N	Q9UM11
DIP-32971N	P50991
DIP-31807N	Q9Y5K6
DIP-29755N	P60842
DIP-31255N	Q9UK80
DIP-31089N	Q9H211
DIP-38394N	Q9UBS5
DIP-5873N	P46092
DIP-150N	P25490
DIP-29199N	Q6KC79
DIP-40815N	Q12972
DIP-41554N	Q8WUW1
DIP-33485N	Q13490
DIP-40646N	O14746
DIP-39618N	O94921
DIP-42728N	P42336
DIP-46290N,DIP-34773N	P61073
DIP-36594N	Q9H8S9
DIP-32476N	P58335
DIP-37959N	Q9H9Q4
DIP-46517N	O95983
DIP-29488N	Q0JRZ9
DIP-924N	P25445
DIP-35251N	P63172
DIP-24265N	O75771
DIP-46446N	Q9NZ45
DIP-32648N	Q9H4A3
DIP-39375N	Q9Y2G4
DIP-50704N	Q9Y3Z3
DIP-24252N	P78347
DIP-37549N	Q9UNH7
DIP-29187N	P01857
DIP-32521N	P04406
DIP-3772N	P29459
DIP-6242N	O14798
DIP-5865N	P51684
DIP-24220N	Q92769
DIP-46566N	Q8IWZ6
DIP-32669N	P18615
DIP-5914N	O43927
DIP-52713N	O15164
DIP-5776N	P26441
DIP-60912N	Q96MN2
DIP-44071N	Q86X55
DIP-39948N	Q08722
DIP-201N	Q02750
DIP-60187N,DIP-31618N	Q14999
DIP-41933N,DIP-6021N	P05019
DIP-60563N	O60499
DIP-38435N	O75791
DIP-42272N	Q8NEB9
DIP-34630N	O15169
DIP-563N	P63104
DIP-523N	P35568
DIP-37654N	P49792
DIP-1120N	P02649
DIP-875N	P11802
DIP-42075N	Q99627
DIP-46087N	Q14061
DIP-31512N	Q13485
DIP-42855N	P04234
DIP-24269N	P31749
DIP-413N	P08238
DIP-24260N	P49459
DIP-40302N	Q15223
DIP-41692N	P17861
DIP-52325N	Q9Y3Q4
DIP-48396N	P20393
DIP-33131N	Q03001
DIP-5838N	P13500
DIP-33967N	O14522
DIP-53626N	Q9Y4X5
DIP-32511N	Q8WYH8
DIP-43981N	Q96PM5
DIP-39755N	Q15059
DIP-32865N	Q99613
DIP-31181N	P48643
DIP-61511N	O00755
DIP-34368N	P10644
DIP-56862N	Q68DK7
DIP-6096N	P63098
DIP-39699N	Q16832
DIP-29844N	P17844
DIP-3511N	P22301
DIP-3787N	P05230
DIP-59052N	P56159
DIP-3156N	Q01113
DIP-29615N	Q6UWZ7
DIP-38418N	Q9UBP0
DIP-54262N	Q9UPN9
DIP-50826N	Q14CX7
DIP-149N	P24864
DIP-35345N	P17676
DIP-29451N	Q8WXD2
DIP-33323N	Q13472
DIP-36572N	Q13542
DIP-32930N	O95071
DIP-60521N	Q14964
DIP-6022N	Q04756
DIP-6146N	P12694
DIP-31379N	P13010
DIP-40986N	Q9UKL3
DIP-34065N	P19429
DIP-33391N	Q68CP9
DIP-46466N	O94817
DIP-50187N	P19532
DIP-29595N	P11172
DIP-577N	P11137
DIP-32491N	Q13043
DIP-33156N	P62829
DIP-44689N	Q9BYF1
DIP-44939N	P41002
DIP-43776N	Q13351
DIP-31273N	P14618
DIP-27586N	O00505
DIP-35257N	Q96B01
DIP-2997N	P48023
DIP-36658N	P05362
DIP-29027N	P09622
DIP-59966N	Q8IUX4
DIP-36672N	Q9GZS3
DIP-677N	P35269
DIP-43903N	P42695
DIP-32877N	P22626
DIP-5908N	P19875
DIP-34291N	P15153
DIP-953N	P17947
DIP-34443N	Q13501
DIP-38189N	P55036
DIP-29003N	Q96IZ0
DIP-42428N	P02730
DIP-31280N	Q7L1W4
DIP-59718N	Q9BZE1
DIP-90N	P18428
DIP-5832N	P32246
DIP-46151N	Q9HD67
DIP-56233N	Q8NI22
DIP-1134N	P49768
DIP-32912N	O15514
DIP-53216N	Q10589
DIP-257N	Q09472
DIP-48622N	Q96A54
DIP-22N	P06730
DIP-31800N	O43187
DIP-60682N	O95136
DIP-36422N	P30260
DIP-60948N	Q9HBL0
DIP-60264N	Q8IV04
DIP-44199N	Q9BWF3
DIP-41699N	O75461
DIP-5857N	Q99731
DIP-29017N	Q9UBU8
DIP-59562N	O95150
DIP-24264N,DIP-48627N	Q7LG56
DIP-60769N	Q8IWE4
DIP-38956N	Q8TAD8
DIP-29060N	Q9UKV5
DIP-31463N	Q9Y2X0
DIP-29688N	Q13415
DIP-31121N	Q13586
DIP-31795N	Q96KP1
DIP-53525N	Q9H9Q2
DIP-50536N	Q9UGJ1
DIP-41063N	P78406
DIP-635N	P15509
DIP-55771N	P14735
DIP-60142N	Q8NHV1
DIP-32979N	P07237
DIP-48283N	Q8WVT3
DIP-43896N	Q96QV6
DIP-40185N	Q96CG3
DIP-53590N	P62068
DIP-48476N	Q8N201
DIP-48998N	Q01668
DIP-58523N	P20916
DIP-60822N	Q8N365
DIP-46250N	Q14126
DIP-24229N	Q15329
DIP-36077N	P02452
DIP-40306N	Q99707
DIP-48295N	P52798
DIP-59093N	P57771
DIP-61231N	P43356
DIP-5795N	P12644
